# Blender 3.6.5
# www.blender.org
mtllib house.mtl
o farm_lvl5
v 0.540166 0.000000 -0.714393
v 0.540166 -0.000000 -0.949423
v 0.540166 0.027361 -0.714393
v 0.540166 0.027361 -0.949423
v 0.521624 0.028779 -0.738430
v 0.521624 0.028779 -0.933090
v 0.540904 0.151208 -0.714426
v 0.540904 0.151208 -0.772477
v 0.540904 0.207095 -0.772477
v 0.540904 0.207095 -0.714426
v 0.540904 0.151208 -0.895675
v 0.540904 0.207095 -0.895675
v 0.540904 0.151208 -0.950486
v 0.540904 0.207095 -0.950486
v 0.533154 0.023977 -0.721924
v 0.533154 0.023977 -0.764979
v 0.533154 0.151208 -0.764979
v 0.533154 0.151208 -0.721924
v 0.494107 0.151208 -0.764979
v 0.520760 0.021590 -0.853500
v 0.520760 0.021590 -0.903869
v 0.520760 0.152732 -0.903869
v 0.520760 0.152732 -0.853500
v 0.520760 0.021590 -0.761855
v 0.520760 0.021590 -0.812224
v 0.520760 0.152732 -0.812224
v 0.520760 0.152732 -0.761855
v 0.508336 0.152732 -0.853500
v 0.508336 0.021590 -0.853500
v 0.508336 0.021590 -0.812224
v 0.508336 0.152732 -0.812224
v 0.494107 0.080720 -0.764979
v 0.533154 0.080720 -0.764979
v 0.533154 0.080720 -0.721924
v 0.533154 0.023977 -0.899800
v 0.494276 0.080720 -0.899774
v 0.533154 0.080720 -0.899800
v 0.533154 -0.000000 -0.942909
v 0.533154 0.080720 -0.942909
v 0.533154 0.151208 -0.942909
v 0.533154 0.151208 -0.899854
v 0.494444 0.151208 -0.899854
v 0.517605 0.151208 -0.714426
v 0.517605 0.151208 -0.772477
v 0.517605 0.207095 -0.772477
v 0.517605 0.207095 -0.714426
v 0.517605 0.151208 -0.895675
v 0.517605 0.207095 -0.895675
v 0.517605 0.151208 -0.950486
v 0.517605 0.207095 -0.950486
v 0.313065 0.207095 -0.950486
v 0.540904 0.151208 -0.916898
v 0.313065 0.151208 -0.916898
v 0.313065 0.151208 -0.714426
v 0.313065 0.207095 -0.714426
v 0.540904 0.151208 -0.752355
v 0.502358 0.023977 -0.721924
v 0.502358 0.151208 -0.721924
v 0.502358 0.080720 -0.721924
v 0.313065 0.023977 -0.721924
v 0.499964 -0.000000 -0.942909
v 0.499964 0.080720 -0.942909
v 0.499964 0.151208 -0.942909
v 0.287573 0.080720 -0.942909
v 0.287573 -0.000000 -0.942909
v 0.287573 0.151208 -0.942909
v 0.499964 0.080720 -0.915906
v 0.499964 0.151208 -0.915906
v 0.287573 0.080720 -0.915906
v 0.287573 0.151208 -0.915906
v 0.502358 0.151208 -0.745100
v 0.502358 0.080720 -0.745100
v 0.313065 0.080720 -0.745100
v 0.425909 0.021590 -0.728742
v 0.503685 0.021590 -0.728742
v 0.503685 0.152732 -0.728742
v 0.425909 0.152732 -0.728742
v 0.313065 0.021590 -0.728742
v 0.384633 0.021590 -0.728742
v 0.384633 0.152732 -0.728742
v 0.425909 0.152732 -0.741165
v 0.425909 0.021590 -0.741165
v 0.384633 0.021590 -0.741165
v 0.384633 0.152732 -0.741165
v 0.313065 0.236742 -0.681666
v 0.313065 0.392443 -0.818588
v 0.541689 0.236742 -0.681666
v 0.546689 0.392443 -0.818588
v 0.541082 0.263593 -0.977124
v 0.313065 0.228490 -0.969960
v 0.541689 0.226402 -0.692533
v 0.561689 0.351426 -0.818594
v 0.561689 0.242624 -0.955810
v 0.313065 0.392395 -0.847058
v 0.561689 0.377395 -0.847016
v 0.313065 0.351426 -0.818594
v 0.561689 0.351375 -0.846944
v 0.561689 0.250767 -0.695926
v 0.561689 0.240485 -0.706734
v 0.541689 0.228490 -0.969960
v 0.313065 0.238791 -0.980863
v 0.561689 0.377443 -0.818590
v 0.541689 0.238791 -0.980863
v 0.546689 0.392395 -0.847058
v 0.541082 0.261531 -0.685491
v 0.561689 0.252865 -0.966651
v 0.520060 0.351426 -0.818594
v 0.520060 0.351375 -0.846944
v 0.420163 0.021590 -0.933057
v 0.420163 0.152732 -0.933057
v 0.517264 0.021590 -0.933057
v 0.461439 0.021590 -0.933057
v 0.461439 0.152732 -0.933057
v 0.517264 0.152732 -0.933057
v 0.420163 0.152732 -0.920633
v 0.420163 0.021590 -0.920633
v 0.461439 0.021590 -0.920633
v 0.461439 0.152732 -0.920633
v 0.313065 0.000000 -0.714393
v 0.313065 0.027361 -0.714393
v 0.313065 0.028779 -0.738430
v 0.085964 0.000000 -0.714393
v 0.085964 -0.000000 -0.949423
v 0.085964 0.027361 -0.949423
v 0.085964 0.027361 -0.714393
v 0.104506 0.028779 -0.933090
v 0.104506 0.028779 -0.738430
v 0.085226 0.151208 -0.714426
v 0.085226 0.151208 -0.772477
v 0.085226 0.207095 -0.772477
v 0.085226 0.207095 -0.714426
v 0.085226 0.151208 -0.895675
v 0.085226 0.207095 -0.895675
v 0.085226 0.151208 -0.950486
v 0.085226 0.207095 -0.950486
v 0.092976 0.023977 -0.721924
v 0.092976 0.023977 -0.764979
v 0.092976 0.080720 -0.764979
v 0.092976 0.080720 -0.721924
v 0.105370 0.021590 -0.853500
v 0.105370 0.021590 -0.903869
v 0.105370 0.152732 -0.903869
v 0.105370 0.152732 -0.853500
v 0.105370 0.021590 -0.761855
v 0.105370 0.021590 -0.812224
v 0.105370 0.152732 -0.812224
v 0.105370 0.152732 -0.761855
v 0.117793 0.152732 -0.853500
v 0.117793 0.021590 -0.853500
v 0.117793 0.021590 -0.812224
v 0.117793 0.152732 -0.812224
v 0.092976 0.151208 -0.764979
v 0.092976 0.151208 -0.721924
v 0.132022 0.080720 -0.764979
v 0.132022 0.151208 -0.764979
v 0.092976 0.023977 -0.899800
v 0.092976 0.080720 -0.899800
v 0.131854 0.080720 -0.899774
v 0.092976 0.023977 -0.942909
v 0.092976 0.080720 -0.942909
v 0.092976 0.151208 -0.942909
v 0.092976 0.151208 -0.899854
v 0.131686 0.151208 -0.899854
v 0.108525 0.151208 -0.714426
v 0.108525 0.151208 -0.772477
v 0.108525 0.207095 -0.772477
v 0.108525 0.207095 -0.714426
v 0.108525 0.151208 -0.895675
v 0.108525 0.207095 -0.895675
v 0.108525 0.151208 -0.950486
v 0.108525 0.207095 -0.950486
v 0.313065 0.151208 -0.950486
v 0.085226 0.151208 -0.916898
v 0.313065 0.151208 -0.752355
v 0.085226 0.151208 -0.752355
v 0.123772 0.151208 -0.721924
v 0.123772 0.080720 -0.721924
v 0.123772 0.023977 -0.721924
v 0.313065 0.080720 -0.721924
v 0.115084 -0.000000 -0.942909
v 0.115084 0.130901 -0.942909
v 0.115084 0.151208 -0.942909
v 0.123772 0.151208 -0.745100
v 0.123772 0.080720 -0.745100
v 0.200221 0.021590 -0.728742
v 0.122445 0.021590 -0.728742
v 0.122445 0.152732 -0.728742
v 0.200221 0.152732 -0.728742
v 0.241497 0.021590 -0.728742
v 0.241497 0.152732 -0.728742
v 0.313065 0.152732 -0.728742
v 0.200221 0.152732 -0.741165
v 0.200221 0.021590 -0.741165
v 0.241497 0.021590 -0.741165
v 0.241497 0.152732 -0.741165
v 0.085048 0.261531 -0.685491
v 0.079441 0.392443 -0.818588
v 0.313065 0.257600 -0.681494
v 0.079441 0.392395 -0.847058
v 0.085048 0.263593 -0.977124
v 0.313065 0.259648 -0.981108
v 0.064441 0.351426 -0.818594
v 0.064441 0.240485 -0.706734
v 0.084441 0.226402 -0.692533
v 0.084441 0.228490 -0.969960
v 0.064441 0.351375 -0.846944
v 0.313065 0.351375 -0.846944
v 0.064441 0.377443 -0.818590
v 0.064441 0.250767 -0.695926
v 0.084441 0.236742 -0.681666
v 0.313065 0.226402 -0.692533
v 0.064441 0.252865 -0.966651
v 0.064441 0.377395 -0.847016
v 0.064441 0.242624 -0.955810
v 0.084441 0.238791 -0.980863
v 0.106070 0.351426 -0.818594
v 0.106070 0.351375 -0.846944
v 0.320993 0.021590 -0.933057
v 0.284248 0.021590 -0.933057
v 0.284248 0.152732 -0.933057
v 0.320993 0.152732 -0.933057
v 0.362269 0.021590 -0.933057
v 0.362269 0.152732 -0.933057
v 0.320993 0.152732 -0.920633
v 0.320993 0.021590 -0.920633
v 0.362269 0.021590 -0.920633
v 0.362269 0.152732 -0.920633
v 0.540904 0.207095 -0.944001
v 0.313065 0.207095 -0.944001
v 0.085226 0.207095 -0.944001
v 0.540904 0.207095 -0.722946
v 0.313065 0.207095 -0.722946
v 0.085226 0.207095 -0.722946
v 0.189657 0.276794 -0.916332
v 0.088822 0.177616 -0.916332
v 0.309192 0.179122 -0.916332
v 0.210597 0.276759 -0.916332
v 0.300993 0.139134 -0.916332
v 0.210513 0.229518 -0.916332
v 0.088949 0.162274 -0.916332
v 0.096942 0.137598 -0.916333
v 0.309012 0.163782 -0.916332
v 0.189661 0.229555 -0.916332
v 0.091762 0.180507 -1.084042
v 0.189657 0.276794 -1.088166
v 0.210597 0.276759 -1.088166
v 0.306262 0.182024 -1.084042
v 0.189661 0.229555 -1.099198
v 0.096942 0.137598 -1.084488
v 0.107386 0.147957 -1.099198
v 0.210513 0.229518 -1.099198
v 0.300993 0.139134 -1.084488
v 0.189658 0.265762 -1.099198
v 0.099437 0.172590 -1.099198
v 0.088949 0.162274 -1.084488
v 0.298559 0.174133 -1.099198
v 0.290585 0.149530 -1.099198
v 0.210566 0.265726 -1.099198
v 0.309012 0.163782 -1.084488
v 0.210513 0.229518 -1.068580
v 0.189661 0.229555 -1.068580
v 0.118725 -0.000000 -1.064906
v 0.118725 0.153084 -1.064906
v 0.118725 0.153084 -0.934791
v 0.118725 -0.000000 -0.934791
v 0.168254 -0.000000 -1.064906
v 0.168254 0.153084 -1.064906
v 0.168254 -0.000000 -1.052915
v 0.168254 0.153084 -1.052915
v 0.118725 0.172124 -1.064906
v 0.118725 0.172124 -0.934791
v 0.168254 0.220449 -1.064906
v 0.277909 -0.000000 -1.064906
v 0.277909 0.153084 -1.064906
v 0.277909 0.153084 -0.934791
v 0.277909 -0.000000 -0.934791
v 0.228379 -0.000000 -1.064906
v 0.228379 0.153084 -1.064906
v 0.228379 -0.000000 -1.052915
v 0.228379 0.153084 -1.052915
v 0.277909 0.172124 -1.064906
v 0.277909 0.172124 -0.934791
v 0.228379 0.220449 -1.064906
v 0.198317 0.238322 -1.064906
v 0.198317 0.153084 -1.064906
v 0.198317 0.153084 -1.052915
v 0.198317 -0.000000 -1.052915
v 0.238460 -0.000000 -1.074357
v 0.238460 0.027361 -1.074357
v 0.288107 0.027361 -1.074357
v 0.288107 -0.000000 -1.074357
v 0.238460 -0.000000 -0.946958
v 0.238460 0.027361 -0.946958
v 0.288107 0.027361 -0.934791
v 0.288107 -0.000000 -0.934791
v 0.160910 -0.000000 -1.074357
v 0.160910 0.027361 -1.074357
v 0.111263 0.027361 -1.074357
v 0.111263 -0.000000 -1.074357
v 0.160910 -0.000000 -0.946958
v 0.160910 0.027361 -0.946958
v 0.111263 0.027361 -0.934791
v 0.111263 -0.000000 -0.934791
v 0.102203 0.252842 -0.948376
v 0.102203 0.205873 -0.948376
v 0.102203 0.363131 -0.839803
v 0.313065 0.205873 -0.948376
v 0.102203 0.205873 -0.902340
v 0.102203 0.234377 -0.902340
v 0.102203 0.299607 -0.902340
v 0.102203 0.304609 -0.897407
v 0.125849 0.234377 -0.902340
v 0.125849 0.299607 -0.902340
v 0.125849 0.304609 -0.897407
v 0.111569 0.229936 -0.859229
v 0.111569 0.319958 -0.859229
v 0.111569 0.319958 -0.903869
v 0.111569 0.229936 -0.903869
v 0.123993 0.229936 -0.859229
v 0.123993 0.319958 -0.859229
v 0.523926 0.299607 -0.902340
v 0.523926 0.252842 -0.948376
v 0.523926 0.234377 -0.902340
v 0.523926 0.205873 -0.948376
v 0.313065 0.252842 -0.948376
v 0.523926 0.205873 -0.902340
v 0.523926 0.363131 -0.839803
v 0.523926 0.304609 -0.897407
v 0.500280 0.234377 -0.902340
v 0.500280 0.299607 -0.902340
v 0.500280 0.304609 -0.897407
v 0.514561 0.229936 -0.859229
v 0.514561 0.319958 -0.859229
v 0.514561 0.319958 -0.903869
v 0.514561 0.229936 -0.903869
v 0.502137 0.229936 -0.859229
v 0.502137 0.319958 -0.859229
v 0.102203 0.205873 -0.832988
v 0.102203 0.234377 -0.832988
v 0.125849 0.234377 -0.832988
v 0.523926 0.205873 -0.832988
v 0.523926 0.234377 -0.832988
v 0.523926 0.360340 -0.832988
v 0.500280 0.234377 -0.832988
v 0.502137 0.319958 -0.832988
v 0.102203 0.299607 -0.763636
v 0.102203 0.252842 -0.717600
v 0.102203 0.234377 -0.763636
v 0.102203 0.205873 -0.717600
v 0.313065 0.252842 -0.717600
v 0.313065 0.205873 -0.717600
v 0.102203 0.205873 -0.763636
v 0.125849 0.234377 -0.763636
v 0.125849 0.299607 -0.763636
v 0.111569 0.229936 -0.806746
v 0.111569 0.319958 -0.806747
v 0.111569 0.319958 -0.762107
v 0.111569 0.229936 -0.762107
v 0.123993 0.229936 -0.806746
v 0.123993 0.319958 -0.806747
v 0.523926 0.299607 -0.763636
v 0.523926 0.234377 -0.763636
v 0.523926 0.252842 -0.717600
v 0.523926 0.205873 -0.717600
v 0.523926 0.205873 -0.763636
v 0.500280 0.234377 -0.763636
v 0.500280 0.299607 -0.763636
v 0.514561 0.229936 -0.806747
v 0.514561 0.229936 -0.762107
v 0.514561 0.319958 -0.762107
v 0.514561 0.319958 -0.806747
v 0.502137 0.319958 -0.806747
v 0.502137 0.229936 -0.806747
v 0.102203 0.360340 -0.832988
v 0.102203 0.363131 -0.826173
v 0.102203 0.304609 -0.768569
v 0.102203 0.304609 -0.832988
v 0.125849 0.304609 -0.768569
v 0.125849 0.304609 -0.832988
v 0.123993 0.319958 -0.832988
v 0.123993 0.229936 -0.832988
v 0.523926 0.304609 -0.832988
v 0.523926 0.304609 -0.768569
v 0.523926 0.363131 -0.826173
v 0.500280 0.304609 -0.832988
v 0.500280 0.304609 -0.768569
v 0.502137 0.229936 -0.832988
v 0.323771 -0.000000 -1.045652
v 0.323771 -0.000000 -1.125652
v 0.403771 -0.000000 -1.125652
v 0.403771 -0.000000 -1.045652
v 0.323771 0.059569 -1.045652
v 0.403771 0.059569 -1.045652
v 0.403771 0.059569 -1.125652
v 0.323771 0.059569 -1.125652
v 0.323771 -0.000000 -0.963067
v 0.403771 -0.000000 -0.963067
v 0.323771 -0.000000 -1.043067
v 0.403771 -0.000000 -1.043067
v 0.323771 0.059569 -0.963067
v 0.403771 0.059569 -0.963067
v 0.323771 0.059569 -1.043067
v 0.403771 0.059569 -1.043067
v 0.408429 -0.000000 -0.963067
v 0.488429 -0.000000 -0.963067
v 0.408429 -0.000000 -1.043067
v 0.488429 -0.000000 -1.043067
v 0.408429 0.059569 -0.963067
v 0.488429 0.059569 -0.963067
v 0.408429 0.059569 -1.043067
v 0.488429 0.059569 -1.043067
v 0.408429 -0.000000 -1.045652
v 0.408429 -0.000000 -1.125652
v 0.488429 -0.000000 -1.125652
v 0.488429 -0.000000 -1.045652
v 0.408429 0.059569 -1.045652
v 0.488429 0.059569 -1.045652
v 0.488429 0.059569 -1.125652
v 0.408429 0.059569 -1.125652
v 0.491761 -0.000000 -1.045652
v 0.491761 -0.000000 -1.125652
v 0.571761 -0.000000 -1.125652
v 0.571761 -0.000000 -1.045652
v 0.491761 0.059569 -1.045652
v 0.571761 0.059569 -1.045652
v 0.571761 0.059569 -1.125652
v 0.491761 0.059569 -1.125652
v 0.491761 -0.000000 -0.963067
v 0.571761 -0.000000 -0.963067
v 0.491761 -0.000000 -1.043067
v 0.571761 -0.000000 -1.043067
v 0.491761 0.059569 -0.963067
v 0.571761 0.059569 -0.963067
v 0.491761 0.059569 -1.043067
v 0.571761 0.059569 -1.043067
v 0.605868 0.000000 -0.906516
v 0.625868 0.000000 -0.906516
v 0.605868 -0.000000 -0.926516
v 0.625868 -0.000000 -0.926516
v 0.605868 0.070000 -0.906516
v 0.625868 0.070000 -0.906516
v 0.605868 0.070000 -0.926516
v 0.625868 0.070000 -0.926516
v 0.605868 0.070000 -1.245072
v 0.625868 0.070000 -1.245072
v 0.625868 0.070000 -1.265072
v 0.605868 0.070000 -1.265072
v 0.605868 -0.000000 -1.245072
v 0.625868 -0.000000 -1.245072
v 0.625868 -0.000000 -1.265072
v 0.605868 -0.000000 -1.265072
v 0.605868 0.070000 -1.138512
v 0.625868 0.070000 -1.138512
v 0.625868 0.070000 -1.158512
v 0.605868 0.070000 -1.158512
v 0.605868 -0.000000 -1.138512
v 0.625868 -0.000000 -1.138512
v 0.625868 -0.000000 -1.158512
v 0.605868 -0.000000 -1.158512
v 0.605868 0.070000 -1.021740
v 0.625868 0.070000 -1.021740
v 0.625868 0.070000 -1.041740
v 0.605868 0.070000 -1.041740
v 0.605868 -0.000000 -1.021740
v 0.625868 -0.000000 -1.021740
v 0.625868 -0.000000 -1.041740
v 0.605868 -0.000000 -1.041740
v 0.540376 0.070000 -0.906516
v 0.560376 0.070000 -0.906516
v 0.560376 0.070000 -0.926516
v 0.540376 0.070000 -0.926516
v 0.540376 0.000000 -0.906516
v 0.560376 0.000000 -0.906516
v 0.560376 -0.000000 -0.926516
v 0.540376 -0.000000 -0.926516
v 0.634642 0.043233 -0.913028
v 0.634642 0.043233 -0.918028
v 0.545524 0.043233 -0.913028
v 0.545524 0.043233 -0.918028
v 0.634642 0.063233 -0.913028
v 0.634642 0.063233 -0.918028
v 0.545524 0.063233 -0.913028
v 0.545524 0.063233 -0.918028
v 0.634642 0.015706 -0.913028
v 0.634642 0.015706 -0.918028
v 0.545524 0.015706 -0.913028
v 0.545524 0.015706 -0.918028
v 0.634642 0.035706 -0.913028
v 0.634642 0.035706 -0.918028
v 0.545524 0.035706 -0.913028
v 0.545524 0.035706 -0.918028
v 0.613643 0.043233 -0.889825
v 0.618643 0.043233 -0.889825
v 0.613643 0.043233 -1.277395
v 0.618643 0.043233 -1.277395
v 0.613643 0.063233 -0.889825
v 0.618643 0.063233 -0.889825
v 0.613643 0.063233 -1.277395
v 0.618643 0.063233 -1.277395
v 0.613643 0.015706 -0.889824
v 0.618643 0.015706 -0.889824
v 0.613643 0.015706 -1.277395
v 0.618643 0.015706 -1.277395
v 0.613643 0.035706 -0.889824
v 0.618643 0.035706 -0.889824
v 0.613643 0.035706 -1.277395
v 0.618643 0.035706 -1.277395
v 0.020262 0.070000 -0.906516
v 0.000262 0.070000 -0.906516
v 0.000262 0.070000 -0.926516
v 0.020262 0.070000 -0.926516
v 0.020262 0.000000 -0.906516
v 0.000262 0.000000 -0.906516
v 0.000262 -0.000000 -0.926516
v 0.020262 -0.000000 -0.926516
v 0.020262 0.070000 -1.245072
v 0.000262 0.070000 -1.245072
v 0.000262 0.070000 -1.265072
v 0.020262 0.070000 -1.265072
v 0.020262 -0.000000 -1.245072
v 0.000262 -0.000000 -1.245072
v 0.000262 -0.000000 -1.265072
v 0.020262 -0.000000 -1.265072
v 0.020262 0.070000 -1.138512
v 0.000262 0.070000 -1.138512
v 0.000262 0.070000 -1.158512
v 0.020262 0.070000 -1.158512
v 0.020262 -0.000000 -1.138512
v 0.000262 -0.000000 -1.138512
v 0.000262 -0.000000 -1.158512
v 0.020262 -0.000000 -1.158512
v 0.020262 0.070000 -1.021740
v 0.000262 0.070000 -1.021740
v 0.000262 0.070000 -1.041740
v 0.020262 0.070000 -1.041740
v 0.020262 -0.000000 -1.021740
v 0.000262 -0.000000 -1.021740
v 0.000262 -0.000000 -1.041740
v 0.020262 -0.000000 -1.041740
v 0.088291 0.070000 -0.906516
v 0.068291 0.070000 -0.906516
v 0.068291 0.070000 -0.926516
v 0.088291 0.070000 -0.926516
v 0.088291 0.000000 -0.906516
v 0.068291 0.000000 -0.906516
v 0.068291 -0.000000 -0.926516
v 0.088291 -0.000000 -0.926516
v -0.008513 0.043233 -0.913028
v 0.083142 0.043233 -0.913028
v 0.083142 0.043233 -0.918028
v -0.008513 0.043233 -0.918028
v -0.008513 0.063233 -0.913028
v -0.008513 0.063233 -0.918028
v 0.083142 0.063233 -0.918028
v 0.083142 0.063233 -0.913028
v -0.008513 0.015706 -0.913028
v 0.083142 0.015706 -0.913028
v 0.083142 0.015706 -0.918028
v -0.008513 0.015706 -0.918028
v -0.008513 0.035706 -0.913028
v -0.008513 0.035706 -0.918028
v 0.083142 0.035706 -0.918028
v 0.083142 0.035706 -0.913028
v 0.012487 0.043233 -0.889825
v 0.012487 0.043233 -1.277395
v 0.007487 0.043233 -1.277395
v 0.007487 0.043233 -0.889825
v 0.012487 0.063233 -0.889825
v 0.007487 0.063233 -0.889825
v 0.007487 0.063233 -1.277395
v 0.012487 0.063233 -1.277395
v 0.012487 0.015706 -0.889824
v 0.012487 0.015706 -1.277395
v 0.007487 0.015706 -1.277395
v 0.007487 0.015706 -0.889824
v 0.012487 0.035706 -0.889824
v 0.007487 0.035706 -0.889824
v 0.007487 0.035706 -1.277395
v 0.012487 0.035706 -1.277395
v 0.192619 -0.000000 -1.214034
v 0.190199 -0.000000 -1.219876
v 0.199328 0.032343 -1.229005
v 0.205529 0.032343 -1.214034
v 0.184357 -0.000000 -1.222296
v 0.184357 0.032343 -1.235206
v 0.178515 -0.000000 -1.219876
v 0.169386 0.032343 -1.229005
v 0.176095 -0.000000 -1.214034
v 0.163185 0.032343 -1.214034
v 0.178515 -0.000000 -1.208192
v 0.169386 0.032343 -1.199063
v 0.184357 -0.000000 -1.205772
v 0.184357 0.032343 -1.192862
v 0.190199 -0.000000 -1.208192
v 0.199328 0.032343 -1.199063
v 0.193575 0.043800 -1.223252
v 0.197394 0.043800 -1.214034
v 0.184357 0.043800 -1.227070
v 0.175139 0.043800 -1.223252
v 0.171321 0.043800 -1.214034
v 0.175139 0.043800 -1.204816
v 0.184357 0.043800 -1.200997
v 0.193575 0.043800 -1.204816
v 0.184357 -0.027642 -1.214034
v 0.184357 0.045515 -1.214034
v 0.184357 0.037296 -1.214034
v 0.193327 0.052370 -1.223004
v 0.207868 0.059146 -1.214034
v 0.184357 0.059146 -1.237545
v 0.175387 0.052370 -1.223004
v 0.160846 0.059146 -1.214034
v 0.175387 0.052370 -1.205064
v 0.184357 0.059146 -1.190523
v 0.193327 0.052370 -1.205064
v 0.184357 0.052027 -1.214034
v 0.142057 -0.000000 -1.214034
v 0.139637 -0.000000 -1.219876
v 0.148766 0.032343 -1.229005
v 0.154967 0.032343 -1.214034
v 0.133795 -0.000000 -1.222296
v 0.133795 0.032343 -1.235206
v 0.127953 -0.000000 -1.219876
v 0.118824 0.032343 -1.229005
v 0.125533 -0.000000 -1.214034
v 0.112623 0.032343 -1.214034
v 0.127953 -0.000000 -1.208192
v 0.118824 0.032343 -1.199063
v 0.133795 -0.000000 -1.205772
v 0.133795 0.032343 -1.192862
v 0.139637 -0.000000 -1.208192
v 0.148766 0.032343 -1.199063
v 0.143013 0.043800 -1.223252
v 0.146832 0.043800 -1.214034
v 0.133795 0.043800 -1.227070
v 0.124577 0.043800 -1.223252
v 0.120759 0.043800 -1.214034
v 0.124577 0.043800 -1.204816
v 0.133795 0.043800 -1.200997
v 0.143013 0.043800 -1.204816
v 0.133795 -0.027642 -1.214034
v 0.133795 0.045515 -1.214034
v 0.133795 0.037296 -1.214034
v 0.142765 0.052370 -1.223004
v 0.157306 0.059146 -1.214034
v 0.133795 0.059146 -1.237545
v 0.124825 0.052370 -1.223004
v 0.110284 0.059146 -1.214034
v 0.124825 0.052370 -1.205064
v 0.133795 0.059146 -1.190523
v 0.142765 0.052370 -1.205064
v 0.133795 0.052027 -1.214034
v 0.094182 -0.000000 -1.214034
v 0.091762 -0.000000 -1.219876
v 0.100890 0.032343 -1.229005
v 0.107092 0.032343 -1.214034
v 0.085920 -0.000000 -1.222296
v 0.085920 0.032343 -1.235206
v 0.080077 -0.000000 -1.219876
v 0.070949 0.032343 -1.229005
v 0.077658 -0.000000 -1.214034
v 0.064748 0.032343 -1.214034
v 0.080077 -0.000000 -1.208192
v 0.070949 0.032343 -1.199063
v 0.085920 -0.000000 -1.205772
v 0.085920 0.032343 -1.192862
v 0.091762 -0.000000 -1.208192
v 0.100890 0.032343 -1.199063
v 0.095138 0.043800 -1.223252
v 0.098956 0.043800 -1.214034
v 0.085920 0.043800 -1.227070
v 0.076701 0.043800 -1.223252
v 0.072883 0.043800 -1.214034
v 0.076701 0.043800 -1.204816
v 0.085920 0.043800 -1.200997
v 0.095138 0.043800 -1.204816
v 0.085920 -0.027642 -1.214034
v 0.085920 0.045515 -1.214034
v 0.085920 0.037296 -1.214034
v 0.094889 0.052370 -1.223004
v 0.109431 0.059146 -1.214034
v 0.085920 0.059146 -1.237545
v 0.076950 0.052370 -1.223004
v 0.062408 0.059146 -1.214034
v 0.076950 0.052370 -1.205064
v 0.085920 0.059146 -1.190523
v 0.094889 0.052370 -1.205064
v 0.085920 0.052027 -1.214034
v 0.192619 -0.000000 -1.270517
v 0.190199 -0.000000 -1.276359
v 0.199328 0.032343 -1.285488
v 0.205529 0.032343 -1.270517
v 0.184357 -0.000000 -1.278779
v 0.184357 0.032343 -1.291689
v 0.178515 -0.000000 -1.276359
v 0.169386 0.032343 -1.285488
v 0.176095 -0.000000 -1.270517
v 0.163185 0.032343 -1.270517
v 0.178515 -0.000000 -1.264675
v 0.169386 0.032343 -1.255546
v 0.184357 -0.000000 -1.262255
v 0.184357 0.032343 -1.249345
v 0.190199 -0.000000 -1.264675
v 0.199328 0.032343 -1.255546
v 0.193575 0.043800 -1.279735
v 0.197394 0.043800 -1.270517
v 0.184357 0.043800 -1.283553
v 0.175139 0.043800 -1.279735
v 0.171321 0.043800 -1.270517
v 0.175139 0.043800 -1.261299
v 0.184357 0.043800 -1.257480
v 0.193575 0.043800 -1.261299
v 0.184357 -0.027642 -1.270517
v 0.184357 0.045515 -1.270517
v 0.184357 0.037296 -1.270517
v 0.193327 0.052370 -1.279487
v 0.207868 0.059146 -1.270517
v 0.184357 0.059146 -1.294028
v 0.175387 0.052370 -1.279487
v 0.160846 0.059146 -1.270517
v 0.175387 0.052370 -1.261547
v 0.184357 0.059146 -1.247006
v 0.193327 0.052370 -1.261547
v 0.184357 0.052027 -1.270517
v 0.142057 -0.000000 -1.270517
v 0.139637 -0.000000 -1.276359
v 0.148766 0.032343 -1.285488
v 0.154967 0.032343 -1.270517
v 0.133795 -0.000000 -1.278779
v 0.133795 0.032343 -1.291689
v 0.127953 -0.000000 -1.276359
v 0.118824 0.032343 -1.285488
v 0.125533 -0.000000 -1.270517
v 0.112623 0.032343 -1.270517
v 0.127953 -0.000000 -1.264675
v 0.118824 0.032343 -1.255546
v 0.133795 -0.000000 -1.262255
v 0.133795 0.032343 -1.249345
v 0.139637 -0.000000 -1.264675
v 0.148766 0.032343 -1.255546
v 0.143013 0.043800 -1.279735
v 0.146832 0.043800 -1.270517
v 0.133795 0.043800 -1.283553
v 0.124577 0.043800 -1.279735
v 0.120759 0.043800 -1.270517
v 0.124577 0.043800 -1.261299
v 0.133795 0.043800 -1.257480
v 0.143013 0.043800 -1.261299
v 0.133795 -0.027642 -1.270517
v 0.133795 0.045515 -1.270517
v 0.133795 0.037296 -1.270517
v 0.142765 0.052370 -1.279487
v 0.157306 0.059146 -1.270517
v 0.133795 0.059146 -1.294028
v 0.124825 0.052370 -1.279487
v 0.110284 0.059146 -1.270517
v 0.124825 0.052370 -1.261547
v 0.133795 0.059146 -1.247006
v 0.142765 0.052370 -1.261547
v 0.133795 0.052027 -1.270517
v 0.094182 -0.000000 -1.270517
v 0.091762 -0.000000 -1.276359
v 0.100890 0.032343 -1.285488
v 0.107092 0.032343 -1.270517
v 0.085920 -0.000000 -1.278779
v 0.085920 0.032343 -1.291689
v 0.080077 -0.000000 -1.276359
v 0.070949 0.032343 -1.285488
v 0.077658 -0.000000 -1.270517
v 0.064748 0.032343 -1.270517
v 0.080077 -0.000000 -1.264675
v 0.070949 0.032343 -1.255546
v 0.085920 -0.000000 -1.262255
v 0.085920 0.032343 -1.249345
v 0.091762 -0.000000 -1.264675
v 0.100890 0.032343 -1.255546
v 0.095138 0.043800 -1.279735
v 0.098956 0.043800 -1.270517
v 0.085920 0.043800 -1.283553
v 0.076701 0.043800 -1.279735
v 0.072883 0.043800 -1.270517
v 0.076701 0.043800 -1.261299
v 0.085920 0.043800 -1.257480
v 0.095138 0.043800 -1.261299
v 0.085920 -0.027642 -1.270517
v 0.085920 0.045515 -1.270517
v 0.085920 0.037296 -1.270517
v 0.094889 0.052370 -1.279487
v 0.109431 0.059146 -1.270517
v 0.085920 0.059146 -1.294028
v 0.076950 0.052370 -1.279487
v 0.062408 0.059146 -1.270517
v 0.076950 0.052370 -1.261547
v 0.085920 0.059146 -1.247006
v 0.094889 0.052370 -1.261547
v 0.085920 0.052027 -1.270517
v 0.192619 -0.000000 -1.323027
v 0.190199 -0.000000 -1.328870
v 0.199328 0.032343 -1.337998
v 0.205529 0.032343 -1.323027
v 0.184357 -0.000000 -1.331290
v 0.184357 0.032343 -1.344199
v 0.178515 -0.000000 -1.328870
v 0.169386 0.032343 -1.337998
v 0.176095 -0.000000 -1.323027
v 0.163185 0.032343 -1.323027
v 0.178515 -0.000000 -1.317185
v 0.169386 0.032343 -1.308057
v 0.184357 -0.000000 -1.314765
v 0.184357 0.032343 -1.301856
v 0.190199 -0.000000 -1.317185
v 0.199328 0.032343 -1.308057
v 0.193575 0.043800 -1.332246
v 0.197394 0.043800 -1.323027
v 0.184357 0.043800 -1.336064
v 0.175139 0.043800 -1.332246
v 0.171321 0.043800 -1.323027
v 0.175139 0.043800 -1.313809
v 0.184357 0.043800 -1.309991
v 0.193575 0.043800 -1.313809
v 0.184357 -0.027642 -1.323027
v 0.184357 0.045515 -1.323027
v 0.184357 0.037296 -1.323027
v 0.193327 0.052370 -1.331997
v 0.207868 0.059146 -1.323027
v 0.184357 0.059146 -1.346539
v 0.175387 0.052370 -1.331997
v 0.160846 0.059146 -1.323027
v 0.175387 0.052370 -1.314058
v 0.184357 0.059146 -1.299516
v 0.193327 0.052370 -1.314058
v 0.184357 0.052027 -1.323027
v 0.142057 -0.000000 -1.323027
v 0.139637 -0.000000 -1.328870
v 0.148766 0.032343 -1.337998
v 0.154967 0.032343 -1.323027
v 0.133795 -0.000000 -1.331290
v 0.133795 0.032343 -1.344199
v 0.127953 -0.000000 -1.328870
v 0.118824 0.032343 -1.337998
v 0.125533 -0.000000 -1.323027
v 0.112623 0.032343 -1.323027
v 0.127953 -0.000000 -1.317185
v 0.118824 0.032343 -1.308057
v 0.133795 -0.000000 -1.314765
v 0.133795 0.032343 -1.301856
v 0.139637 -0.000000 -1.317185
v 0.148766 0.032343 -1.308057
v 0.143013 0.043800 -1.332246
v 0.146832 0.043800 -1.323027
v 0.133795 0.043800 -1.336064
v 0.124577 0.043800 -1.332246
v 0.120759 0.043800 -1.323027
v 0.124577 0.043800 -1.313809
v 0.133795 0.043800 -1.309991
v 0.143013 0.043800 -1.313809
v 0.133795 -0.027642 -1.323027
v 0.133795 0.045515 -1.323027
v 0.133795 0.037296 -1.323027
v 0.142765 0.052370 -1.331997
v 0.157306 0.059146 -1.323027
v 0.133795 0.059146 -1.346539
v 0.124825 0.052370 -1.331997
v 0.110284 0.059146 -1.323027
v 0.124825 0.052370 -1.314058
v 0.133795 0.059146 -1.299516
v 0.142765 0.052370 -1.314058
v 0.133795 0.052027 -1.323027
v 0.094182 -0.000000 -1.323027
v 0.091762 -0.000000 -1.328870
v 0.100890 0.032343 -1.337998
v 0.107092 0.032343 -1.323027
v 0.085920 -0.000000 -1.331290
v 0.085920 0.032343 -1.344199
v 0.080077 -0.000000 -1.328870
v 0.070949 0.032343 -1.337998
v 0.077658 -0.000000 -1.323027
v 0.064748 0.032343 -1.323027
v 0.080077 -0.000000 -1.317185
v 0.070949 0.032343 -1.308057
v 0.085920 -0.000000 -1.314765
v 0.085920 0.032343 -1.301856
v 0.091762 -0.000000 -1.317185
v 0.100890 0.032343 -1.308057
v 0.095138 0.043800 -1.332246
v 0.098956 0.043800 -1.323027
v 0.085920 0.043800 -1.336064
v 0.076701 0.043800 -1.332246
v 0.072883 0.043800 -1.323027
v 0.076701 0.043800 -1.313809
v 0.085920 0.043800 -1.309991
v 0.095138 0.043800 -1.313809
v 0.085920 -0.027642 -1.323027
v 0.085920 0.045515 -1.323027
v 0.085920 0.037296 -1.323027
v 0.094889 0.052370 -1.331997
v 0.109431 0.059146 -1.323027
v 0.085920 0.059146 -1.346539
v 0.076950 0.052370 -1.331997
v 0.062408 0.059146 -1.323027
v 0.076950 0.052370 -1.314058
v 0.085920 0.059146 -1.299516
v 0.094889 0.052370 -1.314058
v 0.085920 0.052027 -1.323027
v 0.192619 -0.000000 -1.379511
v 0.190199 -0.000000 -1.385353
v 0.199328 0.032343 -1.394481
v 0.205529 0.032343 -1.379511
v 0.184357 -0.000000 -1.387773
v 0.184357 0.032343 -1.400682
v 0.178515 -0.000000 -1.385353
v 0.169386 0.032343 -1.394481
v 0.176095 -0.000000 -1.379511
v 0.163185 0.032343 -1.379511
v 0.178515 -0.000000 -1.373668
v 0.169386 0.032343 -1.364540
v 0.184357 -0.000000 -1.371249
v 0.184357 0.032343 -1.358339
v 0.190199 -0.000000 -1.373668
v 0.199328 0.032343 -1.364540
v 0.193575 0.043800 -1.388729
v 0.197394 0.043800 -1.379511
v 0.184357 0.043800 -1.392547
v 0.175139 0.043800 -1.388729
v 0.171321 0.043800 -1.379511
v 0.175139 0.043800 -1.370292
v 0.184357 0.043800 -1.366474
v 0.193575 0.043800 -1.370292
v 0.184357 -0.027642 -1.379511
v 0.184357 0.045515 -1.379511
v 0.184357 0.037296 -1.379511
v 0.193327 0.052370 -1.388480
v 0.207868 0.059146 -1.379511
v 0.184357 0.059146 -1.403022
v 0.175387 0.052370 -1.388480
v 0.160846 0.059146 -1.379511
v 0.175387 0.052370 -1.370541
v 0.184357 0.059146 -1.355999
v 0.193327 0.052370 -1.370541
v 0.184357 0.052027 -1.379511
v 0.142057 -0.000000 -1.379511
v 0.139637 -0.000000 -1.385353
v 0.148766 0.032343 -1.394481
v 0.154967 0.032343 -1.379511
v 0.133795 -0.000000 -1.387773
v 0.133795 0.032343 -1.400682
v 0.127953 -0.000000 -1.385353
v 0.118824 0.032343 -1.394481
v 0.125533 -0.000000 -1.379511
v 0.112623 0.032343 -1.379511
v 0.127953 -0.000000 -1.373668
v 0.118824 0.032343 -1.364540
v 0.133795 -0.000000 -1.371249
v 0.133795 0.032343 -1.358339
v 0.139637 -0.000000 -1.373668
v 0.148766 0.032343 -1.364540
v 0.143013 0.043800 -1.388729
v 0.146832 0.043800 -1.379511
v 0.133795 0.043800 -1.392547
v 0.124577 0.043800 -1.388729
v 0.120759 0.043800 -1.379511
v 0.124577 0.043800 -1.370292
v 0.133795 0.043800 -1.366474
v 0.143013 0.043800 -1.370292
v 0.133795 -0.027642 -1.379511
v 0.133795 0.045515 -1.379511
v 0.133795 0.037296 -1.379511
v 0.142765 0.052370 -1.388480
v 0.157306 0.059146 -1.379511
v 0.133795 0.059146 -1.403022
v 0.124825 0.052370 -1.388480
v 0.110284 0.059146 -1.379511
v 0.124825 0.052370 -1.370541
v 0.133795 0.059146 -1.355999
v 0.142765 0.052370 -1.370541
v 0.133795 0.052027 -1.379511
v 0.094182 -0.000000 -1.379511
v 0.091762 -0.000000 -1.385353
v 0.100890 0.032343 -1.394481
v 0.107092 0.032343 -1.379511
v 0.085920 -0.000000 -1.387773
v 0.085920 0.032343 -1.400682
v 0.080077 -0.000000 -1.385353
v 0.070949 0.032343 -1.394481
v 0.077658 -0.000000 -1.379511
v 0.064748 0.032343 -1.379511
v 0.080077 -0.000000 -1.373668
v 0.070949 0.032343 -1.364540
v 0.085920 -0.000000 -1.371249
v 0.085920 0.032343 -1.358339
v 0.091762 -0.000000 -1.373668
v 0.100890 0.032343 -1.364540
v 0.095138 0.043800 -1.388729
v 0.098956 0.043800 -1.379511
v 0.085920 0.043800 -1.392547
v 0.076701 0.043800 -1.388729
v 0.072883 0.043800 -1.379511
v 0.076701 0.043800 -1.370292
v 0.085920 0.043800 -1.366474
v 0.095138 0.043800 -1.370292
v 0.085920 -0.027642 -1.379511
v 0.085920 0.045515 -1.379511
v 0.085920 0.037296 -1.379511
v 0.094889 0.052370 -1.388480
v 0.109431 0.059146 -1.379511
v 0.085920 0.059146 -1.403022
v 0.076950 0.052370 -1.388480
v 0.062408 0.059146 -1.379511
v 0.076950 0.052370 -1.370541
v 0.085920 0.059146 -1.355999
v 0.094889 0.052370 -1.370541
v 0.085920 0.052027 -1.379511
v 0.323771 -0.000000 -1.130396
v 0.323771 -0.000000 -1.210396
v 0.403771 -0.000000 -1.210396
v 0.403771 -0.000000 -1.130396
v 0.323771 0.059569 -1.130396
v 0.403771 0.059569 -1.130396
v 0.403771 0.059569 -1.210396
v 0.323771 0.059569 -1.210396
v 0.408429 -0.000000 -1.130396
v 0.408429 -0.000000 -1.210396
v 0.488429 -0.000000 -1.210396
v 0.488429 -0.000000 -1.130396
v 0.408429 0.059569 -1.130396
v 0.488429 0.059569 -1.130396
v 0.488429 0.059569 -1.210396
v 0.408429 0.059569 -1.210396
v 0.408429 -0.000000 -1.212981
v 0.408429 -0.000000 -1.292981
v 0.488429 -0.000000 -1.292981
v 0.488429 -0.000000 -1.212981
v 0.408429 0.059569 -1.212981
v 0.488429 0.059569 -1.212981
v 0.488429 0.059569 -1.292981
v 0.408429 0.059569 -1.292981
v 0.491761 -0.000000 -1.212981
v 0.491761 -0.000000 -1.292981
v 0.571761 -0.000000 -1.292981
v 0.571761 -0.000000 -1.212981
v 0.491761 0.059569 -1.212981
v 0.571761 0.059569 -1.212981
v 0.571761 0.059569 -1.292981
v 0.491761 0.059569 -1.292981
v 0.491761 -0.000000 -1.130396
v 0.491761 -0.000000 -1.210396
v 0.571761 -0.000000 -1.210396
v 0.571761 -0.000000 -1.130396
v 0.491761 0.059569 -1.130396
v 0.571761 0.059569 -1.130396
v 0.571761 0.059569 -1.210396
v 0.491761 0.059569 -1.210396
v 0.123906 -0.000000 -1.115086
v 0.106936 -0.000000 -1.108056
v 0.089965 -0.000000 -1.115086
v 0.082935 -0.000000 -1.132056
v 0.089965 -0.000000 -1.149027
v 0.106936 -0.000000 -1.156056
v 0.123906 -0.000000 -1.149027
v 0.130935 -0.000000 -1.132056
v 0.127847 0.040000 -1.152967
v 0.136508 0.040000 -1.132056
v 0.106936 0.040000 -1.161629
v 0.086024 0.040000 -1.152967
v 0.077363 0.040000 -1.132056
v 0.086024 0.040000 -1.111145
v 0.106936 0.040000 -1.102483
v 0.127847 0.040000 -1.111145
v 0.124315 0.040000 -1.149436
v 0.131514 0.040000 -1.132056
v 0.106936 0.040000 -1.156635
v 0.089555 0.040000 -1.149436
v 0.082357 0.040000 -1.132056
v 0.089555 0.040000 -1.114676
v 0.106936 0.040000 -1.107477
v 0.124315 0.040000 -1.114676
v 0.121362 0.033657 -1.146483
v 0.127338 0.033657 -1.132056
v 0.106936 0.033657 -1.152459
v 0.092509 0.033657 -1.146483
v 0.086533 0.033657 -1.132056
v 0.092509 0.033657 -1.117629
v 0.106936 0.033657 -1.111654
v 0.121362 0.033657 -1.117629
v 0.106380 0.069033 -1.132064
v 0.106380 0.064735 -1.136363
v 0.088961 0.057520 -1.136363
v 0.085922 0.060559 -1.132064
v 0.106380 0.060437 -1.132064
v 0.092001 0.054481 -1.132064
v 0.106380 0.064735 -1.127766
v 0.088961 0.057520 -1.127766
v 0.081746 0.040101 -1.136363
v 0.077448 0.040101 -1.132064
v 0.086045 0.040101 -1.132064
v 0.081746 0.040101 -1.127766
v 0.135312 0.040101 -1.132064
v 0.131014 0.040101 -1.136363
v 0.123799 0.057520 -1.136363
v 0.126838 0.060559 -1.132064
v 0.126716 0.040101 -1.132064
v 0.120759 0.054481 -1.132064
v 0.131014 0.040101 -1.127766
v 0.123799 0.057520 -1.127766
v 0.081746 0.034391 -1.132064
v 0.131014 0.034391 -1.132064
v 0.239613 0.022679 -1.372737
v 0.234581 0.021792 -1.377846
v 0.218011 0.115762 -1.377846
v 0.223044 0.116649 -1.372737
v 0.229548 0.020904 -1.372737
v 0.212979 0.114875 -1.372737
v 0.234581 0.021792 -1.367626
v 0.218011 0.115762 -1.367626
v 0.215152 0.131979 -1.380813
v 0.223106 0.133381 -1.372737
v 0.207198 0.130576 -1.372737
v 0.215152 0.131979 -1.364660
v 0.214381 0.136351 -1.372737
v 0.235775 0.015018 -1.372737
v 0.239190 0.012769 -1.354622
v 0.234210 0.041014 -1.354622
v 0.228250 0.039963 -1.372943
v 0.233231 0.011718 -1.372943
v 0.243384 0.013508 -1.354622
v 0.237424 0.012457 -1.372943
v 0.232444 0.040702 -1.372943
v 0.238404 0.041753 -1.354622
v 0.239190 0.012769 -1.391264
v 0.234210 0.041014 -1.391264
v 0.238404 0.041753 -1.391264
v 0.243384 0.013508 -1.391264
v 0.241610 -0.000952 -1.381635
v 0.245803 -0.000213 -1.381635
v 0.241610 -0.000952 -1.364251
v 0.242361 -0.005212 -1.372943
v 0.246555 -0.004473 -1.372943
v 0.245803 -0.000213 -1.364251
v 0.326271 0.317301 -0.770702
v 0.501263 0.317301 -0.770702
v 0.326271 0.317301 -0.920702
v 0.501263 0.317301 -0.920702
v 0.326271 0.385397 -0.770702
v 0.501263 0.385397 -0.770702
v 0.326271 0.385397 -0.920702
v 0.501263 0.385397 -0.920702
v 0.382017 0.317301 -0.920702
v 0.445517 0.385397 -0.920702
v 0.445517 0.317301 -0.920702
v 0.382017 0.385397 -0.920702
v 0.326271 0.466958 -0.770702
v 0.501263 0.466958 -0.770702
v 0.326271 0.466958 -0.920702
v 0.501263 0.466958 -0.920702
v 0.445517 0.466958 -0.920702
v 0.382017 0.466958 -0.920702
v 0.413767 0.519259 -0.920702
v 0.445517 0.385397 -0.903912
v 0.382017 0.385397 -0.903912
v 0.445517 0.466958 -0.903912
v 0.382017 0.466958 -0.903912
v 0.332582 0.000000 -0.672674
v 0.450898 0.000000 -0.672674
v 0.332582 0.000000 -0.752674
v 0.450898 0.000000 -0.752674
v 0.373515 0.579086 -0.672674
v 0.450898 0.579086 -0.672674
v 0.373515 0.579086 -0.752674
v 0.450898 0.579086 -0.752674
v 0.450898 0.131635 -0.672674
v 0.332582 0.131635 -0.672674
v 0.332582 0.131635 -0.752674
v 0.450898 0.131635 -0.752674
v 0.450898 0.174170 -0.672674
v 0.373515 0.174170 -0.672674
v 0.373515 0.174170 -0.752674
v 0.450898 0.174170 -0.752674
v 0.388515 0.579086 -0.687674
v 0.435898 0.579086 -0.687674
v 0.435898 0.579086 -0.737674
v 0.388515 0.579086 -0.737674
v 0.388515 0.555268 -0.687674
v 0.435898 0.555268 -0.687674
v 0.435898 0.555268 -0.737674
v 0.388515 0.555268 -0.737674
v 0.305150 0.451886 -0.925928
v 0.403045 0.548173 -0.930051
v 0.423985 0.548138 -0.930051
v 0.519650 0.453402 -0.925928
v 0.403049 0.500934 -0.941084
v 0.310330 0.408977 -0.926374
v 0.320775 0.419336 -0.941084
v 0.423901 0.500896 -0.941084
v 0.514381 0.410513 -0.926374
v 0.403046 0.537140 -0.941084
v 0.312826 0.443969 -0.941084
v 0.302337 0.433653 -0.926374
v 0.511947 0.445512 -0.941084
v 0.503973 0.420909 -0.941084
v 0.423954 0.537105 -0.941084
v 0.522400 0.435161 -0.926374
v 0.423901 0.500896 -0.910465
v 0.403049 0.500934 -0.910465
v 0.423985 0.548138 -0.846044
v 0.514381 0.410513 -0.846044
v 0.302337 0.433653 -0.846044
v 0.403049 0.500934 -0.846044
v 0.305150 0.451886 -0.766160
v 0.303750 0.450509 -0.846044
v 0.403045 0.548173 -0.846044
v 0.403045 0.548173 -0.762036
v 0.423985 0.548138 -0.762036
v 0.521046 0.452020 -0.846044
v 0.519650 0.453402 -0.766160
v 0.403049 0.500934 -0.751004
v 0.310330 0.408977 -0.765714
v 0.320775 0.419336 -0.751004
v 0.403046 0.537140 -0.751004
v 0.312826 0.443969 -0.751004
v 0.302337 0.433653 -0.765714
v 0.310330 0.408977 -0.846044
v 0.511947 0.445512 -0.751004
v 0.503973 0.420909 -0.751004
v 0.423901 0.500896 -0.751004
v 0.423954 0.537105 -0.751004
v 0.522400 0.435161 -0.765714
v 0.514381 0.410513 -0.765714
v 0.522400 0.435161 -0.846044
v 0.423901 0.500896 -0.781622
v 0.403049 0.500934 -0.781622
v 0.423901 0.500896 -0.846044
vn 1.0000 -0.0000 -0.0000
vn 0.9082 0.4170 -0.0362
vn 0.8642 0.5023 0.0296
vn 0.0295 0.3855 0.9223
vn 0.0363 0.4746 -0.8795
vn 0.0762 0.9971 -0.0000
vn 0.7071 0.7071 -0.0002
vn 0.7071 -0.7071 -0.0000
vn 0.7071 -0.7071 0.0002
vn 0.7071 0.7071 -0.0000
vn -0.0000 -0.0000 1.0000
vn -0.0000 -0.0000 -1.0000
vn -0.0000 1.0000 -0.0000
vn 0.0002 0.0009 1.0000
vn -0.0000 0.0008 1.0000
vn 0.0007 0.0012 1.0000
vn 0.0007 0.0011 1.0000
vn -0.0000 -1.0000 -0.0000
vn -0.0000 -0.7071 0.7071
vn -0.0002 0.7071 0.7071
vn -0.0000 0.7071 0.7071
vn -0.0002 -0.7071 -0.7071
vn -0.0000 -0.7071 -0.7071
vn -0.0000 0.7071 -0.7071
vn -0.0002 0.7071 -0.7071
vn -0.0002 -0.7071 0.7071
vn 0.7071 -0.7071 -0.0002
vn -1.0000 -0.0000 -0.0000
vn -0.0000 0.7129 0.7012
vn 0.4116 0.8189 0.3999
vn 0.4117 0.8176 -0.4026
vn -0.0000 0.7106 -0.7036
vn -0.0000 -0.9250 -0.3800
vn -0.0000 -0.7100 -0.7042
vn -0.0000 -0.7075 0.7067
vn -0.0000 -0.9236 0.3833
vn -0.0000 -0.7244 0.6893
vn -0.0000 -0.7269 -0.6868
vn -0.0000 1.0000 -0.0017
vn 0.7719 0.0214 0.6354
vn 0.4280 -0.2191 0.8768
vn 0.7069 -0.5124 0.4875
vn 0.7070 -0.5124 0.4875
vn 0.7069 -0.5141 -0.4857
vn 0.7070 -0.5141 -0.4857
vn 0.4220 -0.2180 -0.8800
vn 0.7718 0.0200 -0.6355
vn 0.3269 0.3902 0.8608
vn 0.7719 0.0213 0.6353
vn 0.5735 0.5717 0.5867
vn 0.5725 0.5724 0.5871
vn -0.0000 0.0028 1.0000
vn -0.0000 -0.0083 1.0000
vn 0.5729 0.5680 -0.5909
vn 0.5706 0.5689 -0.5922
vn 0.7718 0.0201 -0.6355
vn 0.3212 0.3838 -0.8657
vn 0.4221 -0.2179 -0.8800
vn -0.0000 -0.0005 -1.0000
vn -0.0000 -0.0117 -0.9999
vn 0.7071 0.7071 -0.0012
vn 0.4116 0.8189 0.4000
vn 0.5058 0.1436 0.8506
vn 0.5058 0.1407 -0.8511
vn -0.0000 -0.9236 0.3832
vn -0.0000 -0.9250 -0.3799
vn -0.0000 -1.0000 0.0018
vn -0.0000 0.9983 0.0589
vn -0.8642 0.5023 0.0296
vn -0.9082 0.4170 -0.0362
vn -0.0363 0.4746 -0.8795
vn -0.0295 0.3855 0.9223
vn -0.0762 0.9971 -0.0000
vn -0.0294 0.3855 0.9223
vn -0.0000 0.9963 -0.0865
vn 0.9082 0.4170 -0.0359
vn -0.7071 -0.7071 -0.0002
vn -0.7071 0.7071 -0.0000
vn -0.7071 -0.7071 -0.0000
vn -0.7071 0.7071 0.0002
vn -0.5482 -0.0000 -0.8364
vn -0.7071 -0.0000 -0.7071
vn -0.0002 0.0009 1.0000
vn -0.0007 0.0011 1.0000
vn -0.0006 0.0011 1.0000
vn 0.0002 -0.7071 0.7071
vn 0.0002 0.7071 -0.7071
vn 0.0002 -0.7071 -0.7071
vn -0.7071 -0.7071 0.0002
vn 0.0002 0.7071 0.7071
vn -0.4116 0.8189 0.3999
vn -0.4117 0.8176 -0.4026
vn -0.7719 0.0213 0.6354
vn -0.7070 -0.5124 0.4875
vn -0.7069 -0.5124 0.4875
vn -0.4280 -0.2191 0.8768
vn -0.7069 -0.5141 -0.4857
vn -0.7718 0.0200 -0.6355
vn -0.4220 -0.2180 -0.8800
vn -0.7070 -0.5141 -0.4857
vn -0.3269 0.3902 0.8608
vn -0.5725 0.5724 0.5871
vn -0.5735 0.5717 0.5867
vn -0.7719 0.0213 0.6353
vn -0.3269 0.3901 0.8608
vn -0.5729 0.5680 -0.5909
vn -0.3212 0.3838 -0.8657
vn -0.7718 0.0201 -0.6355
vn -0.5706 0.5689 -0.5922
vn -0.4221 -0.2179 -0.8800
vn -0.7071 0.7071 -0.0012
vn -0.4116 0.8189 0.4000
vn -0.5058 0.1436 0.8506
vn -0.5058 0.1407 -0.8511
vn 0.7071 0.7071 0.0003
vn -0.7071 0.7071 -0.0002
vn -0.7012 0.7129 -0.0000
vn -0.3999 0.8189 -0.4116
vn 0.4026 0.8176 -0.4117
vn 0.7036 0.7106 -0.0000
vn 0.3800 -0.9250 -0.0000
vn 0.7042 -0.7100 -0.0000
vn -0.7067 -0.7075 -0.0000
vn -0.3833 -0.9236 -0.0000
vn -0.9513 -0.3081 -0.0000
vn 0.9509 -0.3094 -0.0000
vn 0.0017 1.0000 -0.0000
vn -0.6967 0.2287 -0.6799
vn -0.7102 -0.2292 -0.6656
vn -0.7097 -0.2294 -0.6661
vn -0.9110 -0.0675 -0.4069
vn 0.7097 -0.2305 -0.6657
vn 0.6975 0.2285 -0.6792
vn 0.9137 -0.0654 -0.4010
vn 0.7098 -0.2310 -0.6654
vn -0.8608 0.3902 -0.3269
vn -0.5871 0.5724 -0.5725
vn -0.5867 0.5717 -0.5735
vn -0.6967 0.2288 -0.6799
vn -1.0000 0.0028 -0.0010
vn -0.8608 0.3901 -0.3269
vn -1.0000 -0.0083 -0.0000
vn 0.5909 0.5680 -0.5729
vn 0.8657 0.3838 -0.3212
vn 0.6975 0.2285 -0.6791
vn 0.5922 0.5689 -0.5706
vn 0.9998 -0.0117 -0.0177
vn 0.9999 -0.0005 -0.0165
vn 0.9999 -0.0005 -0.0164
vn 0.0012 0.7071 -0.7071
vn -0.4000 0.8189 -0.4116
vn -0.8506 0.1436 -0.5058
vn 0.8511 0.1407 -0.5058
vn -0.3832 -0.9236 -0.0000
vn -0.0018 -1.0000 -0.0000
vn 0.3799 -0.9250 -0.0000
vn 0.6669 -0.3323 -0.6669
vn 0.6567 -0.3707 -0.6567
vn 0.9287 -0.3707 -0.0000
vn 0.9432 -0.3323 -0.0000
vn -0.0000 -0.3323 -0.9432
vn -0.0000 -0.3707 -0.9287
vn -0.6669 -0.3323 -0.6669
vn -0.6567 -0.3707 -0.6567
vn -0.9432 -0.3323 -0.0000
vn -0.9287 -0.3707 -0.0000
vn -0.6669 -0.3323 0.6669
vn -0.6567 -0.3707 0.6567
vn -0.0000 -0.3323 0.9432
vn -0.0000 -0.3707 0.9287
vn 0.6669 -0.3323 0.6669
vn 0.6567 -0.3707 0.6567
vn 0.4112 0.8135 -0.4112
vn 0.5816 0.8135 -0.0000
vn 0.8153 0.5790 -0.0000
vn 0.5765 0.5790 -0.5765
vn -0.0000 0.8135 -0.5816
vn -0.0000 0.5790 -0.8153
vn -0.4112 0.8135 -0.4112
vn -0.5765 0.5790 -0.5765
vn -0.5816 0.8135 -0.0000
vn -0.8153 0.5790 -0.0000
vn -0.4112 0.8135 0.4112
vn -0.5765 0.5790 0.5765
vn -0.0000 0.8135 0.5816
vn -0.0000 0.5790 0.8153
vn 0.4112 0.8135 0.4112
vn 0.5765 0.5790 0.5765
vn -0.0001 -1.0000 -0.0000
vn 0.5410 -0.6439 -0.5410
vn 0.5964 -0.6418 -0.4821
vn 0.4821 -0.6418 -0.5964
vn 0.0001 -1.0000 -0.0000
vn -0.5410 -0.6439 -0.5410
vn -0.4821 -0.6418 -0.5964
vn -0.5964 -0.6418 -0.4821
vn -0.0000 -1.0000 -0.0001
vn -0.5410 -0.6439 0.5410
vn -0.5964 -0.6418 0.4821
vn -0.4821 -0.6418 0.5964
vn 0.5410 -0.6439 0.5410
vn 0.4821 -0.6418 0.5964
vn 0.5964 -0.6418 0.4821
vn -0.2898 0.9571 -0.0000
vn -0.0191 0.9996 0.0191
vn -0.0000 0.9571 0.2898
vn 0.0191 0.9996 0.0191
vn 0.2898 0.9571 -0.0000
vn 0.0191 0.9996 -0.0191
vn -0.0000 0.9571 -0.2898
vn -0.0191 0.9996 -0.0191
vn -0.0000 -1.0000 0.0001
vn -0.0000 -0.3707 -0.9288
vn -0.0000 -0.3707 0.9288
vn 0.9904 -0.1380 -0.0000
vn 0.7003 -0.1380 -0.7003
vn -0.0000 -0.1380 -0.9904
vn -0.7003 -0.1380 -0.7003
vn -0.9904 -0.1380 -0.0000
vn -0.7003 -0.1380 0.7003
vn -0.0000 -0.1380 0.9904
vn 0.7003 -0.1380 0.7003
vn -0.7893 0.5197 0.3269
vn -0.3269 0.5197 0.7893
vn 0.3269 0.5197 0.7893
vn 0.7893 0.5197 0.3269
vn 0.7893 0.5197 -0.3269
vn 0.3269 0.5197 -0.7893
vn -0.3269 0.5197 -0.7893
vn -0.7893 0.5197 -0.3269
vn -0.0000 0.1718 -0.9851
vn -0.1215 0.1215 -0.9851
vn -0.0000 0.1718 0.9851
vn -0.1215 0.1215 0.9851
vn -0.1714 0.0710 -0.9826
vn -0.9239 0.3827 -0.0000
vn 0.9239 -0.3827 -0.0000
vn -0.1714 0.0710 0.9826
vn 0.9239 0.3827 -0.0000
vn 0.1714 0.0710 -0.9826
vn 0.1215 0.1215 -0.9851
vn -0.9239 -0.3827 -0.0000
vn 0.1714 0.0710 0.9826
vn 0.1215 0.1215 0.9851
vn -0.6242 -0.4699 -0.6242
vn 0.6242 -0.4699 -0.6242
vn 0.6242 -0.4699 0.6242
vn -0.6242 -0.4699 0.6242
vn 0.7170 -0.0775 -0.6927
vn 0.7063 0.0578 -0.7056
vn -0.6473 -0.3181 -0.6927
vn -0.6834 -0.1873 -0.7056
vn -0.6473 -0.3181 0.6927
vn -0.6834 -0.1873 0.7056
vn 0.7171 -0.0775 0.6927
vn 0.7063 0.0578 0.7056
vn 0.7127 -0.0026 -0.7014
vn -0.6688 -0.2462 -0.7014
vn -0.6688 -0.2463 -0.7014
vn -0.6688 -0.2462 0.7014
vn 0.7127 -0.0026 0.7014
vn 0.2903 0.8529 -0.4339
vn -0.5645 0.7022 -0.4340
vn -0.5645 0.7022 0.4339
vn 0.2903 0.8529 0.4339
vn 0.1736 -0.9848 -0.0001
vn 0.1737 -0.9848 -0.0000
vn -0.9351 -0.1649 0.3136
vn -0.9848 -0.1736 -0.0000
vn -0.9550 -0.2967 -0.0000
vn -0.9175 -0.2459 0.3126
vn 0.9550 0.2967 -0.0000
vn 0.9848 0.1736 -0.0000
vn 0.9351 0.1649 -0.3136
vn 0.9175 0.2459 -0.3126
vn 0.0517 -0.2933 -0.9546
vn 0.1312 -0.7443 -0.6548
vn 0.1736 -0.9848 -0.0000
vn 0.1312 -0.7443 0.6548
vn 0.0517 -0.2933 0.9546
vn -0.1736 0.9848 -0.0000
vn 0.8765 0.4265 -0.2232
vn -0.9175 -0.2459 -0.3126
vn -0.8765 -0.4265 -0.2232
vn -0.9351 -0.1649 -0.3136
vn 0.9175 0.2459 0.3126
vn 0.9351 0.1649 0.3136
vn 0.8765 0.4265 0.2232
vn -0.8765 -0.4265 0.2232
vn 0.8802 0.4747 -0.0000
vn -0.8802 -0.4747 -0.0000
vn -0.9275 0.3738 -0.0000
vn -0.9136 -0.0633 -0.4016
vn 0.7096 -0.2300 -0.6660
vn 0.7097 -0.2304 -0.6658
vn -0.8647 0.3863 -0.3211
vn 0.5817 0.5618 -0.5881
vn 0.5824 0.5623 -0.5870
vn 0.9959 0.0900 -0.0000
vn 0.9968 0.0801 -0.0000
vn 0.9900 0.1402 -0.0127
vn 0.9887 0.1494 -0.0147
vn -0.9956 0.0935 -0.0000
vn -0.9965 0.0835 -0.0000
vn -0.3999 0.8189 0.4116
vn 0.4026 0.8176 0.4117
vn -0.6967 0.2287 0.6799
vn -0.9136 -0.0633 0.4016
vn -0.7097 -0.2294 0.6661
vn -0.7102 -0.2292 0.6656
vn 0.7097 -0.2305 0.6657
vn 0.7098 -0.2310 0.6654
vn 0.7097 -0.2304 0.6658
vn 0.7096 -0.2300 0.6660
vn -0.8647 0.3863 0.3211
vn -0.6967 0.2288 0.6799
vn -0.5867 0.5717 0.5735
vn -0.5871 0.5724 0.5725
vn 0.5909 0.5680 0.5729
vn 0.5922 0.5689 0.5706
vn 0.5824 0.5623 0.5870
vn 0.5817 0.5618 0.5881
vn 0.9887 0.1494 0.0147
vn 0.9900 0.1402 0.0127
vn 0.0012 0.7071 0.7071
vn -0.4000 0.8189 0.4116
vn -0.8506 0.1436 0.5058
vn 0.8511 0.1407 0.5058
vt 0.450981 0.528573
vt 0.480728 0.528573
vt 0.480728 0.961856
vt 0.450981 0.961856
vt 0.478661 0.984303
vt 0.454023 0.984303
vt 0.460305 0.522421
vt 0.460305 0.980689
vt 0.452888 0.980689
vt 0.452888 0.522421
vt 0.476044 0.522421
vt 0.476044 0.980689
vt 0.483046 0.522421
vt 0.483046 0.980689
vt 0.915864 0.161170
vt 0.915864 0.185593
vt 0.901907 0.185593
vt 0.901907 0.161170
vt 0.543007 0.523137
vt 0.553518 0.523137
vt 0.553518 0.979070
vt 0.543007 0.979070
vt 0.523883 0.523137
vt 0.534394 0.523137
vt 0.534394 0.979070
vt 0.523883 0.979070
vt 0.926876 0.044371
vt 0.938518 0.044371
vt 0.938518 0.064874
vt 0.926876 0.064874
vt 0.915864 0.215933
vt 0.901907 0.215933
vt 0.959571 0.161170
vt 0.959571 0.185593
vt 0.959562 0.185593
vt 0.973546 0.150850
vt 0.973546 0.185593
vt 0.973546 0.215933
vt 0.959588 0.215933
vt 0.478755 0.522421
vt 0.457734 0.522421
vt 0.973546 0.207193
vt 0.964792 0.185593
vt 0.964792 0.215933
vt 0.909420 0.215933
vt 0.909420 0.185593
vt 0.516973 0.523137
vt 0.516973 0.979070
vt 0.519566 0.979070
vt 0.519566 0.523137
vt 0.906834 0.044371
vt 0.906834 0.064874
vt 0.042139 0.060062
vt 0.034143 0.243468
vt 0.367349 0.243468
vt 0.367349 0.054554
vt 0.034143 0.243401
vt 0.042139 0.062950
vt 0.367349 0.057423
vt 0.367349 0.243401
vt 0.012749 0.186004
vt 0.012749 0.030577
vt 0.041274 0.010846
vt 0.041274 0.013771
vt 0.012749 0.185932
vt 0.367349 0.185932
vt 0.367349 0.013771
vt 0.012749 0.222453
vt 0.012749 0.044981
vt 0.367349 0.010846
vt 0.041274 0.025332
vt 0.367349 0.025332
vt 0.012749 0.033574
vt 0.012749 0.047921
vt 0.012749 0.222386
vt 0.367349 0.028204
vt 0.041274 0.028204
vt 0.072123 0.186004
vt 0.072123 0.185932
vt 0.367349 0.186004
vt 0.559609 0.523137
vt 0.559609 0.979070
vt 0.557016 0.979070
vt 0.557016 0.523137
vt 0.957454 0.044371
vt 0.957454 0.064874
vt 0.973546 0.161170
vt 0.042665 0.060062
vt 0.367874 0.054554
vt 0.367874 0.243468
vt 0.034668 0.243468
vt 0.034668 0.243401
vt 0.367874 0.243401
vt 0.367874 0.057423
vt 0.042665 0.062950
vt 0.013274 0.186004
vt 0.041799 0.010846
vt 0.013274 0.030577
vt 0.041799 0.013771
vt 0.367874 0.013771
vt 0.367874 0.185932
vt 0.013274 0.185932
vt 0.013274 0.044981
vt 0.013274 0.222453
vt 0.367874 0.010846
vt 0.367874 0.025332
vt 0.041799 0.025332
vt 0.013274 0.222386
vt 0.013274 0.047921
vt 0.013274 0.033574
vt 0.041799 0.028204
vt 0.367874 0.028204
vt 0.072648 0.185932
vt 0.072648 0.186004
vt 0.367874 0.186004
vt 0.482217 0.980689
vt 0.453977 0.980689
vt 0.336593 0.084160
vt 0.018121 0.079417
vt 0.018121 0.242085
vt 0.344423 0.242085
vt 0.344423 0.242027
vt 0.018121 0.242027
vt 0.018121 0.081888
vt 0.336593 0.086647
vt 0.365374 0.164605
vt 0.337440 0.013783
vt 0.365374 0.030773
vt 0.337440 0.016302
vt 0.018121 0.016302
vt 0.018121 0.164544
vt 0.365374 0.164544
vt 0.365374 0.071174
vt 0.365374 0.223990
vt 0.018121 0.013783
vt 0.018121 0.054255
vt 0.337440 0.054255
vt 0.365374 0.223931
vt 0.365374 0.073706
vt 0.365374 0.033353
vt 0.337440 0.056728
vt 0.018121 0.056728
vt 0.307231 0.164544
vt 0.307231 0.164605
vt 0.018121 0.164605
vt 0.969415 0.162696
vt 0.901189 0.162696
vt 0.901189 0.187476
vt 0.969415 0.187476
vt 0.963128 0.187476
vt 0.963128 0.162696
vt 0.901189 0.190559
vt 0.969415 0.190559
vt 0.969415 0.198381
vt 0.969415 0.201274
vt 0.545433 0.973486
vt 0.545433 0.572161
vt 0.469530 0.546266
vt 0.469530 0.979549
vt 0.453406 0.546266
vt 0.453406 0.979549
vt 0.451866 0.979549
vt 0.451866 0.546266
vt 0.552367 0.794495
vt 0.561194 0.658062
vt 0.552367 0.604192
vt 0.561194 0.521034
vt 0.552367 0.521034
vt 0.539068 0.521034
vt 0.539068 0.604192
vt 0.553222 0.815141
vt 0.553222 0.977158
vt 0.566596 0.977158
vt 0.566596 0.815141
vt 0.539068 0.604192
vt 0.540375 0.979820
vt 0.551421 0.809087
vt 0.539068 0.809087
vt 0.539068 0.971676
vt 0.940134 0.091019
vt 0.940134 0.076945
vt 0.932733 0.076945
vt 0.932733 0.091019
vt 0.539068 0.971676
vt 0.932733 0.076945
vt 0.525769 0.794495
vt 0.525769 0.604192
vt 0.516941 0.658062
vt 0.516941 0.521034
vt 0.525769 0.521034
vt 0.537499 0.815141
vt 0.524126 0.815141
vt 0.524126 0.977158
vt 0.537499 0.977158
vt 0.537761 0.979820
vt 0.526715 0.809087
vt 0.925331 0.091019
vt 0.925331 0.076945
vt 0.882138 0.383511
vt 0.993117 0.383511
vt 0.878929 0.254372
vt 0.995975 0.254372
vt 0.995975 0.371912
vt 0.878929 0.371912
vt 0.882138 0.494279
vt 0.993117 0.494279
vt 0.569705 0.985613
vt 0.571498 0.985613
vt 0.569705 0.525560
vt 0.571498 0.525560
vt 0.559393 0.985613
vt 0.561185 0.985613
vt 0.559393 0.525560
vt 0.561185 0.525560
vt 0.572284 0.809696
vt 0.559854 0.809696
vt 0.572284 0.941140
vt 0.559854 0.941140
vt 0.572284 0.628783
vt 0.559854 0.628783
vt 0.572284 0.760226
vt 0.559854 0.760226
vt 0.570402 0.809696
vt 0.570850 0.809696
vt 0.570402 0.941140
vt 0.570850 0.941140
vt 0.570402 0.628783
vt 0.570850 0.628783
vt 0.570402 0.760226
vt 0.570850 0.760226
vt 0.517229 0.985613
vt 0.515436 0.985613
vt 0.517229 0.525560
vt 0.515436 0.525560
vt 0.527541 0.985613
vt 0.525749 0.985613
vt 0.527541 0.525560
vt 0.525749 0.525560
vt 0.514650 0.809696
vt 0.527080 0.809696
vt 0.514650 0.941140
vt 0.527080 0.941140
vt 0.514650 0.628783
vt 0.527080 0.628783
vt 0.514650 0.760226
vt 0.527080 0.760226
vt 0.516532 0.809696
vt 0.516084 0.809696
vt 0.516532 0.941140
vt 0.516084 0.941140
vt 0.516532 0.628783
vt 0.516084 0.628783
vt 0.516532 0.760226
vt 0.516084 0.760226
vt 0.073109 0.626218
vt 0.090837 0.758499
vt 0.061763 0.758499
vt 0.061763 0.626218
vt 0.077808 0.626218
vt 0.102880 0.758499
vt 0.050418 0.626218
vt 0.032689 0.758499
vt 0.045718 0.626218
vt 0.020647 0.758499
vt 0.079665 0.805354
vt 0.061763 0.805354
vt 0.087080 0.805354
vt 0.043861 0.805354
vt 0.036446 0.805354
vt 0.061763 0.513166
vt 0.061763 0.812369
vt 0.060546 0.823801
vt 0.076107 0.937528
vt 0.060546 0.988652
vt 0.101335 0.988652
vt 0.044984 0.937528
vt 0.019756 0.988652
vt 0.060546 0.934944
vt 0.363775 0.506644
vt 0.370766 0.506644
vt 0.387644 0.506644
vt 0.404521 0.506644
vt 0.411512 0.506644
vt 0.408440 0.806599
vt 0.387644 0.806599
vt 0.417055 0.806599
vt 0.387644 0.806599
vt 0.366847 0.806599
vt 0.358233 0.806599
vt 0.404928 0.806599
vt 0.412088 0.806599
vt 0.370359 0.806599
vt 0.363199 0.806599
vt 0.401991 0.759034
vt 0.387644 0.759034
vt 0.407935 0.759034
vt 0.373296 0.759034
vt 0.367353 0.759034
vt 0.230699 0.830885
vt 0.227861 0.830885
vt 0.221008 0.830885
vt 0.214156 0.830885
vt 0.211317 0.830885
vt 0.548995 0.975374
vt 0.562805 0.932262
vt 0.562805 0.859896
vt 0.548995 0.890381
vt 0.548995 0.889150
vt 0.548995 0.829411
vt 0.535184 0.932262
vt 0.535184 0.859896
vt 0.562805 0.685189
vt 0.548995 0.685189
vt 0.535184 0.685189
vt 0.535184 0.685189
vt 0.535184 0.859896
vt 0.548995 0.627917
vt 0.902783 0.545775
vt 0.902783 0.904903
vt 0.887959 0.908295
vt 0.887959 0.549166
vt 0.887959 0.542383
vt 0.887959 0.901512
vt 0.873135 0.545775
vt 0.873135 0.904903
vt 0.911388 0.966880
vt 0.887959 0.972240
vt 0.887959 0.961520
vt 0.864530 0.966880
vt 0.887959 0.983587
vt 0.887959 0.519888
vt 0.803543 0.959643
vt 0.814388 0.949942
vt 0.814388 0.689199
vt 0.803543 0.698900
vt 0.814388 0.696026
vt 0.814388 0.956769
vt 0.803543 0.966470
vt 0.803543 0.705727
vt 0.825232 0.966470
vt 0.825232 0.705727
vt 0.825232 0.698900
vt 0.825232 0.959643
vt 0.819532 0.579065
vt 0.819532 0.572239
vt 0.814388 0.532911
vt 0.814388 0.539738
vt 0.809243 0.579065
vt 0.809243 0.572239
vt 0.898625 0.150122
vt 0.898625 0.172473
vt 0.961633 0.150122
vt 0.961633 0.172473
vt 0.898625 0.199244
vt 0.961633 0.199244
vt 0.961633 0.216410
vt 0.954580 0.172473
vt 0.954580 0.199244
vt 0.942684 0.070572
vt 0.942684 0.027130
vt 0.451531 0.509942
vt 0.451531 0.616116
vt 0.478569 0.509942
vt 0.478569 0.616116
vt 0.451531 0.650424
vt 0.478569 0.650424
vt 0.451531 0.977021
vt 0.478569 0.977021
vt 0.456601 0.977021
vt 0.473499 0.977021
vt 0.456601 0.957809
vt 0.473499 0.957809
vt 0.953376 0.053694
vt 0.936477 0.053694
vt 0.339685 0.079985
vt 0.189457 0.077691
vt 0.189457 0.240364
vt 0.347440 0.240364
vt 0.189457 0.240305
vt 0.189457 0.080209
vt 0.339685 0.082511
vt 0.347440 0.240305
vt 0.368188 0.161681
vt 0.340524 0.008515
vt 0.368188 0.025769
vt 0.368188 0.066798
vt 0.368188 0.221988
vt 0.189457 0.008515
vt 0.189457 0.049615
vt 0.340524 0.049615
vt 0.368188 0.161618
vt 0.368188 0.221928
vt 0.368188 0.069369
vt 0.368188 0.028389
vt 0.340524 0.052127
vt 0.340524 0.011073
vt 0.189457 0.052127
vt 0.310607 0.161618
vt 0.310607 0.161681
vt 0.189457 0.161681
vt 0.189457 0.161618
vt 0.189457 0.011073
vt 0.039228 0.079985
vt 0.031473 0.240364
vt 0.031473 0.240305
vt 0.039228 0.082511
vt 0.010725 0.161681
vt 0.010725 0.025769
vt 0.038389 0.008515
vt 0.010725 0.221988
vt 0.010725 0.066798
vt 0.038389 0.049615
vt 0.010725 0.161618
vt 0.010725 0.028389
vt 0.010725 0.069369
vt 0.010725 0.221928
vt 0.038389 0.011073
vt 0.038389 0.052127
vt 0.068307 0.161681
vt 0.068307 0.161618
s 1
usemtl Material_#25
f 1/1/1 2/2/1 4/3/2
f 4/3/2 3/4/3 1/1/1
f 3/4/4 4/3/5 6/5/6
f 6/5/6 5/6/6 3/4/4
f 8/7/1 9/8/1 10/9/7
f 10/9/7 7/10/8 8/7/1
f 11/11/1 12/12/1 9/8/1
f 9/8/1 8/7/1 11/11/1
f 13/13/9 14/14/10 12/12/1
f 12/12/1 11/11/1 13/13/9
f 16/15/1 33/16/1 34/17/1
f 34/17/1 15/18/1 16/15/1
f 20/19/1 21/20/1 22/21/1
f 22/21/1 23/22/1 20/19/1
f 24/23/1 25/24/1 26/25/1
f 26/25/1 27/26/1 24/23/1
f 20/19/11 23/22/11 28/22/11
f 28/22/11 29/19/11 20/19/11
f 26/25/12 25/24/12 30/24/12
f 30/24/12 31/25/12 26/25/12
f 30/27/1 29/28/1 28/29/1
f 28/29/1 31/30/1 30/27/1
f 17/31/1 18/32/1 34/17/1
f 34/17/1 33/16/1 17/31/1
f 19/31/12 17/31/12 33/16/12
f 33/16/12 32/16/12 19/31/12
f 33/16/1 16/15/1 35/33/1
f 35/33/1 37/34/1 33/16/1
f 32/16/13 33/16/13 37/34/13
f 37/34/13 36/35/13 32/16/13
f 38/36/1 39/37/1 37/34/1
f 37/34/1 35/33/1 38/36/1
f 40/38/1 41/39/1 37/34/1
f 37/34/1 39/37/1 40/38/1
f 37/34/14 41/39/15 42/39/16
f 42/39/16 36/35/17 37/34/14
f 8/7/18 7/10/19 43/10/18
f 43/10/18 44/7/18 8/7/18
f 10/9/20 9/8/13 45/8/13
f 45/8/13 46/9/13 10/9/21
f 11/11/18 8/7/18 44/7/18
f 44/7/18 47/11/18 11/11/18
f 9/8/13 12/12/13 48/12/13
f 48/12/13 45/8/13 9/8/13
f 13/13/22 11/11/18 47/11/18
f 47/11/18 49/13/18 13/13/23
f 12/12/13 14/14/24 50/14/13
f 50/14/13 48/12/13 12/12/13
f 14/14/25 13/13/23 172/13/12
f 172/13/12 51/14/12 14/14/25
f 172/13/18 13/13/8 52/40/18
f 52/40/18 53/40/18 172/13/18
f 7/10/26 10/9/21 55/9/11
f 55/9/11 54/10/11 7/10/26
f 7/10/27 54/10/18 174/41/18
f 174/41/18 56/41/18 7/10/8
f 34/17/11 18/32/11 58/32/11
f 58/32/11 59/17/11 34/17/11
f 15/18/11 34/17/11 59/17/11
f 59/17/11 57/18/11 15/18/11
f 57/18/11 59/17/11 179/17/11
f 179/17/11 60/18/11 57/18/11
f 39/37/12 38/36/12 61/36/12
f 61/36/12 62/37/12 39/37/12
f 40/38/12 39/37/12 62/37/12
f 62/37/12 63/38/12 40/38/12
f 64/37/12 65/36/12 180/36/12
f 180/36/12 181/42/12 64/37/12
f 66/38/12 64/37/12 181/42/12
f 181/42/12 182/38/12 66/38/12
f 64/37/12 62/37/12 61/36/12
f 61/36/12 65/36/12 64/37/12
f 63/38/28 62/37/28 67/43/28
f 67/43/28 68/44/28 63/38/28
f 64/37/1 66/38/1 70/44/1
f 70/44/1 69/43/1 64/37/1
f 62/37/13 64/37/13 69/43/13
f 69/43/13 67/43/13 62/37/13
f 59/17/28 58/32/28 71/45/28
f 71/45/28 72/46/28 59/17/28
f 179/17/13 59/17/13 72/46/13
f 72/46/13 73/46/13 179/17/13
f 74/47/11 75/47/11 76/48/11
f 76/48/11 77/48/11 74/47/11
f 78/47/11 79/47/11 80/48/11
f 80/48/11 191/48/11 78/47/11
f 74/47/28 77/48/28 81/49/28
f 81/49/28 82/50/28 74/47/28
f 80/48/1 79/47/1 83/50/1
f 83/50/1 84/49/1 80/48/1
f 83/51/11 82/51/11 81/52/11
f 81/52/11 84/52/11 83/51/11
f 105/53/29 88/54/30 86/55/29
f 86/55/29 198/56/29 105/53/29
f 104/57/31 89/58/32 201/59/32
f 201/59/32 94/60/32 104/57/31
f 92/61/33 99/62/34 91/63/34
f 100/64/35 97/65/36 207/66/35
f 207/66/35 90/67/35 100/64/35
f 99/62/1 92/61/1 102/68/1
f 102/68/1 98/69/1 99/62/1
f 211/70/37 91/63/37 87/71/37
f 87/71/37 85/72/37 211/70/37
f 97/65/1 93/73/1 106/74/1
f 106/74/1 95/75/1 97/65/1
f 100/64/38 90/67/38 101/76/38
f 101/76/38 103/77/38 100/64/38
f 88/54/39 104/57/39 94/60/39
f 94/60/39 86/55/39 88/54/39
f 92/61/1 97/65/1 95/75/1
f 95/75/1 102/68/1 92/61/1
f 98/69/40 87/71/41 91/63/42
f 91/63/42 99/62/43 98/69/40
f 93/73/44 100/64/45 103/77/46
f 103/77/46 106/74/47 93/73/44
f 105/53/48 98/69/49 102/68/50
f 102/68/50 88/54/51 105/53/48
f 198/56/52 85/72/53 87/71/41
f 87/71/41 105/53/48 198/56/52
f 104/57/54 95/75/55 106/74/56
f 106/74/56 89/58/57 104/57/54
f 89/58/57 103/77/58 101/76/59
f 101/76/59 201/59/60 89/58/57
f 95/75/61 104/57/31 88/54/62
f 88/54/62 102/68/61 95/75/61
f 98/69/63 105/53/63 87/71/63
f 103/77/64 89/58/64 106/74/64
f 97/65/65 92/61/66 107/78/67
f 107/78/67 108/79/67 97/65/65
f 96/80/34 92/61/33 91/63/34
f 91/63/34 211/70/34 96/80/34
f 100/64/35 93/73/35 97/65/36
f 111/81/12 112/81/12 113/82/12
f 113/82/12 114/82/12 111/81/12
f 109/81/1 110/82/1 115/83/1
f 115/83/1 116/84/1 109/81/1
f 113/82/28 112/81/28 117/84/28
f 117/84/28 118/83/28 113/82/28
f 117/85/12 116/85/12 115/86/12
f 115/86/12 118/86/12 117/85/12
f 1/1/11 3/4/4 120/4/11
f 120/4/11 119/1/11 1/1/11
f 120/4/68 3/4/3 5/6/68
f 5/6/68 121/6/68 120/4/68
f 122/1/28 125/4/69 124/3/70
f 124/3/70 123/2/28 122/1/28
f 123/2/12 124/3/71 4/3/5
f 4/3/5 2/2/12 123/2/12
f 125/4/72 127/6/73 126/5/73
f 126/5/73 124/3/71 125/4/74
f 124/3/70 126/5/75 6/5/75
f 6/5/75 4/3/76 124/3/70
f 129/7/28 128/10/77 131/9/78
f 131/9/78 130/8/28 129/7/28
f 132/11/28 129/7/28 130/8/28
f 130/8/28 133/12/28 132/11/28
f 134/13/79 132/11/28 133/12/28
f 133/12/28 135/14/80 134/13/79
f 137/15/28 136/18/28 139/17/28
f 139/17/28 138/16/28 137/15/28
f 140/19/28 143/22/28 142/21/28
f 142/21/28 141/20/28 140/19/28
f 144/23/28 147/26/28 146/25/28
f 146/25/28 145/24/28 144/23/28
f 140/19/11 149/19/11 148/22/11
f 148/22/11 143/22/11 140/19/11
f 146/25/12 151/25/12 150/24/12
f 150/24/12 145/24/12 146/25/12
f 150/27/28 151/30/28 148/29/28
f 148/29/28 149/28/28 150/27/28
f 152/31/28 138/16/28 139/17/28
f 139/17/28 153/32/28 152/31/28
f 155/31/12 154/16/12 138/16/12
f 138/16/12 152/31/12 155/31/12
f 138/16/28 157/34/28 156/33/28
f 156/33/28 137/15/28 138/16/28
f 154/16/13 158/35/13 157/34/13
f 157/34/13 138/16/13 154/16/13
f 159/87/81 156/33/28 157/34/28
f 157/34/28 160/37/82 159/87/81
f 161/38/82 160/37/82 157/34/28
f 157/34/28 162/39/28 161/38/82
f 157/34/83 158/35/84 163/39/85
f 163/39/85 162/39/15 157/34/83
f 129/7/18 165/7/18 164/10/18
f 164/10/18 128/10/86 129/7/18
f 131/9/21 167/9/13 166/8/13
f 166/8/13 130/8/13 131/9/21
f 132/11/18 168/11/18 165/7/18
f 165/7/18 129/7/18 132/11/18
f 130/8/13 166/8/13 169/12/13
f 169/12/13 133/12/13 130/8/13
f 134/13/23 170/13/18 168/11/18
f 168/11/18 132/11/18 134/13/23
f 133/12/13 169/12/13 171/14/13
f 171/14/13 135/14/87 133/12/13
f 135/14/24 51/14/12 172/13/12
f 172/13/12 134/13/88 135/14/24
f 172/13/18 53/40/18 173/40/18
f 173/40/18 134/13/89 172/13/18
f 128/10/19 54/10/11 55/9/11
f 55/9/11 131/9/90 128/10/19
f 128/10/79 175/41/18 174/41/18
f 174/41/18 54/10/18 128/10/79
f 139/17/11 177/17/11 176/32/11
f 176/32/11 153/32/11 139/17/11
f 136/18/11 178/18/11 177/17/11
f 177/17/11 139/17/11 136/18/11
f 178/18/11 60/18/11 179/17/11
f 179/17/11 177/17/11 178/18/11
f 180/36/12 159/87/81 160/37/82
f 160/37/82 181/42/12 180/36/12
f 182/38/12 181/42/12 160/37/82
f 160/37/82 161/38/82 182/38/12
f 177/17/1 184/46/1 183/45/1
f 183/45/1 176/32/1 177/17/1
f 179/17/13 73/46/13 184/46/13
f 184/46/13 177/17/13 179/17/13
f 185/47/11 188/48/11 187/48/11
f 187/48/11 186/47/11 185/47/11
f 78/47/11 191/48/11 190/48/11
f 190/48/11 189/47/11 78/47/11
f 185/47/1 193/50/1 192/49/1
f 192/49/1 188/48/1 185/47/1
f 190/48/28 195/49/28 194/50/28
f 194/50/28 189/47/28 190/48/28
f 194/51/11 195/52/11 192/52/11
f 192/52/11 193/51/11 194/51/11
f 196/88/29 198/89/29 86/90/29
f 86/90/29 197/91/91 196/88/29
f 199/92/92 94/93/32 201/94/32
f 201/94/32 200/95/32 199/92/92
f 202/96/33 204/97/34 203/98/34
f 205/99/35 90/100/35 207/101/35
f 207/101/35 206/102/36 205/99/35
f 203/98/28 209/103/28 208/104/28
f 208/104/28 202/96/28 203/98/28
f 211/105/37 85/106/37 210/107/37
f 210/107/37 204/97/37 211/105/37
f 206/102/28 213/108/28 212/109/28
f 212/109/28 214/110/28 206/102/28
f 205/99/38 215/111/38 101/112/38
f 101/112/38 90/100/38 205/99/38
f 197/91/39 86/90/39 94/93/39
f 94/93/39 199/92/39 197/91/39
f 202/96/28 208/104/28 213/108/28
f 213/108/28 206/102/28 202/96/28
f 209/103/93 203/98/94 204/97/95
f 204/97/95 210/107/96 209/103/93
f 214/110/97 212/109/98 215/111/99
f 215/111/99 205/99/100 214/110/97
f 196/88/101 197/91/102 208/104/103
f 208/104/103 209/103/104 196/88/101
f 198/89/52 196/88/105 210/107/96
f 210/107/96 85/106/53 198/89/52
f 199/92/106 200/95/107 212/109/108
f 212/109/108 213/108/109 199/92/106
f 200/95/107 201/94/60 101/112/59
f 101/112/59 215/111/110 200/95/107
f 213/108/111 208/104/111 197/91/112
f 197/91/112 199/92/92 213/108/111
f 209/103/113 210/107/113 196/88/113
f 215/111/114 212/109/114 200/95/114
f 206/102/65 217/113/67 216/114/67
f 216/114/67 202/96/66 206/102/65
f 96/115/34 211/105/34 204/97/34
f 204/97/34 202/96/33 96/115/34
f 205/99/35 206/102/36 214/110/35
f 122/1/11 119/1/11 120/4/11
f 120/4/11 125/4/72 122/1/11
f 120/4/68 121/6/68 127/6/68
f 127/6/68 125/4/69 120/4/68
f 218/81/12 219/81/12 220/82/12
f 220/82/12 221/82/12 218/81/12
f 218/81/1 221/82/1 224/83/1
f 224/83/1 225/84/1 218/81/1
f 223/82/28 222/81/28 226/84/28
f 226/84/28 227/83/28 223/82/28
f 226/85/12 225/85/12 224/86/12
f 224/86/12 227/86/12 226/85/12
f 223/82/12 110/82/12 109/81/12
f 109/81/12 222/81/12 223/82/12
f 14/14/115 51/14/13 229/116/13
f 229/116/13 228/116/13 14/14/10
f 51/14/13 135/14/78 230/116/13
f 230/116/13 229/116/13 51/14/13
f 55/9/13 10/9/10 231/117/13
f 231/117/13 232/117/13 55/9/13
f 131/9/116 55/9/13 232/117/13
f 232/117/13 233/117/13 131/9/78
f 244/118/117 235/119/117 234/120/117
f 234/120/117 245/121/118 244/118/117
f 246/122/119 237/123/120 236/124/120
f 236/124/120 247/125/120 246/122/119
f 248/126/121 249/127/122 250/128/122
f 252/129/123 238/130/123 239/131/123
f 239/131/123 251/132/124 252/129/123
f 250/128/12 254/133/12 253/134/12
f 253/134/12 248/126/12 250/128/12
f 241/135/125 240/136/125 255/137/125
f 255/137/125 249/127/125 241/135/125
f 251/132/12 258/138/12 256/139/12
f 256/139/12 257/140/12 251/132/12
f 252/129/126 259/141/126 242/142/126
f 242/142/126 238/130/126 252/129/126
f 245/121/127 234/120/127 237/123/127
f 237/123/127 246/122/127 245/121/127
f 248/126/12 253/134/12 258/138/12
f 258/138/12 251/132/12 248/126/12
f 254/133/128 250/128/129 249/127/130
f 249/127/130 255/137/131 254/133/128
f 257/140/132 256/139/133 259/141/134
f 259/141/134 252/129/135 257/140/132
f 244/118/136 245/121/137 253/134/138
f 253/134/138 254/133/139 244/118/136
f 235/119/140 244/118/141 255/137/131
f 255/137/131 240/136/142 235/119/140
f 246/122/143 247/125/144 256/139/145
f 256/139/145 258/138/146 246/122/143
f 247/125/144 236/124/147 242/142/148
f 242/142/149 259/141/134 247/125/144
f 258/138/150 253/134/150 245/121/151
f 245/121/151 246/122/119 258/138/150
f 254/133/152 255/137/152 244/118/152
f 259/141/153 256/139/153 247/125/153
f 251/132/154 260/143/155 261/144/155
f 261/144/155 248/126/156 251/132/154
f 243/145/122 241/135/122 249/127/122
f 249/127/122 248/126/121 243/145/122
f 252/129/123 251/132/124 257/140/123
f 262/146/28 265/147/28 264/148/28
f 264/148/28 263/149/28 262/146/28
f 263/149/12 267/149/12 266/146/12
f 266/146/12 262/146/12 263/149/12
f 267/149/1 269/150/1 268/151/1
f 268/151/1 266/146/1 267/149/1
f 264/148/28 271/152/28 270/153/28
f 270/153/28 263/149/28 264/148/28
f 263/149/12 270/153/12 272/154/12
f 272/154/12 267/149/12 263/149/12
f 273/146/1 274/149/1 275/148/1
f 275/148/1 276/147/1 273/146/1
f 274/149/12 273/146/12 277/146/12
f 277/146/12 278/149/12 274/149/12
f 278/149/28 277/146/28 279/151/28
f 279/151/28 280/150/28 278/149/28
f 275/148/1 274/149/1 281/153/1
f 281/153/1 282/152/1 275/148/1
f 274/149/12 278/149/12 283/154/12
f 283/154/12 281/153/12 274/149/12
f 283/154/12 278/149/12 285/149/12
f 285/149/12 284/155/12 283/154/12
f 278/149/18 280/150/18 286/150/18
f 286/150/18 285/149/18 278/149/18
f 272/154/12 284/155/12 285/149/12
f 285/149/12 267/149/12 272/154/12
f 267/149/18 285/149/18 286/150/18
f 286/150/18 269/150/18 267/149/18
f 280/156/12 279/157/12 287/157/12
f 287/157/12 286/156/12 280/156/12
f 269/156/12 286/156/12 287/157/12
f 287/157/12 268/157/12 269/156/12
f 288/158/12 289/159/12 290/159/12
f 290/159/12 291/158/12 288/158/12
f 289/159/28 288/158/28 292/160/28
f 292/160/28 293/161/28 289/159/28
f 291/158/1 290/159/1 294/162/1
f 294/162/1 295/163/1 291/158/1
f 290/159/13 289/159/13 293/161/13
f 293/161/13 294/162/13 290/159/13
f 296/158/12 299/158/12 298/159/12
f 298/159/12 297/159/12 296/158/12
f 297/159/1 301/161/1 300/160/1
f 300/160/1 296/158/1 297/159/1
f 299/158/28 303/163/28 302/162/28
f 302/162/28 298/159/28 299/158/28
f 298/159/13 302/162/13 301/161/13
f 301/161/13 297/159/13 298/159/13
f 310/164/28 304/165/28 309/166/28
f 304/165/12 325/165/12 307/167/12
f 307/167/12 305/167/12 304/165/12
f 305/167/28 308/168/28 309/166/28
f 309/166/28 304/165/28 305/167/28
f 338/169/28 339/170/28 309/166/28
f 309/166/28 308/168/28 338/169/28
f 339/170/13 340/170/13 312/166/13
f 312/166/13 309/166/13 339/170/13
f 310/164/11 309/166/11 312/166/11
f 312/166/11 313/164/11 310/164/11
f 315/171/28 316/172/28 317/173/28
f 317/173/28 318/174/28 315/171/28
f 315/171/11 319/171/11 320/172/11
f 320/172/11 316/172/11 315/171/11
f 321/164/1 323/166/1 322/165/1
f 322/165/12 324/167/12 307/167/12
f 307/167/12 325/165/12 322/165/12
f 324/167/1 322/165/1 323/166/1
f 323/166/1 326/168/1 324/167/1
f 323/166/1 342/175/1 341/169/1
f 341/169/1 326/168/1 323/166/1
f 329/166/13 344/175/13 342/175/13
f 342/175/13 323/166/13 329/166/13
f 321/164/11 330/164/11 329/166/11
f 329/166/11 323/166/11 321/164/11
f 332/171/1 335/174/1 334/173/1
f 334/173/1 333/172/1 332/171/1
f 332/171/11 333/172/11 337/172/11
f 337/172/11 336/171/11 332/171/11
f 306/176/28 311/177/28 377/178/28
f 377/178/28 374/179/28 306/176/28
f 311/177/18 314/177/18 379/178/18
f 379/178/18 377/178/18 311/177/18
f 320/180/28 319/181/28 381/182/28
f 381/182/28 380/183/28 320/180/28
f 382/178/1 328/177/1 327/176/1
f 327/176/1 343/184/1 382/178/1
f 331/177/18 328/177/18 382/178/18
f 382/178/18 385/178/18 331/177/18
f 336/181/1 337/180/1 345/183/1
f 345/183/1 387/185/1 336/181/1
f 346/186/28 348/187/28 347/188/28
f 347/188/11 349/189/11 351/189/11
f 351/189/11 350/188/11 347/188/11
f 349/189/28 347/188/28 348/187/28
f 348/187/28 352/190/28 349/189/28
f 338/169/28 352/190/28 348/187/28
f 348/187/28 339/170/28 338/169/28
f 339/170/13 348/187/13 353/187/13
f 353/187/13 340/170/13 339/170/13
f 346/186/12 354/186/12 353/187/12
f 353/187/12 348/187/12 346/186/12
f 355/191/28 358/192/28 357/193/28
f 357/193/28 356/194/28 355/191/28
f 355/191/12 356/194/12 360/194/12
f 360/194/12 359/191/12 355/191/12
f 361/186/1 363/188/1 362/187/1
f 363/188/11 350/188/11 351/189/11
f 351/189/11 364/189/11 363/188/11
f 364/189/1 365/190/1 362/187/1
f 362/187/1 363/188/1 364/189/1
f 362/187/1 365/190/1 341/169/1
f 341/169/1 342/175/1 362/187/1
f 366/187/13 362/187/13 342/175/13
f 342/175/13 344/175/13 366/187/13
f 361/186/12 362/187/12 366/187/12
f 366/187/12 367/186/12 361/186/12
f 368/191/1 371/194/1 370/193/1
f 370/193/1 369/192/1 368/191/1
f 368/191/12 373/191/12 372/194/12
f 372/194/12 371/194/12 368/191/12
f 375/195/28 374/179/28 377/178/28
f 377/178/28 376/196/28 375/195/28
f 376/196/18 377/178/18 379/178/18
f 379/178/18 378/196/18 376/196/18
f 360/197/28 380/183/28 381/182/28
f 381/182/28 359/198/28 360/197/28
f 382/178/1 343/184/1 384/195/1
f 384/195/1 383/196/1 382/178/1
f 386/196/18 385/178/18 382/178/18
f 382/178/18 383/196/18 386/196/18
f 373/198/1 387/185/1 345/183/1
f 345/183/1 372/197/1 373/198/1
f 388/199/18 389/200/18 390/200/18
f 390/200/18 391/199/18 388/199/18
f 392/201/13 393/202/13 394/203/13
f 394/203/13 395/204/13 392/201/13
f 388/199/11 391/199/11 393/205/11
f 393/205/11 392/205/11 388/199/11
f 391/199/1 390/200/1 394/206/1
f 394/206/1 393/205/1 391/199/1
f 390/200/12 389/200/12 395/206/12
f 395/206/12 394/206/12 390/200/12
f 389/200/28 388/199/28 392/205/28
f 392/205/28 395/206/28 389/200/28
f 396/199/18 398/200/18 399/200/18
f 399/200/18 397/199/18 396/199/18
f 400/201/13 401/202/13 403/203/13
f 403/203/13 402/204/13 400/201/13
f 396/199/11 397/199/11 401/205/11
f 401/205/11 400/205/11 396/199/11
f 397/199/1 399/200/1 403/206/1
f 403/206/1 401/205/1 397/199/1
f 399/200/12 398/200/12 402/206/12
f 402/206/12 403/206/12 399/200/12
f 398/200/28 396/199/28 400/205/28
f 400/205/28 402/206/28 398/200/28
f 404/199/18 406/200/18 407/200/18
f 407/200/18 405/199/18 404/199/18
f 408/201/13 409/202/13 411/203/13
f 411/203/13 410/204/13 408/201/13
f 404/199/11 405/199/11 409/205/11
f 409/205/11 408/205/11 404/199/11
f 405/199/1 407/200/1 411/206/1
f 411/206/1 409/205/1 405/199/1
f 407/200/12 406/200/12 410/206/12
f 410/206/12 411/206/12 407/200/12
f 406/200/28 404/199/28 408/205/28
f 408/205/28 410/206/28 406/200/28
f 412/199/18 413/200/18 414/200/18
f 414/200/18 415/199/18 412/199/18
f 416/201/13 417/202/13 418/203/13
f 418/203/13 419/204/13 416/201/13
f 412/199/11 415/199/11 417/205/11
f 417/205/11 416/205/11 412/199/11
f 415/199/1 414/200/1 418/206/1
f 418/206/1 417/205/1 415/199/1
f 414/200/12 413/200/12 419/206/12
f 419/206/12 418/206/12 414/200/12
f 413/200/28 412/199/28 416/205/28
f 416/205/28 419/206/28 413/200/28
f 420/199/18 421/200/18 422/200/18
f 422/200/18 423/199/18 420/199/18
f 424/201/13 425/202/13 426/203/13
f 426/203/13 427/204/13 424/201/13
f 420/199/11 423/199/11 425/205/11
f 425/205/11 424/205/11 420/199/11
f 423/199/1 422/200/1 426/206/1
f 426/206/1 425/205/1 423/199/1
f 422/200/12 421/200/12 427/206/12
f 427/206/12 426/206/12 422/200/12
f 421/200/28 420/199/28 424/205/28
f 424/205/28 427/206/28 421/200/28
f 428/199/18 430/200/18 431/200/18
f 431/200/18 429/199/18 428/199/18
f 432/201/13 433/202/13 435/203/13
f 435/203/13 434/204/13 432/201/13
f 428/199/11 429/199/11 433/205/11
f 433/205/11 432/205/11 428/199/11
f 429/199/1 431/200/1 435/206/1
f 435/206/1 433/205/1 429/199/1
f 431/200/12 430/200/12 434/206/12
f 434/206/12 435/206/12 431/200/12
f 430/200/28 428/199/28 432/205/28
f 432/205/28 434/206/28 430/200/28
f 440/207/13 441/208/13 443/208/13
f 443/208/13 442/207/13 440/207/13
f 436/209/11 437/210/11 441/208/11
f 441/208/11 440/207/11 436/209/11
f 437/210/1 439/210/1 443/208/1
f 443/208/1 441/208/1 437/210/1
f 439/210/12 438/209/12 442/207/12
f 442/207/12 443/208/12 439/210/12
f 438/209/28 436/209/28 440/207/28
f 440/207/28 442/207/28 438/209/28
f 444/207/13 445/208/13 446/208/13
f 446/208/13 447/207/13 444/207/13
f 448/209/11 449/210/11 445/208/11
f 445/208/11 444/207/11 448/209/11
f 449/210/1 450/210/1 446/208/1
f 446/208/1 445/208/1 449/210/1
f 450/210/12 451/209/12 447/207/12
f 447/207/12 446/208/12 450/210/12
f 451/209/28 448/209/28 444/207/28
f 444/207/28 447/207/28 451/209/28
f 452/207/13 453/208/13 454/208/13
f 454/208/13 455/207/13 452/207/13
f 456/209/11 457/210/11 453/208/11
f 453/208/11 452/207/11 456/209/11
f 457/210/1 458/210/1 454/208/1
f 454/208/1 453/208/1 457/210/1
f 458/210/12 459/209/12 455/207/12
f 455/207/12 454/208/12 458/210/12
f 459/209/28 456/209/28 452/207/28
f 452/207/28 455/207/28 459/209/28
f 460/207/13 461/208/13 462/208/13
f 462/208/13 463/207/13 460/207/13
f 464/209/11 465/210/11 461/208/11
f 461/208/11 460/207/11 464/209/11
f 465/210/1 466/210/1 462/208/1
f 462/208/1 461/208/1 465/210/1
f 466/210/12 467/209/12 463/207/12
f 463/207/12 462/208/12 466/210/12
f 467/209/28 464/209/28 460/207/28
f 460/207/28 463/207/28 467/209/28
f 468/211/13 469/212/13 470/212/13
f 470/212/13 471/211/13 468/211/13
f 472/213/11 473/214/11 469/212/11
f 469/212/11 468/211/11 472/213/11
f 473/214/1 474/214/1 470/212/1
f 470/212/1 469/212/1 473/214/1
f 474/214/12 475/213/12 471/211/12
f 471/211/12 470/212/12 474/214/12
f 475/213/28 472/213/28 468/211/28
f 468/211/28 471/211/28 475/213/28
f 476/215/18 478/216/18 479/216/18
f 479/216/18 477/215/18 476/215/18
f 480/217/13 481/217/13 483/218/13
f 483/218/13 482/218/13 480/217/13
f 476/215/1 477/215/1 481/217/1
f 481/217/1 480/217/1 476/215/1
f 477/215/12 479/216/12 483/218/12
f 483/218/12 481/217/12 477/215/12
f 479/216/28 478/216/28 482/218/28
f 482/218/28 483/218/28 479/216/28
f 478/216/11 476/215/11 480/217/11
f 480/217/11 482/218/11 478/216/11
f 484/219/18 486/220/18 487/220/18
f 487/220/18 485/219/18 484/219/18
f 488/221/13 489/221/13 491/222/13
f 491/222/13 490/222/13 488/221/13
f 484/219/1 485/219/1 489/221/1
f 489/221/1 488/221/1 484/219/1
f 485/219/12 487/220/12 491/222/12
f 491/222/12 489/221/12 485/219/12
f 487/220/28 486/220/28 490/222/28
f 490/222/28 491/222/28 487/220/28
f 486/220/11 484/219/11 488/221/11
f 488/221/11 490/222/11 486/220/11
f 492/223/18 494/223/18 495/224/18
f 495/224/18 493/224/18 492/223/18
f 496/225/13 497/226/13 499/226/13
f 499/226/13 498/225/13 496/225/13
f 492/223/11 493/224/11 497/226/11
f 497/226/11 496/225/11 492/223/11
f 493/224/1 495/224/1 499/226/1
f 499/226/1 497/226/1 493/224/1
f 495/224/12 494/223/12 498/225/12
f 498/225/12 499/226/12 495/224/12
f 494/223/28 492/223/28 496/225/28
f 496/225/28 498/225/28 494/223/28
f 500/227/18 502/227/18 503/228/18
f 503/228/18 501/228/18 500/227/18
f 504/229/13 505/230/13 507/230/13
f 507/230/13 506/229/13 504/229/13
f 500/227/11 501/228/11 505/230/11
f 505/230/11 504/229/11 500/227/11
f 501/228/1 503/228/1 507/230/1
f 507/230/1 505/230/1 501/228/1
f 503/228/12 502/227/12 506/229/12
f 506/229/12 507/230/12 503/228/12
f 502/227/28 500/227/28 504/229/28
f 504/229/28 506/229/28 502/227/28
f 508/231/13 511/231/13 510/232/13
f 510/232/13 509/232/13 508/231/13
f 512/233/11 508/231/11 509/232/11
f 509/232/11 513/234/11 512/233/11
f 513/234/28 509/232/28 510/232/28
f 510/232/28 514/234/28 513/234/28
f 514/234/12 510/232/12 511/231/12
f 511/231/12 515/233/12 514/234/12
f 515/233/1 511/231/1 508/231/1
f 508/231/1 512/233/1 515/233/1
f 516/231/13 519/231/13 518/232/13
f 518/232/13 517/232/13 516/231/13
f 520/233/11 516/231/11 517/232/11
f 517/232/11 521/234/11 520/233/11
f 521/234/28 517/232/28 518/232/28
f 518/232/28 522/234/28 521/234/28
f 522/234/12 518/232/12 519/231/12
f 519/231/12 523/233/12 522/234/12
f 523/233/1 519/231/1 516/231/1
f 516/231/1 520/233/1 523/233/1
f 524/231/13 527/231/13 526/232/13
f 526/232/13 525/232/13 524/231/13
f 528/233/11 524/231/11 525/232/11
f 525/232/11 529/234/11 528/233/11
f 529/234/28 525/232/28 526/232/28
f 526/232/28 530/234/28 529/234/28
f 530/234/12 526/232/12 527/231/12
f 527/231/12 531/233/12 530/234/12
f 531/233/1 527/231/1 524/231/1
f 524/231/1 528/233/1 531/233/1
f 532/231/13 535/231/13 534/232/13
f 534/232/13 533/232/13 532/231/13
f 536/233/11 532/231/11 533/232/11
f 533/232/11 537/234/11 536/233/11
f 537/234/28 533/232/28 534/232/28
f 534/232/28 538/234/28 537/234/28
f 538/234/12 534/232/12 535/231/12
f 535/231/12 539/233/12 538/234/12
f 539/233/1 535/231/1 532/231/1
f 532/231/1 536/233/1 539/233/1
f 540/235/13 543/235/13 542/236/13
f 542/236/13 541/236/13 540/235/13
f 544/237/11 540/235/11 541/236/11
f 541/236/11 545/238/11 544/237/11
f 545/238/28 541/236/28 542/236/28
f 542/236/28 546/238/28 545/238/28
f 546/238/12 542/236/12 543/235/12
f 543/235/12 547/237/12 546/238/12
f 547/237/1 543/235/1 540/235/1
f 540/235/1 544/237/1 547/237/1
f 548/239/18 551/239/18 550/240/18
f 550/240/18 549/240/18 548/239/18
f 552/241/13 555/242/13 554/242/13
f 554/242/13 553/241/13 552/241/13
f 548/239/28 552/241/28 553/241/28
f 553/241/28 551/239/28 548/239/28
f 551/239/12 553/241/12 554/242/12
f 554/242/12 550/240/12 551/239/12
f 550/240/1 554/242/1 555/242/1
f 555/242/1 549/240/1 550/240/1
f 549/240/11 555/242/11 552/241/11
f 552/241/11 548/239/11 549/240/11
f 556/243/18 559/243/18 558/244/18
f 558/244/18 557/244/18 556/243/18
f 560/245/13 563/246/13 562/246/13
f 562/246/13 561/245/13 560/245/13
f 556/243/28 560/245/28 561/245/28
f 561/245/28 559/243/28 556/243/28
f 559/243/12 561/245/12 562/246/12
f 562/246/12 558/244/12 559/243/12
f 558/244/1 562/246/1 563/246/1
f 563/246/1 557/244/1 558/244/1
f 557/244/11 563/246/11 560/245/11
f 560/245/11 556/243/11 557/244/11
f 564/247/18 567/248/18 566/248/18
f 566/248/18 565/247/18 564/247/18
f 568/249/13 571/249/13 570/250/13
f 570/250/13 569/250/13 568/249/13
f 564/247/11 568/249/11 569/250/11
f 569/250/11 567/248/11 564/247/11
f 567/248/28 569/250/28 570/250/28
f 570/250/28 566/248/28 567/248/28
f 566/248/12 570/250/12 571/249/12
f 571/249/12 565/247/12 566/248/12
f 565/247/1 571/249/1 568/249/1
f 568/249/1 564/247/1 565/247/1
f 572/251/18 575/252/18 574/252/18
f 574/252/18 573/251/18 572/251/18
f 576/253/13 579/253/13 578/254/13
f 578/254/13 577/254/13 576/253/13
f 572/251/11 576/253/11 577/254/11
f 577/254/11 575/252/11 572/251/11
f 575/252/28 577/254/28 578/254/28
f 578/254/28 574/252/28 575/252/28
f 574/252/12 578/254/12 579/253/12
f 579/253/12 573/251/12 574/252/12
f 573/251/1 579/253/1 576/253/1
f 576/253/1 572/251/1 573/251/1
f 581/255/157 582/256/158 583/257/159
f 583/257/159 580/258/160 581/255/157
f 584/259/161 585/260/162 582/256/158
f 582/256/158 581/255/157 584/259/161
f 586/255/163 587/256/164 585/260/162
f 585/260/162 584/259/161 586/255/163
f 588/258/165 589/257/166 587/256/164
f 587/256/164 586/255/163 588/258/165
f 590/261/167 591/262/168 589/257/166
f 589/257/166 588/258/165 590/261/167
f 592/263/169 593/264/170 591/262/168
f 591/262/168 590/261/167 592/263/169
f 594/261/171 595/262/172 593/264/170
f 593/264/170 592/263/169 594/261/171
f 580/258/160 583/257/159 595/262/172
f 595/262/172 594/261/171 580/258/160
f 596/265/173 597/266/174 583/257/175
f 583/257/175 582/256/176 596/265/173
f 598/267/177 596/265/173 582/256/176
f 582/256/176 585/260/178 598/267/177
f 599/265/179 598/267/177 585/260/178
f 585/260/178 587/256/180 599/265/179
f 600/266/181 599/265/179 587/256/180
f 587/256/180 589/257/182 600/266/181
f 601/268/183 600/266/181 589/257/182
f 589/257/182 591/262/184 601/268/183
f 602/269/185 601/268/183 591/262/184
f 591/262/184 593/264/186 602/269/185
f 603/268/187 602/269/185 593/264/186
f 593/264/186 595/262/188 603/268/187
f 597/266/174 603/268/187 595/262/188
f 595/262/188 583/257/175 597/266/174
f 581/255/157 580/258/160 604/270/18
f 584/259/161 581/255/157 604/270/18
f 586/255/163 584/259/161 604/270/18
f 588/258/165 586/255/163 604/270/18
f 590/261/167 588/258/165 604/270/18
f 592/263/169 590/261/167 604/270/18
f 594/261/171 592/263/169 604/270/18
f 580/258/160 594/261/171 604/270/18
f 597/266/174 596/265/173 605/271/13
f 596/265/173 598/267/177 605/271/13
f 598/267/177 599/265/179 605/271/13
f 599/265/179 600/266/181 605/271/13
f 600/266/181 601/268/183 605/271/13
f 601/268/183 602/269/185 605/271/13
f 602/269/185 603/268/187 605/271/13
f 603/268/187 597/266/174 605/271/13
f 606/272/189 607/273/190 608/274/191
f 606/272/189 609/275/192 607/273/190
f 606/272/193 610/273/194 609/275/195
f 606/272/193 611/274/196 610/273/194
f 606/272/197 612/276/198 611/274/199
f 606/272/197 613/277/200 612/276/198
f 606/272/197 614/276/201 613/277/202
f 606/272/197 608/274/203 614/276/201
f 608/274/204 607/273/205 615/278/13
f 607/273/205 609/275/206 615/278/13
f 609/275/206 610/273/207 615/278/13
f 610/273/207 611/274/208 615/278/13
f 611/274/208 612/276/209 615/278/13
f 612/276/209 613/277/210 615/278/13
f 613/277/210 614/276/211 615/278/13
f 614/276/211 608/274/204 615/278/13
f 617/255/157 618/256/158 619/257/159
f 619/257/159 616/258/160 617/255/157
f 620/259/161 621/260/162 618/256/158
f 618/256/158 617/255/157 620/259/161
f 622/255/163 623/256/164 621/260/162
f 621/260/162 620/259/161 622/255/163
f 624/258/165 625/257/166 623/256/164
f 623/256/164 622/255/163 624/258/165
f 626/261/167 627/262/168 625/257/166
f 625/257/166 624/258/165 626/261/167
f 628/263/169 629/264/170 627/262/168
f 627/262/168 626/261/167 628/263/169
f 630/261/171 631/262/172 629/264/170
f 629/264/170 628/263/169 630/261/171
f 616/258/160 619/257/159 631/262/172
f 631/262/172 630/261/171 616/258/160
f 632/265/173 633/266/174 619/257/175
f 619/257/175 618/256/176 632/265/173
f 634/267/177 632/265/173 618/256/176
f 618/256/176 621/260/178 634/267/177
f 635/265/179 634/267/177 621/260/178
f 621/260/178 623/256/180 635/265/179
f 636/266/181 635/265/179 623/256/180
f 623/256/180 625/257/182 636/266/181
f 637/268/183 636/266/181 625/257/182
f 625/257/182 627/262/184 637/268/183
f 638/269/185 637/268/183 627/262/184
f 627/262/184 629/264/186 638/269/185
f 639/268/187 638/269/185 629/264/186
f 629/264/186 631/262/188 639/268/187
f 633/266/174 639/268/187 631/262/188
f 631/262/188 619/257/175 633/266/174
f 617/255/157 616/258/160 640/270/18
f 620/259/161 617/255/157 640/270/18
f 622/255/163 620/259/161 640/270/18
f 624/258/165 622/255/163 640/270/18
f 626/261/167 624/258/165 640/270/18
f 628/263/169 626/261/167 640/270/18
f 630/261/171 628/263/169 640/270/18
f 616/258/160 630/261/171 640/270/18
f 633/266/174 632/265/173 641/271/13
f 632/265/173 634/267/177 641/271/13
f 634/267/177 635/265/179 641/271/13
f 635/265/179 636/266/181 641/271/13
f 636/266/181 637/268/183 641/271/13
f 637/268/183 638/269/185 641/271/13
f 638/269/185 639/268/187 641/271/13
f 639/268/187 633/266/174 641/271/13
f 642/272/18 643/273/190 644/274/191
f 642/272/18 645/275/192 643/273/190
f 642/272/193 646/273/194 645/275/195
f 642/272/193 647/274/196 646/273/194
f 642/272/197 648/276/198 647/274/199
f 642/272/197 649/277/200 648/276/198
f 642/272/197 650/276/201 649/277/202
f 642/272/197 644/274/203 650/276/201
f 644/274/204 643/273/205 651/278/13
f 643/273/205 645/275/206 651/278/13
f 645/275/206 646/273/207 651/278/13
f 646/273/207 647/274/208 651/278/13
f 647/274/208 648/276/209 651/278/13
f 648/276/209 649/277/210 651/278/13
f 649/277/210 650/276/211 651/278/13
f 650/276/211 644/274/204 651/278/13
f 653/255/157 654/256/158 655/257/159
f 655/257/159 652/258/160 653/255/157
f 656/259/161 657/260/162 654/256/158
f 654/256/158 653/255/157 656/259/161
f 658/255/163 659/256/164 657/260/162
f 657/260/162 656/259/161 658/255/163
f 660/258/165 661/257/166 659/256/164
f 659/256/164 658/255/163 660/258/165
f 662/261/167 663/262/168 661/257/166
f 661/257/166 660/258/165 662/261/167
f 664/263/169 665/264/170 663/262/168
f 663/262/168 662/261/167 664/263/169
f 666/261/171 667/262/172 665/264/170
f 665/264/170 664/263/169 666/261/171
f 652/258/160 655/257/159 667/262/172
f 667/262/172 666/261/171 652/258/160
f 668/265/173 669/266/174 655/257/175
f 655/257/175 654/256/176 668/265/173
f 670/267/177 668/265/173 654/256/176
f 654/256/176 657/260/178 670/267/177
f 671/265/179 670/267/177 657/260/178
f 657/260/178 659/256/180 671/265/179
f 672/266/181 671/265/179 659/256/180
f 659/256/180 661/257/182 672/266/181
f 673/268/183 672/266/181 661/257/182
f 661/257/182 663/262/184 673/268/183
f 674/269/185 673/268/183 663/262/184
f 663/262/184 665/264/186 674/269/185
f 675/268/187 674/269/185 665/264/186
f 665/264/186 667/262/188 675/268/187
f 669/266/174 675/268/187 667/262/188
f 667/262/188 655/257/175 669/266/174
f 653/255/157 652/258/160 676/270/18
f 656/259/161 653/255/157 676/270/18
f 658/255/163 656/259/161 676/270/18
f 660/258/165 658/255/163 676/270/18
f 662/261/167 660/258/165 676/270/18
f 664/263/169 662/261/167 676/270/18
f 666/261/171 664/263/169 676/270/18
f 652/258/160 666/261/171 676/270/18
f 669/266/174 668/265/173 677/271/13
f 668/265/173 670/267/177 677/271/13
f 670/267/177 671/265/179 677/271/13
f 671/265/179 672/266/181 677/271/13
f 672/266/181 673/268/183 677/271/13
f 673/268/183 674/269/185 677/271/13
f 674/269/185 675/268/187 677/271/13
f 675/268/187 669/266/174 677/271/13
f 678/272/189 679/273/190 680/274/191
f 678/272/189 681/275/192 679/273/190
f 678/272/193 682/273/194 681/275/195
f 678/272/193 683/274/196 682/273/194
f 678/272/197 684/276/198 683/274/199
f 678/272/197 685/277/200 684/276/198
f 678/272/197 686/276/201 685/277/202
f 678/272/197 680/274/203 686/276/201
f 680/274/204 679/273/205 687/278/13
f 679/273/205 681/275/206 687/278/13
f 681/275/206 682/273/207 687/278/13
f 682/273/207 683/274/208 687/278/13
f 683/274/208 684/276/209 687/278/13
f 684/276/209 685/277/210 687/278/13
f 685/277/210 686/276/211 687/278/13
f 686/276/211 680/274/204 687/278/13
f 689/255/157 690/256/158 691/257/159
f 691/257/159 688/258/160 689/255/157
f 692/259/161 693/260/162 690/256/158
f 690/256/158 689/255/157 692/259/161
f 694/255/163 695/256/164 693/260/162
f 693/260/162 692/259/161 694/255/163
f 696/258/165 697/257/166 695/256/164
f 695/256/164 694/255/163 696/258/165
f 698/261/167 699/262/168 697/257/166
f 697/257/166 696/258/165 698/261/167
f 700/263/169 701/264/170 699/262/168
f 699/262/168 698/261/167 700/263/169
f 702/261/171 703/262/172 701/264/170
f 701/264/170 700/263/169 702/261/171
f 688/258/160 691/257/159 703/262/172
f 703/262/172 702/261/171 688/258/160
f 704/265/173 705/266/174 691/257/175
f 691/257/175 690/256/176 704/265/173
f 706/267/177 704/265/173 690/256/176
f 690/256/176 693/260/178 706/267/177
f 707/265/179 706/267/177 693/260/178
f 693/260/178 695/256/180 707/265/179
f 708/266/181 707/265/179 695/256/180
f 695/256/180 697/257/182 708/266/181
f 709/268/183 708/266/181 697/257/182
f 697/257/182 699/262/184 709/268/183
f 710/269/185 709/268/183 699/262/184
f 699/262/184 701/264/186 710/269/185
f 711/268/187 710/269/185 701/264/186
f 701/264/186 703/262/188 711/268/187
f 705/266/174 711/268/187 703/262/188
f 703/262/188 691/257/175 705/266/174
f 689/255/157 688/258/160 712/270/18
f 692/259/161 689/255/157 712/270/18
f 694/255/163 692/259/161 712/270/18
f 696/258/165 694/255/163 712/270/18
f 698/261/167 696/258/165 712/270/18
f 700/263/169 698/261/167 712/270/18
f 702/261/171 700/263/169 712/270/18
f 688/258/160 702/261/171 712/270/18
f 705/266/174 704/265/173 713/271/13
f 704/265/173 706/267/177 713/271/13
f 706/267/177 707/265/179 713/271/13
f 707/265/179 708/266/181 713/271/13
f 708/266/181 709/268/183 713/271/13
f 709/268/183 710/269/185 713/271/13
f 710/269/185 711/268/187 713/271/13
f 711/268/187 705/266/174 713/271/13
f 714/272/212 715/273/190 716/274/191
f 714/272/212 717/275/192 715/273/190
f 714/272/212 718/273/194 717/275/195
f 714/272/212 719/274/196 718/273/194
f 714/272/193 720/276/198 719/274/199
f 714/272/193 721/277/200 720/276/198
f 714/272/189 722/276/201 721/277/202
f 714/272/189 716/274/203 722/276/201
f 716/274/204 715/273/205 723/278/13
f 715/273/205 717/275/206 723/278/13
f 717/275/206 718/273/207 723/278/13
f 718/273/207 719/274/208 723/278/13
f 719/274/208 720/276/209 723/278/13
f 720/276/209 721/277/210 723/278/13
f 721/277/210 722/276/211 723/278/13
f 722/276/211 716/274/204 723/278/13
f 725/255/157 726/256/158 727/257/159
f 727/257/159 724/258/160 725/255/157
f 728/259/161 729/260/162 726/256/158
f 726/256/158 725/255/157 728/259/161
f 730/255/163 731/256/164 729/260/162
f 729/260/162 728/259/161 730/255/163
f 732/258/165 733/257/166 731/256/164
f 731/256/164 730/255/163 732/258/165
f 734/261/167 735/262/168 733/257/166
f 733/257/166 732/258/165 734/261/167
f 736/263/169 737/264/170 735/262/168
f 735/262/168 734/261/167 736/263/169
f 738/261/171 739/262/172 737/264/170
f 737/264/170 736/263/169 738/261/171
f 724/258/160 727/257/159 739/262/172
f 739/262/172 738/261/171 724/258/160
f 740/265/173 741/266/174 727/257/175
f 727/257/175 726/256/176 740/265/173
f 742/267/177 740/265/173 726/256/176
f 726/256/176 729/260/178 742/267/177
f 743/265/179 742/267/177 729/260/178
f 729/260/178 731/256/180 743/265/179
f 744/266/181 743/265/179 731/256/180
f 731/256/180 733/257/182 744/266/181
f 745/268/183 744/266/181 733/257/182
f 733/257/182 735/262/184 745/268/183
f 746/269/185 745/268/183 735/262/184
f 735/262/184 737/264/186 746/269/185
f 747/268/187 746/269/185 737/264/186
f 737/264/186 739/262/188 747/268/187
f 741/266/174 747/268/187 739/262/188
f 739/262/188 727/257/175 741/266/174
f 725/255/157 724/258/160 748/270/18
f 728/259/161 725/255/157 748/270/18
f 730/255/163 728/259/161 748/270/18
f 732/258/165 730/255/163 748/270/18
f 734/261/167 732/258/165 748/270/18
f 736/263/169 734/261/167 748/270/18
f 738/261/171 736/263/169 748/270/18
f 724/258/160 738/261/171 748/270/18
f 741/266/174 740/265/173 749/271/13
f 740/265/173 742/267/177 749/271/13
f 742/267/177 743/265/179 749/271/13
f 743/265/179 744/266/181 749/271/13
f 744/266/181 745/268/183 749/271/13
f 745/268/183 746/269/185 749/271/13
f 746/269/185 747/268/187 749/271/13
f 747/268/187 741/266/174 749/271/13
f 750/272/212 751/273/190 752/274/191
f 750/272/212 753/275/192 751/273/190
f 750/272/212 754/273/194 753/275/195
f 750/272/212 755/274/196 754/273/194
f 750/272/193 756/276/198 755/274/199
f 750/272/193 757/277/200 756/276/198
f 750/272/18 758/276/201 757/277/202
f 750/272/18 752/274/203 758/276/201
f 752/274/204 751/273/205 759/278/13
f 751/273/205 753/275/206 759/278/13
f 753/275/206 754/273/207 759/278/13
f 754/273/207 755/274/208 759/278/13
f 755/274/208 756/276/209 759/278/13
f 756/276/209 757/277/210 759/278/13
f 757/277/210 758/276/211 759/278/13
f 758/276/211 752/274/204 759/278/13
f 761/255/157 762/256/158 763/257/159
f 763/257/159 760/258/160 761/255/157
f 764/259/161 765/260/162 762/256/158
f 762/256/158 761/255/157 764/259/161
f 766/255/163 767/256/164 765/260/162
f 765/260/162 764/259/161 766/255/163
f 768/258/165 769/257/166 767/256/164
f 767/256/164 766/255/163 768/258/165
f 770/261/167 771/262/168 769/257/166
f 769/257/166 768/258/165 770/261/167
f 772/263/169 773/264/170 771/262/168
f 771/262/168 770/261/167 772/263/169
f 774/261/171 775/262/172 773/264/170
f 773/264/170 772/263/169 774/261/171
f 760/258/160 763/257/159 775/262/172
f 775/262/172 774/261/171 760/258/160
f 776/265/173 777/266/174 763/257/175
f 763/257/175 762/256/176 776/265/173
f 778/267/177 776/265/173 762/256/176
f 762/256/176 765/260/178 778/267/177
f 779/265/179 778/267/177 765/260/178
f 765/260/178 767/256/180 779/265/179
f 780/266/181 779/265/179 767/256/180
f 767/256/180 769/257/182 780/266/181
f 781/268/183 780/266/181 769/257/182
f 769/257/182 771/262/184 781/268/183
f 782/269/185 781/268/183 771/262/184
f 771/262/184 773/264/186 782/269/185
f 783/268/187 782/269/185 773/264/186
f 773/264/186 775/262/188 783/268/187
f 777/266/174 783/268/187 775/262/188
f 775/262/188 763/257/175 777/266/174
f 761/255/157 760/258/160 784/270/18
f 764/259/161 761/255/157 784/270/18
f 766/255/163 764/259/161 784/270/18
f 768/258/165 766/255/163 784/270/18
f 770/261/167 768/258/165 784/270/18
f 772/263/169 770/261/167 784/270/18
f 774/261/171 772/263/169 784/270/18
f 760/258/160 774/261/171 784/270/18
f 777/266/174 776/265/173 785/271/13
f 776/265/173 778/267/177 785/271/13
f 778/267/177 779/265/179 785/271/13
f 779/265/179 780/266/181 785/271/13
f 780/266/181 781/268/183 785/271/13
f 781/268/183 782/269/185 785/271/13
f 782/269/185 783/268/187 785/271/13
f 783/268/187 777/266/174 785/271/13
f 786/272/212 787/273/190 788/274/191
f 786/272/212 789/275/192 787/273/190
f 786/272/212 790/273/194 789/275/195
f 786/272/212 791/274/196 790/273/194
f 786/272/193 792/276/198 791/274/199
f 786/272/193 793/277/200 792/276/198
f 786/272/197 794/276/201 793/277/202
f 786/272/197 788/274/203 794/276/201
f 788/274/204 787/273/205 795/278/13
f 787/273/205 789/275/206 795/278/13
f 789/275/206 790/273/207 795/278/13
f 790/273/207 791/274/208 795/278/13
f 791/274/208 792/276/209 795/278/13
f 792/276/209 793/277/210 795/278/13
f 793/277/210 794/276/211 795/278/13
f 794/276/211 788/274/204 795/278/13
f 797/255/157 798/256/158 799/257/159
f 799/257/159 796/258/160 797/255/157
f 800/259/161 801/260/162 798/256/158
f 798/256/158 797/255/157 800/259/161
f 802/255/163 803/256/164 801/260/162
f 801/260/162 800/259/161 802/255/163
f 804/258/165 805/257/166 803/256/164
f 803/256/164 802/255/163 804/258/165
f 806/261/167 807/262/168 805/257/166
f 805/257/166 804/258/165 806/261/167
f 808/263/169 809/264/170 807/262/168
f 807/262/168 806/261/167 808/263/169
f 810/261/171 811/262/172 809/264/170
f 809/264/170 808/263/169 810/261/171
f 796/258/160 799/257/159 811/262/172
f 811/262/172 810/261/171 796/258/160
f 812/265/173 813/266/174 799/257/175
f 799/257/175 798/256/176 812/265/173
f 814/267/177 812/265/173 798/256/176
f 798/256/176 801/260/178 814/267/177
f 815/265/179 814/267/177 801/260/178
f 801/260/178 803/256/180 815/265/179
f 816/266/181 815/265/179 803/256/180
f 803/256/180 805/257/182 816/266/181
f 817/268/183 816/266/181 805/257/182
f 805/257/182 807/262/184 817/268/183
f 818/269/185 817/268/183 807/262/184
f 807/262/184 809/264/186 818/269/185
f 819/268/187 818/269/185 809/264/186
f 809/264/186 811/262/188 819/268/187
f 813/266/174 819/268/187 811/262/188
f 811/262/188 799/257/175 813/266/174
f 797/255/157 796/258/160 820/270/18
f 800/259/161 797/255/157 820/270/18
f 802/255/163 800/259/161 820/270/18
f 804/258/165 802/255/163 820/270/18
f 806/261/167 804/258/165 820/270/18
f 808/263/169 806/261/167 820/270/18
f 810/261/171 808/263/169 820/270/18
f 796/258/160 810/261/171 820/270/18
f 813/266/174 812/265/173 821/271/13
f 812/265/173 814/267/177 821/271/13
f 814/267/177 815/265/179 821/271/13
f 815/265/179 816/266/181 821/271/13
f 816/266/181 817/268/183 821/271/13
f 817/268/183 818/269/185 821/271/13
f 818/269/185 819/268/187 821/271/13
f 819/268/187 813/266/174 821/271/13
f 822/272/212 823/273/190 824/274/191
f 822/272/212 825/275/192 823/273/190
f 822/272/212 826/273/194 825/275/195
f 822/272/212 827/274/196 826/273/194
f 822/272/193 828/276/198 827/274/199
f 822/272/193 829/277/200 828/276/198
f 822/272/189 830/276/201 829/277/202
f 822/272/189 824/274/203 830/276/201
f 824/274/204 823/273/205 831/278/13
f 823/273/205 825/275/206 831/278/13
f 825/275/206 826/273/207 831/278/13
f 826/273/207 827/274/208 831/278/13
f 827/274/208 828/276/209 831/278/13
f 828/276/209 829/277/210 831/278/13
f 829/277/210 830/276/211 831/278/13
f 830/276/211 824/274/204 831/278/13
f 833/255/157 834/256/158 835/257/159
f 835/257/159 832/258/160 833/255/157
f 836/259/161 837/260/213 834/256/158
f 834/256/158 833/255/157 836/259/161
f 838/255/163 839/256/164 837/260/213
f 837/260/213 836/259/161 838/255/163
f 840/258/165 841/257/166 839/256/164
f 839/256/164 838/255/163 840/258/165
f 842/261/167 843/262/168 841/257/166
f 841/257/166 840/258/165 842/261/167
f 844/263/169 845/264/170 843/262/168
f 843/262/168 842/261/167 844/263/169
f 846/261/171 847/262/172 845/264/170
f 845/264/170 844/263/169 846/261/171
f 832/258/160 835/257/159 847/262/172
f 847/262/172 846/261/171 832/258/160
f 848/265/173 849/266/174 835/257/175
f 835/257/175 834/256/176 848/265/173
f 850/267/177 848/265/173 834/256/176
f 834/256/176 837/260/178 850/267/177
f 851/265/179 850/267/177 837/260/178
f 837/260/178 839/256/180 851/265/179
f 852/266/181 851/265/179 839/256/180
f 839/256/180 841/257/182 852/266/181
f 853/268/183 852/266/181 841/257/182
f 841/257/182 843/262/184 853/268/183
f 854/269/185 853/268/183 843/262/184
f 843/262/184 845/264/186 854/269/185
f 855/268/187 854/269/185 845/264/186
f 845/264/186 847/262/188 855/268/187
f 849/266/174 855/268/187 847/262/188
f 847/262/188 835/257/175 849/266/174
f 833/255/157 832/258/160 856/270/18
f 836/259/161 833/255/157 856/270/18
f 838/255/163 836/259/161 856/270/18
f 840/258/165 838/255/163 856/270/18
f 842/261/167 840/258/165 856/270/18
f 844/263/169 842/261/167 856/270/18
f 846/261/171 844/263/169 856/270/18
f 832/258/160 846/261/171 856/270/18
f 849/266/174 848/265/173 857/271/13
f 848/265/173 850/267/177 857/271/13
f 850/267/177 851/265/179 857/271/13
f 851/265/179 852/266/181 857/271/13
f 852/266/181 853/268/183 857/271/13
f 853/268/183 854/269/185 857/271/13
f 854/269/185 855/268/187 857/271/13
f 855/268/187 849/266/174 857/271/13
f 858/272/212 859/273/190 860/274/191
f 858/272/212 861/275/192 859/273/190
f 858/272/212 862/273/194 861/275/195
f 858/272/212 863/274/196 862/273/194
f 858/272/193 864/276/198 863/274/199
f 858/272/193 865/277/200 864/276/198
f 858/272/18 866/276/201 865/277/202
f 858/272/18 860/274/203 866/276/201
f 860/274/204 859/273/205 867/278/13
f 859/273/205 861/275/206 867/278/13
f 861/275/206 862/273/207 867/278/13
f 862/273/207 863/274/208 867/278/13
f 863/274/208 864/276/209 867/278/13
f 864/276/209 865/277/210 867/278/13
f 865/277/210 866/276/211 867/278/13
f 866/276/211 860/274/204 867/278/13
f 869/255/157 870/256/158 871/257/159
f 871/257/159 868/258/160 869/255/157
f 872/259/161 873/260/213 870/256/158
f 870/256/158 869/255/157 872/259/161
f 874/255/163 875/256/164 873/260/213
f 873/260/213 872/259/161 874/255/163
f 876/258/165 877/257/166 875/256/164
f 875/256/164 874/255/163 876/258/165
f 878/261/167 879/262/168 877/257/166
f 877/257/166 876/258/165 878/261/167
f 880/263/169 881/264/170 879/262/168
f 879/262/168 878/261/167 880/263/169
f 882/261/171 883/262/172 881/264/170
f 881/264/170 880/263/169 882/261/171
f 868/258/160 871/257/159 883/262/172
f 883/262/172 882/261/171 868/258/160
f 884/265/173 885/266/174 871/257/175
f 871/257/175 870/256/176 884/265/173
f 886/267/177 884/265/173 870/256/176
f 870/256/176 873/260/178 886/267/177
f 887/265/179 886/267/177 873/260/178
f 873/260/178 875/256/180 887/265/179
f 888/266/181 887/265/179 875/256/180
f 875/256/180 877/257/182 888/266/181
f 889/268/183 888/266/181 877/257/182
f 877/257/182 879/262/184 889/268/183
f 890/269/185 889/268/183 879/262/184
f 879/262/184 881/264/186 890/269/185
f 891/268/187 890/269/185 881/264/186
f 881/264/186 883/262/188 891/268/187
f 885/266/174 891/268/187 883/262/188
f 883/262/188 871/257/175 885/266/174
f 869/255/157 868/258/160 892/270/18
f 872/259/161 869/255/157 892/270/18
f 874/255/163 872/259/161 892/270/18
f 876/258/165 874/255/163 892/270/18
f 878/261/167 876/258/165 892/270/18
f 880/263/169 878/261/167 892/270/18
f 882/261/171 880/263/169 892/270/18
f 868/258/160 882/261/171 892/270/18
f 885/266/174 884/265/173 893/271/13
f 884/265/173 886/267/177 893/271/13
f 886/267/177 887/265/179 893/271/13
f 887/265/179 888/266/181 893/271/13
f 888/266/181 889/268/183 893/271/13
f 889/268/183 890/269/185 893/271/13
f 890/269/185 891/268/187 893/271/13
f 891/268/187 885/266/174 893/271/13
f 894/272/212 895/273/190 896/274/191
f 894/272/212 897/275/192 895/273/190
f 894/272/212 898/273/194 897/275/195
f 894/272/212 899/274/196 898/273/194
f 894/272/193 900/276/198 899/274/199
f 894/272/193 901/277/200 900/276/198
f 894/272/197 902/276/201 901/277/202
f 894/272/197 896/274/203 902/276/201
f 896/274/204 895/273/205 903/278/13
f 895/273/205 897/275/206 903/278/13
f 897/275/206 898/273/207 903/278/13
f 898/273/207 899/274/208 903/278/13
f 899/274/208 900/276/209 903/278/13
f 900/276/209 901/277/210 903/278/13
f 901/277/210 902/276/211 903/278/13
f 902/276/211 896/274/204 903/278/13
f 905/255/157 906/256/158 907/257/159
f 907/257/159 904/258/160 905/255/157
f 908/259/161 909/260/162 906/256/158
f 906/256/158 905/255/157 908/259/161
f 910/255/163 911/256/164 909/260/162
f 909/260/162 908/259/161 910/255/163
f 912/258/165 913/257/166 911/256/164
f 911/256/164 910/255/163 912/258/165
f 914/261/167 915/262/168 913/257/166
f 913/257/166 912/258/165 914/261/167
f 916/263/169 917/264/214 915/262/168
f 915/262/168 914/261/167 916/263/169
f 918/261/171 919/262/172 917/264/214
f 917/264/214 916/263/169 918/261/171
f 904/258/160 907/257/159 919/262/172
f 919/262/172 918/261/171 904/258/160
f 920/265/173 921/266/174 907/257/175
f 907/257/175 906/256/176 920/265/173
f 922/267/177 920/265/173 906/256/176
f 906/256/176 909/260/178 922/267/177
f 923/265/179 922/267/177 909/260/178
f 909/260/178 911/256/180 923/265/179
f 924/266/181 923/265/179 911/256/180
f 911/256/180 913/257/182 924/266/181
f 925/268/183 924/266/181 913/257/182
f 913/257/182 915/262/184 925/268/183
f 926/269/185 925/268/183 915/262/184
f 915/262/184 917/264/186 926/269/185
f 927/268/187 926/269/185 917/264/186
f 917/264/186 919/262/188 927/268/187
f 921/266/174 927/268/187 919/262/188
f 919/262/188 907/257/175 921/266/174
f 905/255/157 904/258/160 928/270/18
f 908/259/161 905/255/157 928/270/18
f 910/255/163 908/259/161 928/270/18
f 912/258/165 910/255/163 928/270/18
f 914/261/167 912/258/165 928/270/18
f 916/263/169 914/261/167 928/270/18
f 918/261/171 916/263/169 928/270/18
f 904/258/160 918/261/171 928/270/18
f 921/266/174 920/265/173 929/271/13
f 920/265/173 922/267/177 929/271/13
f 922/267/177 923/265/179 929/271/13
f 923/265/179 924/266/181 929/271/13
f 924/266/181 925/268/183 929/271/13
f 925/268/183 926/269/185 929/271/13
f 926/269/185 927/268/187 929/271/13
f 927/268/187 921/266/174 929/271/13
f 930/272/189 931/273/190 932/274/191
f 930/272/189 933/275/192 931/273/190
f 930/272/18 934/273/194 933/275/195
f 930/272/18 935/274/196 934/273/194
f 930/272/193 936/276/198 935/274/199
f 930/272/193 937/277/200 936/276/198
f 930/272/189 938/276/201 937/277/202
f 930/272/189 932/274/203 938/276/201
f 932/274/204 931/273/205 939/278/13
f 931/273/205 933/275/206 939/278/13
f 933/275/206 934/273/207 939/278/13
f 934/273/207 935/274/208 939/278/13
f 935/274/208 936/276/209 939/278/13
f 936/276/209 937/277/210 939/278/13
f 937/277/210 938/276/211 939/278/13
f 938/276/211 932/274/204 939/278/13
f 941/255/157 942/256/158 943/257/159
f 943/257/159 940/258/160 941/255/157
f 944/259/161 945/260/162 942/256/158
f 942/256/158 941/255/157 944/259/161
f 946/255/163 947/256/164 945/260/162
f 945/260/162 944/259/161 946/255/163
f 948/258/165 949/257/166 947/256/164
f 947/256/164 946/255/163 948/258/165
f 950/261/167 951/262/168 949/257/166
f 949/257/166 948/258/165 950/261/167
f 952/263/169 953/264/170 951/262/168
f 951/262/168 950/261/167 952/263/169
f 954/261/171 955/262/172 953/264/170
f 953/264/170 952/263/169 954/261/171
f 940/258/160 943/257/159 955/262/172
f 955/262/172 954/261/171 940/258/160
f 956/265/173 957/266/174 943/257/175
f 943/257/175 942/256/176 956/265/173
f 958/267/177 956/265/173 942/256/176
f 942/256/176 945/260/178 958/267/177
f 959/265/179 958/267/177 945/260/178
f 945/260/178 947/256/180 959/265/179
f 960/266/181 959/265/179 947/256/180
f 947/256/180 949/257/182 960/266/181
f 961/268/183 960/266/181 949/257/182
f 949/257/182 951/262/184 961/268/183
f 962/269/185 961/268/183 951/262/184
f 951/262/184 953/264/186 962/269/185
f 963/268/187 962/269/185 953/264/186
f 953/264/186 955/262/188 963/268/187
f 957/266/174 963/268/187 955/262/188
f 955/262/188 943/257/175 957/266/174
f 941/255/157 940/258/160 964/270/18
f 944/259/161 941/255/157 964/270/18
f 946/255/163 944/259/161 964/270/18
f 948/258/165 946/255/163 964/270/18
f 950/261/167 948/258/165 964/270/18
f 952/263/169 950/261/167 964/270/18
f 954/261/171 952/263/169 964/270/18
f 940/258/160 954/261/171 964/270/18
f 957/266/174 956/265/173 965/271/13
f 956/265/173 958/267/177 965/271/13
f 958/267/177 959/265/179 965/271/13
f 959/265/179 960/266/181 965/271/13
f 960/266/181 961/268/183 965/271/13
f 961/268/183 962/269/185 965/271/13
f 962/269/185 963/268/187 965/271/13
f 963/268/187 957/266/174 965/271/13
f 966/272/18 967/273/190 968/274/191
f 966/272/18 969/275/192 967/273/190
f 966/272/193 970/273/194 969/275/195
f 966/272/193 971/274/196 970/273/194
f 966/272/193 972/276/198 971/274/199
f 966/272/193 973/277/200 972/276/198
f 966/272/197 974/276/201 973/277/202
f 966/272/197 968/274/203 974/276/201
f 968/274/204 967/273/205 975/278/13
f 967/273/205 969/275/206 975/278/13
f 969/275/206 970/273/207 975/278/13
f 970/273/207 971/274/208 975/278/13
f 971/274/208 972/276/209 975/278/13
f 972/276/209 973/277/210 975/278/13
f 973/277/210 974/276/211 975/278/13
f 974/276/211 968/274/204 975/278/13
f 977/255/157 978/256/158 979/257/159
f 979/257/159 976/258/160 977/255/157
f 980/259/161 981/260/162 978/256/158
f 978/256/158 977/255/157 980/259/161
f 982/255/163 983/256/164 981/260/162
f 981/260/162 980/259/161 982/255/163
f 984/258/165 985/257/166 983/256/164
f 983/256/164 982/255/163 984/258/165
f 986/261/167 987/262/168 985/257/166
f 985/257/166 984/258/165 986/261/167
f 988/263/169 989/264/214 987/262/168
f 987/262/168 986/261/167 988/263/169
f 990/261/171 991/262/172 989/264/214
f 989/264/214 988/263/169 990/261/171
f 976/258/160 979/257/159 991/262/172
f 991/262/172 990/261/171 976/258/160
f 992/265/173 993/266/174 979/257/175
f 979/257/175 978/256/176 992/265/173
f 994/267/177 992/265/173 978/256/176
f 978/256/176 981/260/178 994/267/177
f 995/265/179 994/267/177 981/260/178
f 981/260/178 983/256/180 995/265/179
f 996/266/181 995/265/179 983/256/180
f 983/256/180 985/257/182 996/266/181
f 997/268/183 996/266/181 985/257/182
f 985/257/182 987/262/184 997/268/183
f 998/269/185 997/268/183 987/262/184
f 987/262/184 989/264/186 998/269/185
f 999/268/187 998/269/185 989/264/186
f 989/264/186 991/262/188 999/268/187
f 993/266/174 999/268/187 991/262/188
f 991/262/188 979/257/175 993/266/174
f 977/255/157 976/258/160 1000/270/18
f 980/259/161 977/255/157 1000/270/18
f 982/255/163 980/259/161 1000/270/18
f 984/258/165 982/255/163 1000/270/18
f 986/261/167 984/258/165 1000/270/18
f 988/263/169 986/261/167 1000/270/18
f 990/261/171 988/263/169 1000/270/18
f 976/258/160 990/261/171 1000/270/18
f 993/266/174 992/265/173 1001/271/13
f 992/265/173 994/267/177 1001/271/13
f 994/267/177 995/265/179 1001/271/13
f 995/265/179 996/266/181 1001/271/13
f 996/266/181 997/268/183 1001/271/13
f 997/268/183 998/269/185 1001/271/13
f 998/269/185 999/268/187 1001/271/13
f 999/268/187 993/266/174 1001/271/13
f 1002/272/18 1003/273/190 1004/274/191
f 1002/272/18 1005/275/192 1003/273/190
f 1002/272/193 1006/273/194 1005/275/195
f 1002/272/193 1007/274/196 1006/273/194
f 1002/272/193 1008/276/198 1007/274/199
f 1002/272/193 1009/277/200 1008/276/198
f 1002/272/189 1010/276/201 1009/277/202
f 1002/272/189 1004/274/203 1010/276/201
f 1004/274/204 1003/273/205 1011/278/13
f 1003/273/205 1005/275/206 1011/278/13
f 1005/275/206 1006/273/207 1011/278/13
f 1006/273/207 1007/274/208 1011/278/13
f 1007/274/208 1008/276/209 1011/278/13
f 1008/276/209 1009/277/210 1011/278/13
f 1009/277/210 1010/276/211 1011/278/13
f 1010/276/211 1004/274/204 1011/278/13
f 1012/199/18 1013/200/18 1014/200/18
f 1014/200/18 1015/199/18 1012/199/18
f 1016/201/13 1017/202/13 1018/203/13
f 1018/203/13 1019/204/13 1016/201/13
f 1012/199/11 1015/199/11 1017/205/11
f 1017/205/11 1016/205/11 1012/199/11
f 1015/199/1 1014/200/1 1018/206/1
f 1018/206/1 1017/205/1 1015/199/1
f 1014/200/12 1013/200/12 1019/206/12
f 1019/206/12 1018/206/12 1014/200/12
f 1013/200/28 1012/199/28 1016/205/28
f 1016/205/28 1019/206/28 1013/200/28
f 1020/199/18 1021/200/18 1022/200/18
f 1022/200/18 1023/199/18 1020/199/18
f 1024/201/13 1025/202/13 1026/203/13
f 1026/203/13 1027/204/13 1024/201/13
f 1020/199/11 1023/199/11 1025/205/11
f 1025/205/11 1024/205/11 1020/199/11
f 1023/199/1 1022/200/1 1026/206/1
f 1026/206/1 1025/205/1 1023/199/1
f 1022/200/12 1021/200/12 1027/206/12
f 1027/206/12 1026/206/12 1022/200/12
f 1021/200/28 1020/199/28 1024/205/28
f 1024/205/28 1027/206/28 1021/200/28
f 1028/199/18 1029/200/18 1030/200/18
f 1030/200/18 1031/199/18 1028/199/18
f 1032/201/13 1033/202/13 1034/203/13
f 1034/203/13 1035/204/13 1032/201/13
f 1028/199/11 1031/199/11 1033/205/11
f 1033/205/11 1032/205/11 1028/199/11
f 1031/199/1 1030/200/1 1034/206/1
f 1034/206/1 1033/205/1 1031/199/1
f 1030/200/12 1029/200/12 1035/206/12
f 1035/206/12 1034/206/12 1030/200/12
f 1029/200/28 1028/199/28 1032/205/28
f 1032/205/28 1035/206/28 1029/200/28
f 1036/199/18 1037/200/18 1038/200/18
f 1038/200/18 1039/199/18 1036/199/18
f 1040/201/13 1041/202/13 1042/203/13
f 1042/203/13 1043/204/13 1040/201/13
f 1036/199/11 1039/199/11 1041/205/11
f 1041/205/11 1040/205/11 1036/199/11
f 1039/199/1 1038/200/1 1042/206/1
f 1042/206/1 1041/205/1 1039/199/1
f 1038/200/12 1037/200/12 1043/206/12
f 1043/206/12 1042/206/12 1038/200/12
f 1037/200/28 1036/199/28 1040/205/28
f 1040/205/28 1043/206/28 1037/200/28
f 1044/199/18 1045/200/18 1046/200/18
f 1046/200/18 1047/199/18 1044/199/18
f 1048/201/13 1049/202/13 1050/203/13
f 1050/203/13 1051/204/13 1048/201/13
f 1044/199/11 1047/199/11 1049/205/11
f 1049/205/11 1048/205/11 1044/199/11
f 1047/199/1 1046/200/1 1050/206/1
f 1050/206/1 1049/205/1 1047/199/1
f 1046/200/12 1045/200/12 1051/206/12
f 1051/206/12 1050/206/12 1046/200/12
f 1045/200/28 1044/199/28 1048/205/28
f 1048/205/28 1051/206/28 1045/200/28
f 1053/279/18 1054/280/18 1055/281/18
f 1055/281/18 1056/282/18 1057/283/18
f 1057/283/18 1058/282/18 1059/281/18
f 1055/281/18 1057/283/18 1059/281/18
f 1053/279/18 1055/281/18 1059/281/18
f 1052/280/18 1053/279/18 1059/281/18
f 1059/281/215 1058/282/216 1060/284/216
f 1060/284/216 1061/285/215 1059/281/215
f 1058/282/216 1057/283/217 1062/286/217
f 1062/286/217 1060/284/216 1058/282/216
f 1057/283/217 1056/282/218 1063/284/218
f 1063/284/218 1062/286/217 1057/283/217
f 1056/282/218 1055/281/219 1064/287/219
f 1064/287/219 1063/284/218 1056/282/218
f 1055/281/219 1054/280/220 1065/288/220
f 1065/288/220 1064/287/219 1055/281/219
f 1054/280/220 1053/279/221 1066/289/221
f 1066/289/221 1065/288/220 1054/280/220
f 1053/279/221 1052/280/222 1067/288/222
f 1067/288/222 1066/289/221 1053/279/221
f 1052/280/222 1059/281/215 1061/285/215
f 1061/285/215 1067/288/222 1052/280/222
f 1061/285/13 1060/284/13 1068/290/13
f 1068/290/13 1069/285/13 1061/285/13
f 1060/284/13 1062/286/13 1070/291/13
f 1070/291/13 1068/290/13 1060/284/13
f 1062/286/13 1063/284/13 1071/290/13
f 1071/290/13 1070/291/13 1062/286/13
f 1063/284/13 1064/287/13 1072/285/13
f 1072/285/13 1071/290/13 1063/284/13
f 1064/287/13 1065/288/13 1073/292/13
f 1073/292/13 1072/285/13 1064/287/13
f 1065/288/13 1066/289/13 1074/293/13
f 1074/293/13 1073/292/13 1065/288/13
f 1066/289/13 1067/288/13 1075/292/13
f 1075/292/13 1074/293/13 1066/289/13
f 1067/288/13 1061/285/13 1069/285/13
f 1069/285/13 1075/292/13 1067/288/13
f 1069/285/223 1068/290/223 1076/294/223
f 1076/294/223 1077/295/223 1069/285/223
f 1068/290/224 1070/291/224 1078/296/224
f 1078/296/224 1076/294/224 1068/290/224
f 1070/291/225 1071/290/225 1079/294/225
f 1079/294/225 1078/296/225 1070/291/225
f 1071/290/226 1072/285/226 1080/295/226
f 1080/295/226 1079/294/226 1071/290/226
f 1072/285/227 1073/292/227 1081/297/227
f 1081/297/227 1080/295/227 1072/285/227
f 1073/292/228 1074/293/228 1082/298/228
f 1082/298/228 1081/297/228 1073/292/228
f 1074/293/229 1075/292/229 1083/297/229
f 1083/297/229 1082/298/229 1074/293/229
f 1075/292/230 1069/285/230 1077/295/230
f 1077/295/230 1083/297/230 1075/292/230
f 1078/299/13 1079/300/13 1080/301/13
f 1080/301/13 1081/302/13 1082/303/13
f 1082/303/13 1083/302/13 1077/301/13
f 1080/301/13 1082/303/13 1077/301/13
f 1078/299/13 1080/301/13 1077/301/13
f 1076/300/13 1078/299/13 1077/301/13
f 1084/304/13 1085/305/231 1086/306/232
f 1086/306/232 1087/307/78 1084/304/13
f 1085/305/231 1088/308/18 1089/309/8
f 1089/309/8 1086/306/232 1085/305/231
f 1088/308/18 1090/310/233 1091/311/234
f 1091/311/234 1089/309/8 1088/308/18
f 1090/310/233 1084/304/13 1087/307/78
f 1087/307/78 1091/311/234 1090/310/233
f 1087/307/78 1086/306/232 1092/312/235
f 1092/312/235 1093/313/236 1087/307/78
f 1086/306/232 1089/309/8 1094/313/237
f 1094/313/237 1092/312/235 1086/306/232
f 1089/309/8 1091/311/234 1095/314/238
f 1095/314/238 1094/313/237 1089/309/8
f 1091/311/234 1087/307/78 1093/313/236
f 1093/313/236 1095/314/238 1091/311/234
f 1096/313/239 1097/312/240 1098/306/241
f 1098/306/241 1099/307/10 1096/313/239
f 1097/312/240 1100/313/242 1101/309/79
f 1101/309/79 1098/306/241 1097/312/240
f 1100/313/242 1102/315/243 1103/316/244
f 1103/316/244 1101/309/79 1100/313/242
f 1102/315/243 1096/313/239 1099/307/10
f 1099/307/10 1103/316/244 1102/315/243
f 1099/307/10 1098/306/241 1085/305/231
f 1085/305/231 1084/304/13 1099/307/10
f 1098/306/241 1101/309/79 1088/308/18
f 1088/308/18 1085/305/231 1098/306/241
f 1101/309/79 1103/316/244 1090/310/233
f 1090/310/233 1088/308/18 1101/309/79
f 1103/316/244 1099/307/10 1084/304/13
f 1084/304/13 1090/310/233 1103/316/244
f 1093/313/245 1092/312/245 1104/317/245
f 1092/312/246 1094/313/246 1104/317/246
f 1094/313/247 1095/314/247 1104/317/247
f 1095/314/248 1093/313/248 1104/317/248
f 1097/312/246 1096/313/246 1105/317/246
f 1100/313/245 1097/312/245 1105/317/245
f 1102/315/248 1100/313/248 1105/317/248
f 1096/313/247 1102/315/247 1105/317/247
f 1107/318/249 1108/319/250 1109/320/250
f 1109/320/250 1106/321/249 1107/318/249
f 1110/322/251 1111/323/252 1108/319/252
f 1108/319/252 1107/318/251 1110/322/251
f 1112/324/253 1113/325/254 1111/323/254
f 1111/323/254 1110/322/253 1112/324/253
f 1106/321/255 1109/320/256 1113/325/256
f 1113/325/256 1112/324/255 1106/321/255
f 1114/326/257 1115/327/257 1109/320/250
f 1109/320/250 1108/319/250 1114/326/257
f 1116/328/258 1114/326/259 1108/319/252
f 1108/319/252 1111/323/252 1116/328/258
f 1117/329/260 1116/328/260 1111/323/254
f 1111/323/254 1113/325/254 1117/329/260
f 1115/327/261 1117/329/261 1113/325/256
f 1113/325/256 1109/320/256 1115/327/261
f 1115/327/262 1114/326/262 1118/330/262
f 1114/326/263 1116/328/263 1118/330/263
f 1116/328/264 1117/329/264 1118/330/264
f 1117/329/265 1115/327/265 1118/330/265
f 1107/318/249 1106/321/249 1119/331/266
f 1110/322/251 1107/318/251 1119/331/267
f 1112/324/253 1110/322/253 1119/331/266
f 1106/321/255 1112/324/255 1119/331/267
f 1121/332/268 1122/333/269 1123/334/270
f 1123/334/270 1120/335/271 1121/332/268
f 1125/336/272 1126/337/273 1127/338/274
f 1127/338/274 1124/339/275 1125/336/272
f 1130/340/12 1131/341/276 1128/342/276
f 1128/342/276 1129/343/12 1130/340/12
f 1131/341/276 1133/344/277 1132/345/277
f 1132/345/277 1128/342/276 1131/341/276
f 1135/346/278 1136/347/278 1137/348/279
f 1137/348/279 1134/349/279 1135/346/278
f 1137/348/279 1124/339/280 1120/335/280
f 1120/335/280 1134/349/279 1137/348/279
f 1124/339/280 1127/338/11 1121/332/11
f 1121/332/11 1120/335/280 1124/339/280
f 1122/333/281 1126/337/281 1130/340/281
f 1130/340/281 1129/343/281 1122/333/281
f 1124/339/275 1137/348/282 1125/336/272
f 1128/342/283 1132/345/284 1123/334/270
f 1129/343/285 1128/342/283 1123/334/270
f 1123/334/270 1122/333/269 1129/343/285
f 1131/341/286 1130/340/287 1126/337/273
f 1126/337/273 1125/336/272 1131/341/286
f 1132/345/277 1133/344/277 1136/347/278
f 1136/347/278 1135/346/278 1132/345/277
f 1121/332/281 1127/338/281 1126/337/281
f 1126/337/281 1122/333/281 1121/332/281
f 1133/344/288 1131/341/286 1125/336/272
f 1134/349/289 1120/335/271 1123/334/270
f 1137/348/282 1136/347/290 1125/336/272
f 1125/336/272 1136/347/290 1133/344/288
f 1132/345/284 1135/346/291 1123/334/270
f 1123/334/270 1135/346/291 1134/349/289
f 1138/350/11 1139/350/11 1143/351/11
f 1143/351/11 1142/351/11 1138/350/11
f 1139/350/1 1141/352/1 1145/353/1
f 1145/353/1 1143/351/1 1139/350/1
f 1148/352/12 1147/353/12 1145/353/12
f 1145/353/12 1141/352/12 1148/352/12
f 1140/352/28 1138/350/28 1142/351/28
f 1142/351/28 1144/353/28 1140/352/28
f 1140/352/12 1144/353/12 1149/353/12
f 1149/353/12 1146/352/12 1140/352/12
f 1148/352/12 1146/352/12 1149/353/12
f 1149/353/12 1147/353/12 1148/352/12
f 1142/351/11 1143/351/11 1151/354/11
f 1151/354/11 1150/354/11 1142/351/11
f 1143/351/1 1145/353/1 1153/355/1
f 1153/355/1 1151/354/1 1143/351/1
f 1149/353/12 1144/353/12 1152/355/12
f 1152/355/12 1155/355/12 1149/353/12
f 1144/353/28 1142/351/28 1150/354/28
f 1150/354/28 1152/355/28 1144/353/28
f 1145/353/12 1147/353/12 1154/355/12
f 1154/355/12 1153/355/12 1145/353/12
f 1155/355/12 1152/355/12 1156/356/12
f 1153/355/12 1154/355/12 1156/356/12
f 1154/355/12 1155/355/12 1156/356/12
f 1147/353/13 1149/353/13 1158/357/13
f 1158/357/13 1157/357/13 1147/353/13
f 1154/355/28 1147/353/28 1157/357/28
f 1157/357/28 1159/358/28 1154/355/28
f 1149/353/1 1155/355/1 1160/358/1
f 1160/358/1 1158/357/1 1149/353/1
f 1155/355/18 1154/355/18 1159/358/18
f 1159/358/18 1160/358/18 1155/355/18
f 1160/359/12 1159/359/12 1157/360/12
f 1157/360/12 1158/360/12 1160/359/12
f 1162/361/11 1169/362/11 1170/362/11
f 1170/362/11 1161/361/11 1162/361/11
f 1164/363/1 1172/364/1 1169/362/1
f 1169/362/1 1162/361/1 1164/363/1
f 1163/363/12 1171/364/12 1172/364/12
f 1172/364/12 1164/363/12 1163/363/12
f 1161/361/28 1170/362/292 1171/364/292
f 1171/364/292 1163/363/28 1161/361/28
f 1173/365/11 1174/365/11 1170/362/11
f 1170/362/11 1169/362/11 1173/365/11
f 1176/366/1 1173/365/1 1169/362/1
f 1169/362/1 1172/364/1 1176/366/1
f 1175/366/12 1176/366/12 1172/364/12
f 1172/364/12 1171/364/12 1175/366/12
f 1174/365/292 1175/366/292 1171/364/292
f 1171/364/292 1170/362/292 1174/365/292
f 1166/367/11 1165/367/11 1174/365/11
f 1174/365/11 1173/365/11 1166/367/11
f 1168/368/1 1166/367/1 1173/365/1
f 1173/365/1 1176/366/1 1168/368/1
f 1167/368/12 1168/368/12 1176/366/12
f 1176/366/12 1175/366/12 1167/368/12
f 1165/367/28 1167/368/28 1175/366/292
f 1175/366/292 1174/365/292 1165/367/28
f 1165/367/13 1166/367/13 1178/369/13
f 1178/369/13 1177/369/13 1165/367/13
f 1166/367/13 1168/368/13 1179/370/13
f 1179/370/13 1178/369/13 1166/367/13
f 1168/368/13 1167/368/13 1180/370/13
f 1180/370/13 1179/370/13 1168/368/13
f 1167/368/13 1165/367/13 1177/369/13
f 1177/369/13 1180/370/13 1167/368/13
f 1177/369/12 1178/369/12 1182/371/12
f 1182/371/12 1181/371/12 1177/369/12
f 1178/369/28 1179/370/28 1183/372/28
f 1183/372/28 1182/371/28 1178/369/28
f 1179/370/11 1180/370/11 1184/372/11
f 1184/372/11 1183/372/11 1179/370/11
f 1180/370/1 1177/369/1 1181/371/1
f 1181/371/1 1184/372/1 1180/370/1
f 1183/373/13 1184/373/13 1181/374/13
f 1181/374/13 1182/374/13 1183/373/13
f 1185/375/117 1208/376/117 1209/377/117
f 1209/377/117 1186/378/118 1185/375/117
f 1203/379/120 1212/380/120 1188/381/120
f 1188/381/120 1187/382/119 1203/379/120
f 1189/383/121 1190/384/122 1191/385/122
f 1191/385/12 1195/386/12 1194/387/12
f 1194/387/12 1189/383/12 1191/385/12
f 1190/384/125 1220/388/125 1205/389/125
f 1205/389/125 1196/390/125 1190/384/125
f 1192/391/12 1199/392/12 1197/393/12
f 1197/393/12 1198/394/12 1192/391/12
f 1209/377/127 1203/379/127 1187/382/127
f 1187/382/127 1186/378/127 1209/377/127
f 1189/383/12 1194/387/12 1199/392/12
f 1199/392/12 1192/391/12 1189/383/12
f 1195/386/128 1191/385/129 1190/384/130
f 1190/384/130 1196/390/293 1195/386/128
f 1198/394/132 1197/393/294 1200/395/295
f 1200/395/295 1193/396/135 1198/394/132
f 1185/375/296 1186/378/137 1194/387/138
f 1194/387/138 1195/386/139 1185/375/296
f 1187/382/143 1188/381/297 1197/393/298
f 1197/393/298 1199/392/146 1187/382/143
f 1212/380/299 1227/397/300 1200/395/301
f 1200/395/301 1188/381/302 1212/380/299
f 1199/392/150 1194/387/150 1186/378/151
f 1186/378/151 1187/382/119 1199/392/150
f 1195/386/152 1196/390/152 1185/375/152
f 1200/395/153 1197/393/153 1188/381/153
f 1192/391/155 1201/398/155 1202/399/155
f 1202/399/155 1189/383/156 1192/391/155
f 1190/384/122 1189/383/121 1206/400/122
f 1206/400/122 1220/388/122 1190/384/122
f 1193/396/123 1192/391/123 1198/394/123
f 1230/401/123 1192/391/123 1193/396/123
f 1193/396/123 1204/402/123 1230/401/123
f 1193/396/126 1200/395/126 1227/397/126
f 1227/397/126 1204/402/126 1193/396/126
f 1185/375/296 1196/390/293 1205/389/303
f 1205/389/303 1208/376/304 1185/375/296
f 1207/403/117 1210/404/305 1209/377/117
f 1209/377/117 1208/376/117 1207/403/117
f 1203/379/120 1211/405/306 1213/406/120
f 1213/406/120 1212/380/120 1203/379/120
f 1214/407/121 1216/408/122 1215/409/122
f 1216/408/11 1214/407/11 1217/410/11
f 1217/410/11 1218/411/11 1216/408/11
f 1215/409/125 1219/412/125 1205/389/125
f 1205/389/125 1220/388/125 1215/409/125
f 1223/413/11 1222/414/11 1221/415/11
f 1221/415/11 1224/416/11 1223/413/11
f 1209/377/127 1210/404/127 1211/405/127
f 1211/405/127 1203/379/127 1209/377/127
f 1214/407/11 1223/413/11 1224/416/11
f 1224/416/11 1217/410/11 1214/407/11
f 1218/411/307 1219/412/308 1215/409/309
f 1215/409/309 1216/408/310 1218/411/307
f 1222/414/311 1226/417/312 1225/418/313
f 1225/418/313 1221/415/314 1222/414/311
f 1207/403/315 1218/411/316 1217/410/317
f 1217/410/317 1210/404/318 1207/403/315
f 1211/405/319 1224/416/320 1221/415/321
f 1221/415/321 1213/406/322 1211/405/319
f 1212/380/299 1213/406/323 1225/418/324
f 1225/418/324 1227/397/300 1212/380/299
f 1224/416/325 1211/405/306 1210/404/326
f 1210/404/326 1217/410/325 1224/416/325
f 1218/411/327 1207/403/327 1219/412/327
f 1225/418/328 1213/406/328 1221/415/328
f 1223/413/155 1214/407/156 1229/419/155
f 1229/419/155 1228/420/155 1223/413/155
f 1215/409/122 1220/388/122 1206/400/122
f 1206/400/122 1214/407/121 1215/409/122
f 1226/417/123 1222/414/123 1223/413/123
f 1230/401/123 1204/402/123 1226/417/123
f 1226/417/123 1223/413/123 1230/401/123
f 1226/417/126 1204/402/126 1227/397/126
f 1227/397/126 1225/418/126 1226/417/126
f 1207/403/315 1208/376/304 1205/389/303
f 1205/389/303 1219/412/308 1207/403/315
