# Blender 4.5.9 LTS
# www.blender.org
mtllib palm-rare.mtl
o BézierCurve
v -0.549150 -0.475738 -0.018981
v -0.384124 -0.285986 -0.018981
v -0.508708 -0.533036 0.150337
v -0.508708 -0.533036 -0.188299
v -0.411070 -0.671367 -0.258433
v -0.333571 -0.357609 -0.230628
v -0.211524 -0.530523 -0.318296
v 0.298780 0.088719 -0.230628
v 0.522736 0.194980 -0.188299
v 0.248227 0.160342 -0.018981
v 0.420827 -0.084195 -0.318296
v 0.542873 -0.257109 -0.230629
v 0.620373 0.056649 -0.258433
v -0.089477 -0.703437 -0.230629
v -0.313433 -0.809698 -0.188299
v -0.038924 -0.775060 -0.018981
v 0.593427 -0.328732 -0.018981
v 0.758453 -0.138980 -0.018981
v 0.718010 -0.081682 0.150337
v 0.542873 -0.257109 0.192666
v 0.718010 -0.081682 -0.188299
v 0.420827 -0.084195 0.280333
v -0.089477 -0.703437 0.192666
v -0.211524 -0.530523 0.280333
v -0.411070 -0.671368 0.220470
v -0.333571 -0.357609 0.192666
v 0.298780 0.088719 0.192666
v 0.620373 0.056649 0.220470
v 0.522736 0.194980 0.150337
v 0.482293 0.252279 -0.018981
v -0.313433 -0.809699 0.150336
v -0.272990 -0.866997 -0.018981
v 0.320403 0.065469 -0.018981
v 0.462499 0.272950 -0.018981
v 0.367171 0.013205 0.150337
v 0.367171 0.013205 -0.188299
v 0.480077 -0.112972 -0.258433
v 0.520958 0.207620 -0.230628
v 0.662091 0.049898 -0.318296
v 1.097750 0.723746 -0.230628
v 1.307991 0.855072 -0.188299
v 1.039291 0.789077 -0.018981
v 1.238883 0.566025 -0.318296
v 1.380016 0.408303 -0.230628
v 1.420897 0.728895 -0.258433
v 0.803224 -0.107824 -0.230628
v 0.592983 -0.239150 -0.188299
v 0.861683 -0.173154 -0.018981
v 1.438475 0.342973 -0.018981
v 1.580571 0.550453 -0.018981
v 1.533803 0.602718 0.150337
v 1.380016 0.408303 0.192666
v 1.533803 0.602718 -0.188299
v 1.238883 0.566025 0.280333
v 0.803224 -0.107824 0.192666
v 0.662091 0.049898 0.280333
v 0.480077 -0.112972 0.220470
v 0.520958 0.207620 0.192666
v 1.097750 0.723746 0.192666
v 1.420897 0.728895 0.220470
v 1.307991 0.855072 0.150337
v 1.261224 0.907336 -0.018981
v 0.592983 -0.239150 0.150337
v 0.639750 -0.291414 -0.018981
v 1.062124 0.735881 -0.018981
v 1.155377 0.969426 -0.018981
v 1.119194 0.695116 0.150337
v 1.119194 0.695116 -0.188299
v 1.256973 0.596701 -0.258433
v 1.226715 0.918470 -0.230628
v 1.398939 0.795451 -0.318295
v 1.676596 1.548297 -0.230628
v 1.853007 1.722444 -0.188299
v 1.605259 1.599253 -0.018981
v 1.848820 1.425279 -0.318295
v 2.021044 1.302261 -0.230628
v 1.990786 1.624029 -0.258433
v 1.571162 0.672433 -0.230628
v 1.394752 0.498287 -0.188299
v 1.642500 0.621477 -0.018981
v 2.092381 1.251305 -0.018981
v 2.185635 1.484849 -0.018981
v 2.128565 1.525614 0.150337
v 2.021044 1.302261 0.192666
v 2.128565 1.525614 -0.188299
v 1.848820 1.425279 0.280333
v 1.571162 0.672433 0.192666
v 1.398939 0.795451 0.280333
v 1.256973 0.596701 0.220470
v 1.226715 0.918470 0.192666
v 1.676596 1.548297 0.192666
v 1.990786 1.624029 0.220471
v 1.853007 1.722444 0.150337
v 1.795937 1.763208 -0.018981
v 1.394752 0.498287 0.150337
v 1.451822 0.457522 -0.018981
v 1.635051 1.564517 -0.018981
v 1.684480 1.811086 -0.018981
v 1.698558 1.534759 0.150337
v 1.698558 1.534759 -0.188299
v 1.851878 1.462916 -0.258432
v 1.763864 1.773888 -0.230628
v 1.955514 1.684084 -0.318295
v 2.092281 2.474758 -0.230628
v 2.234247 2.677965 -0.188299
v 2.012897 2.511956 -0.018981
v 2.283931 2.384954 -0.318295
v 2.475581 2.295149 -0.230628
v 2.387567 2.606122 -0.258432
v 2.147164 1.594280 -0.230628
v 2.005198 1.391072 -0.188299
v 2.226548 1.557081 -0.018981
v 2.554965 2.257951 -0.018981
v 2.604394 2.504520 -0.018981
v 2.540887 2.534278 0.150337
v 2.475581 2.295149 0.192666
v 2.540887 2.534278 -0.188299
v 2.283931 2.384953 0.280333
v 2.147164 1.594280 0.192666
v 1.955514 1.684084 0.280333
v 1.851878 1.462916 0.220471
v 1.763864 1.773888 0.192666
v 2.092281 2.474758 0.192666
v 2.387567 2.606122 0.220471
v 2.234247 2.677965 0.150337
v 2.170740 2.707724 -0.018981
v 2.005198 1.391072 0.150337
v 2.068706 1.361314 -0.018981
v 2.055202 2.493553 -0.018981
v 2.072371 2.744441 -0.018981
v 2.122021 2.472246 0.150337
v 2.122021 2.472246 -0.188299
v 2.283336 2.420807 -0.258432
v 2.155894 2.717807 -0.230628
v 2.357538 2.653509 -0.318295
v 2.391036 3.455225 -0.230628
v 2.505566 3.675066 -0.188299
v 2.307512 3.481858 -0.018981
v 2.592680 3.390926 -0.318295
v 2.794323 3.326628 -0.230628
v 2.666881 3.623628 -0.258432
v 2.559182 2.589211 -0.230628
v 2.444651 2.369369 -0.188299
v 2.642706 2.562577 -0.018981
v 2.877847 3.299995 -0.018981
v 2.895015 3.550882 -0.018981
v 2.828196 3.572189 0.150337
v 2.794323 3.326628 0.192666
v 2.828196 3.572189 -0.188299
v 2.592680 3.390926 0.280334
v 2.559182 2.589211 0.192666
v 2.357538 2.653509 0.280334
v 2.283336 2.420807 0.220471
v 2.155894 2.717807 0.192666
v 2.391036 3.455225 0.192666
v 2.666881 3.623628 0.220471
v 2.505566 3.675066 0.150337
v 2.438747 3.696373 -0.018981
v 2.444651 2.369369 0.150337
v 2.511470 2.348062 -0.018981
v 2.360710 3.475136 -0.018981
v 2.354207 3.726526 -0.018981
v 2.429236 3.460208 0.150337
v 2.429236 3.460208 -0.188298
v 2.594674 3.424168 -0.258432
v 2.439865 3.707866 -0.230628
v 2.646662 3.662817 -0.318295
v 2.604614 4.464129 -0.230628
v 2.697962 4.693768 -0.188298
v 2.518956 4.482790 -0.018981
v 2.811411 4.419080 -0.318295
v 3.018209 4.374030 -0.230628
v 2.863400 4.657728 -0.258432
v 2.853460 3.617767 -0.230628
v 2.760112 3.388128 -0.188298
v 2.939118 3.599106 -0.018981
v 3.103867 4.355370 -0.018981
v 3.097364 4.606760 -0.018981
v 3.028837 4.621688 0.150337
v 3.018209 4.374030 0.192667
v 3.028837 4.621688 -0.188298
v 2.811411 4.419080 0.280334
v 2.853460 3.617767 0.192667
v 2.646662 3.662817 0.280334
v 2.594674 3.424168 0.220471
v 2.439865 3.707866 0.192667
v 2.604614 4.464129 0.192667
v 2.863400 4.657728 0.220471
v 2.697962 4.693768 0.150337
v 2.629436 4.708696 -0.018981
v 2.760112 3.388128 0.150337
v 2.828638 3.373200 -0.018981
v 2.575943 4.484930 -0.018981
v 2.550312 4.735095 -0.018981
v 2.645408 4.475265 0.150337
v 2.645408 4.475265 -0.188298
v 2.813110 4.451930 -0.258432
v 2.637143 4.723013 -0.230628
v 2.846771 4.693845 -0.318295
v 2.743811 5.489628 -0.230628
v 2.819397 5.725709 -0.188298
v 2.656980 5.501709 -0.018980
v 2.953439 5.460460 -0.318295
v 3.163066 5.431292 -0.230628
v 2.987099 5.702375 -0.258432
v 3.056398 4.664677 -0.230628
v 2.980813 4.428596 -0.188298
v 3.143229 4.652596 -0.018981
v 3.249897 5.419210 -0.018981
v 3.224266 5.669375 -0.018980
v 3.154801 5.679040 0.150337
v 3.163066 5.431292 0.192667
v 3.154801 5.679040 -0.188298
v 2.953439 5.460460 0.280334
v 3.056398 4.664677 0.192667
v 2.846771 4.693845 0.280334
v 2.813110 4.451930 0.220471
v 2.637143 4.723013 0.192667
v 2.743811 5.489628 0.192667
v 2.987099 5.702375 0.220471
v 2.819397 5.725709 0.150337
v 2.749932 5.735374 -0.018980
v 2.980813 4.428596 0.150337
v 3.050277 4.418931 -0.018981
v 2.711868 5.512637 -0.018980
v 2.671741 5.760889 -0.018980
v 2.781777 5.507025 0.150337
v 2.781777 5.507025 -0.188298
v 2.950552 5.493476 -0.258432
v 2.759127 5.753874 -0.230628
v 2.970096 5.736938 -0.318295
v 2.821061 6.525393 -0.230628
v 2.882799 6.765468 -0.188298
v 2.733675 6.532407 -0.018980
v 3.032030 6.508457 -0.318295
v 3.242998 6.491521 -0.230628
v 3.051574 6.751919 -0.258432
v 3.181064 5.720003 -0.230628
v 3.119327 5.479928 -0.188298
v 3.268450 5.712988 -0.018980
v 3.330384 6.484506 -0.018980
v 3.290257 6.732759 -0.018980
v 3.220348 6.738370 0.150337
v 3.242998 6.491521 0.192667
v 3.220348 6.738370 -0.188298
v 3.032030 6.508457 0.280334
v 3.181064 5.720003 0.192667
v 2.970096 5.736938 0.280334
v 2.950552 5.493476 0.220471
v 2.759127 5.753874 0.192667
v 2.821061 6.525393 0.192667
v 3.051574 6.751919 0.220471
v 2.882799 6.765468 0.150337
v 2.812890 6.771079 -0.018980
v 3.119327 5.479928 0.150337
v 3.189235 5.474316 -0.018980
v 2.791663 6.550121 -0.018980
v 2.741248 6.796490 -0.018980
v 2.861744 6.547421 0.150337
v 2.861744 6.547421 -0.188298
v 3.030936 6.540902 -0.258432
v 2.828850 6.793115 -0.230628
v 3.040340 6.784966 -0.318295
v 2.858650 7.566541 -0.230627
v 2.910352 7.808976 -0.188298
v 2.771048 7.569917 -0.018980
v 3.070141 7.558393 -0.318295
v 3.281631 7.550244 -0.230627
v 3.079544 7.802457 -0.258432
v 3.251831 6.776818 -0.230628
v 3.200129 6.534383 -0.188298
v 3.339433 6.773442 -0.018980
v 3.369233 7.546868 -0.018980
v 3.318818 7.793238 -0.018980
v 3.248737 7.795938 0.150338
v 3.281631 7.550244 0.192667
v 3.248737 7.795938 -0.188298
v 3.070141 7.558393 0.280334
v 3.251831 6.776817 0.192667
v 3.040340 6.784966 0.280334
v 3.030936 6.540902 0.220471
v 2.828850 6.793115 0.192667
v 2.858650 7.566541 0.192667
v 3.079544 7.802457 0.220471
v 2.910352 7.808976 0.150338
v 2.840270 7.811676 -0.018980
v 3.200129 6.534383 0.150337
v 3.270211 6.531682 -0.018980
v 2.832039 7.590745 -0.018980
v 2.772195 7.834995 -0.018980
v 2.902173 7.590740 0.150338
v 2.902173 7.590740 -0.188298
v 3.071491 7.590727 -0.258432
v 2.859862 7.834988 -0.230627
v 3.071509 7.834972 -0.318294
v 2.859920 8.608989 -0.230627
v 2.902268 8.853230 -0.188298
v 2.772253 8.608995 -0.018980
v 3.071567 8.608973 -0.318294
v 3.283215 8.608956 -0.230627
v 3.071586 8.853218 -0.258432
v 3.283156 7.834957 -0.230627
v 3.240808 7.590714 -0.188298
v 3.370823 7.834950 -0.018980
v 3.370882 8.608950 -0.018980
v 3.311037 8.853200 -0.018980
v 3.240903 8.853205 0.150338
v 3.283215 8.608956 0.192667
v 3.240903 8.853205 -0.188298
v 3.071567 8.608973 0.280334
v 3.283156 7.834957 0.192667
v 3.071509 7.834972 0.280334
v 3.071491 7.590727 0.220471
v 2.859862 7.834988 0.192667
v 2.859920 8.608988 0.192667
v 3.071586 8.853218 0.220471
v 2.902268 8.853230 0.150338
v 2.832134 8.853235 -0.018980
v 3.240808 7.590714 0.150338
v 3.310942 7.590709 -0.018980
v 2.821452 8.617527 -0.018980
v 2.756686 8.860518 -0.018980
v 2.891571 8.618938 0.150338
v 2.891571 8.618938 -0.188298
v 3.060855 8.622345 -0.258432
v 2.844336 8.862283 -0.230627
v 3.055940 8.866542 -0.318294
v 2.828762 9.636127 -0.230627
v 2.866168 9.881174 -0.188298
v 2.741113 9.634362 -0.018980
v 3.040366 9.640385 -0.318294
v 3.251971 9.644644 -0.230627
v 3.035452 9.884581 -0.258431
v 3.267545 8.870800 -0.230627
v 3.230138 8.625752 -0.188298
v 3.355194 8.872564 -0.018980
v 3.339620 9.646407 -0.018980
v 3.274855 9.889399 -0.018980
v 3.204736 9.887987 0.150338
v 3.251971 9.644644 0.192667
v 3.204736 9.887987 -0.188298
v 3.040366 9.640385 0.280334
v 3.267545 8.870800 0.192667
v 3.055940 8.866541 0.280334
v 3.060855 8.622345 0.220472
v 2.844336 8.862283 0.192667
v 2.828762 9.636127 0.192667
v 3.035452 9.884581 0.220472
v 2.866168 9.881174 0.150338
v 2.796049 9.879763 -0.018980
v 3.230138 8.625752 0.150338
v 3.300258 8.627164 -0.018980
v 0.367449 -0.881358 -0.018981
v 0.121480 -0.829031 -0.018981
v 0.397953 -0.818206 0.150337
v 0.397953 -0.818206 -0.188299
v 0.471596 -0.665742 -0.258433
v 0.159609 -0.750090 -0.230628
v 0.251663 -0.559510 -0.318296
v -0.537347 -0.413447 -0.230629
v -0.738869 -0.269099 -0.188299
v -0.575477 -0.492388 -0.018981
v -0.445293 -0.222867 -0.318296
v -0.353239 -0.032287 -0.230629
v -0.665226 -0.116635 -0.258433
v 0.343717 -0.368930 -0.230629
v 0.545239 -0.513278 -0.188299
v 0.381847 -0.289989 -0.018981
v -0.315110 0.046653 -0.018981
v -0.561079 0.098981 -0.018981
v -0.591583 0.035829 0.150336
v -0.353239 -0.032287 0.192666
v -0.591583 0.035829 -0.188299
v -0.445293 -0.222867 0.280333
v 0.343717 -0.368930 0.192666
v 0.251663 -0.559510 0.280333
v 0.471596 -0.665742 0.220470
v 0.159609 -0.750090 0.192666
v -0.537347 -0.413447 0.192666
v -0.665226 -0.116635 0.220470
v -0.738869 -0.269099 0.150337
v -0.769373 -0.332252 -0.018981
v 0.545239 -0.513278 0.150337
v 0.575743 -0.450125 -0.018981
v -0.655637 -0.474144 -0.018981
v -0.889829 -0.382526 -0.018981
v -0.615273 -0.416790 0.150337
v -0.615273 -0.416790 -0.188299
v -0.517824 -0.278326 -0.258433
v -0.839373 -0.310834 -0.230628
v -0.717562 -0.137754 -0.318296
v -1.472332 0.134632 -0.230628
v -1.647708 0.309820 -0.188299
v -1.522788 0.062940 -0.018981
v -1.350521 0.307712 -0.318296
v -1.228710 0.480792 -0.230628
v -1.550259 0.448284 -0.258433
v -0.595752 0.035326 -0.230628
v -0.420376 -0.139862 -0.188299
v -0.545296 0.107018 -0.018981
v -1.178255 0.552484 -0.018981
v -1.412446 0.644102 -0.018981
v -1.452810 0.586748 0.150337
v -1.228710 0.480792 0.192666
v -1.452810 0.586748 -0.188299
v -1.350521 0.307712 0.280333
v -0.595752 0.035326 0.192666
v -0.717562 -0.137754 0.280333
v -0.517824 -0.278326 0.220470
v -0.839373 -0.310834 0.192666
v -1.472332 0.134632 0.192666
v -1.550259 0.448284 0.220470
v -1.647708 0.309820 0.150337
v -1.688072 0.252466 -0.018981
v -0.420376 -0.139862 0.150337
v -0.380011 -0.082508 -0.018981
v -1.560125 0.225359 -0.018981
v -1.761963 0.375362 -0.018981
v -1.506094 0.270073 0.150337
v -1.506094 0.270073 -0.188299
v -1.375650 0.378022 -0.258433
v -1.694424 0.431254 -0.230628
v -1.531369 0.566190 -0.318295
v -2.187889 1.027550 -0.230628
v -2.310997 1.242706 -0.188299
v -2.255428 0.971658 -0.018981
v -2.024834 1.162486 -0.318295
v -1.861779 1.297422 -0.230628
v -2.180553 1.350655 -0.258433
v -1.368314 0.701127 -0.230628
v -1.245206 0.485971 -0.188299
v -1.300775 0.757019 -0.018981
v -1.794240 1.353314 -0.018981
v -1.996078 1.503317 -0.018981
v -2.050109 1.458603 0.150337
v -1.861779 1.297422 0.192666
v -2.050109 1.458603 -0.188299
v -2.024834 1.162486 0.280333
v -1.368314 0.701126 0.192666
v -1.531369 0.566190 0.280333
v -1.375650 0.378022 0.220470
v -1.694424 0.431254 0.192666
v -2.187889 1.027550 0.192666
v -2.180553 1.350655 0.220470
v -2.310997 1.242706 0.150337
v -2.365028 1.197992 -0.018981
v -1.245206 0.485971 0.150337
v -1.191175 0.530684 -0.018981
v -2.266685 1.100455 -0.018981
v -2.433978 1.288211 -0.018981
v -2.204721 1.133305 0.150337
v -2.204721 1.133305 -0.188299
v -2.055125 1.212611 -0.258433
v -2.356522 1.329274 -0.230628
v -2.169527 1.428407 -0.318295
v -2.719057 2.013120 -0.230628
v -2.796060 2.248742 -0.188299
v -2.796512 1.972057 -0.018981
v -2.532062 2.112253 -0.318295
v -2.345067 2.211387 -0.230628
v -2.646464 2.328049 -0.258432
v -1.982532 1.527541 -0.230628
v -1.905529 1.291918 -0.188299
v -1.905077 1.568604 -0.018981
v -2.267611 2.252449 -0.018981
v -2.434903 2.440206 -0.018981
v -2.496868 2.407356 0.150337
v -2.345067 2.211387 0.192666
v -2.496868 2.407356 -0.188299
v -2.532062 2.112253 0.280333
v -1.982532 1.527541 0.192666
v -2.169527 1.428407 0.280333
v -2.055125 1.212611 0.220471
v -2.356522 1.329274 0.192666
v -2.719057 2.013120 0.192666
v -2.646464 2.328049 0.220471
v -2.796060 2.248742 0.150337
v -2.858024 2.215892 -0.018981
v -1.905529 1.291918 0.150337
v -1.843564 1.324768 -0.018981
v -2.755122 2.099446 -0.018981
v -2.892581 2.310027 -0.018981
v -2.688956 2.122700 0.150337
v -2.688956 2.122700 -0.188299
v -2.529216 2.178840 -0.258432
v -2.809874 2.339094 -0.230628
v -2.610198 2.409269 -0.318295
v -3.066504 3.069311 -0.230628
v -3.107552 3.313775 -0.188299
v -3.149212 3.040244 -0.018981
v -2.866829 3.139486 -0.318295
v -2.667154 3.209661 -0.230628
v -2.947812 3.369915 -0.258432
v -2.410524 2.479444 -0.230628
v -2.369476 2.234979 -0.188299
v -2.327816 2.508511 -0.018981
v -2.584446 3.238728 -0.018981
v -2.721905 3.449308 -0.018981
v -2.788072 3.426054 0.150337
v -2.667154 3.209661 0.192666
v -2.788072 3.426054 -0.188299
v -2.866829 3.139486 0.280334
v -2.410524 2.479443 0.192666
v -2.610198 2.409269 0.280334
v -2.529216 2.178839 0.220471
v -2.809874 2.339094 0.192666
v -3.066504 3.069311 0.192666
v -2.947812 3.369915 0.220471
v -3.107552 3.313775 0.150337
v -3.173718 3.290521 -0.018981
v -2.369476 2.234979 0.150337
v -2.303309 2.258233 -0.018981
v -3.109786 3.138156 -0.018981
v -3.228508 3.359842 -0.018981
v -3.041855 3.155597 0.150337
v -3.041855 3.155597 -0.188299
v -2.877857 3.197703 -0.258432
v -3.143594 3.381643 -0.230628
v -2.938596 3.434276 -0.318295
v -3.336073 4.131329 -0.230628
v -3.355813 4.378428 -0.188298
v -3.420986 4.109528 -0.018981
v -3.131075 4.183961 -0.318295
v -2.926076 4.236594 -0.230628
v -3.191814 4.420534 -0.258432
v -2.733597 3.486908 -0.230628
v -2.713858 3.239809 -0.188299
v -2.648684 3.508709 -0.018981
v -2.841163 4.258395 -0.018981
v -2.959884 4.480081 -0.018981
v -3.027815 4.462640 0.150337
v -2.926076 4.236594 0.192667
v -3.027815 4.462640 -0.188298
v -3.131075 4.183961 0.280334
v -2.733597 3.486908 0.192667
v -2.938596 3.434276 0.280334
v -2.877857 3.197703 0.220471
v -3.143594 3.381643 0.192667
v -3.336073 4.131329 0.192667
v -3.191814 4.420534 0.220471
v -3.355813 4.378428 0.150337
v -3.423743 4.360987 -0.018981
v -2.713858 3.239809 0.150337
v -2.645927 3.257250 -0.018981
v -3.371475 4.198023 -0.018981
v -3.476113 4.426694 -0.018981
v -3.302588 4.211185 0.150337
v -3.302588 4.211185 -0.188298
v -3.136279 4.242962 -0.258432
v -3.390003 4.443147 -0.230628
v -3.182117 4.482867 -0.318295
v -3.535262 5.203394 -0.230628
v -3.539523 5.451244 -0.188298
v -3.621371 5.186942 -0.018981
v -3.327375 5.243115 -0.318295
v -3.119489 5.282835 -0.230628
v -3.373214 5.483021 -0.258432
v -2.974230 4.522588 -0.230628
v -2.969969 4.274738 -0.188298
v -2.888121 4.539041 -0.018981
v -3.033379 5.299288 -0.018981
v -3.138017 5.527959 -0.018981
v -3.206904 5.514797 0.150337
v -3.119489 5.282835 0.192667
v -3.206904 5.514797 -0.188298
v -3.327375 5.243115 0.280334
v -2.974230 4.522588 0.192667
v -3.182117 4.482867 0.280334
v -3.136279 4.242962 0.220471
v -3.390003 4.443147 0.192667
v -3.535262 5.203394 0.192667
v -3.373214 5.483021 0.220471
v -3.539523 5.451244 0.150337
v -3.608410 5.438082 -0.018981
v -2.969969 4.274738 0.150337
v -2.901082 4.287900 -0.018981
v -3.571474 5.266887 -0.018980
v -3.665773 5.500011 -0.018980
v -3.502066 5.276953 0.150337
v -3.502066 5.276953 -0.188298
v -3.334502 5.301254 -0.258432
v -3.579013 5.512594 -0.230628
v -3.369557 5.542971 -0.318295
v -3.690103 6.278580 -0.230628
v -3.683267 6.526372 -0.188298
v -3.776862 6.265998 -0.018980
v -3.480647 6.308957 -0.318295
v -3.271191 6.339334 -0.230628
v -3.515703 6.550674 -0.258432
v -3.160101 5.573348 -0.230628
v -3.166937 5.325556 -0.188298
v -3.073342 5.585930 -0.018980
v -3.184432 6.351917 -0.018980
v -3.278730 6.585042 -0.018980
v -3.348138 6.574975 0.150337
v -3.271191 6.339334 0.192667
v -3.348138 6.574975 -0.188298
v -3.480647 6.308957 0.280334
v -3.160101 5.573348 0.192667
v -3.369557 5.542971 0.280334
v -3.334502 5.301254 0.220471
v -3.579013 5.512594 0.192667
v -3.690103 6.278580 0.192667
v -3.515703 6.550674 0.220471
v -3.683267 6.526372 0.150337
v -3.752675 6.516306 -0.018980
v -3.166937 5.325556 0.150337
v -3.097529 5.335622 -0.018980
v -3.726239 6.342522 -0.018980
v -3.810767 6.579365 -0.018980
v -3.656473 6.349694 0.150337
v -3.656473 6.349695 -0.188298
v -3.488043 6.367011 -0.258432
v -3.723560 6.588330 -0.230628
v -3.513022 6.609975 -0.318295
v -3.802716 7.358272 -0.230628
v -3.785587 7.605566 -0.188298
v -3.889923 7.349307 -0.018980
v -3.592178 7.379917 -0.318295
v -3.381641 7.401562 -0.230628
v -3.617157 7.622882 -0.258432
v -3.302485 6.631620 -0.230628
v -3.319613 6.384326 -0.188298
v -3.215277 6.640586 -0.018980
v -3.294433 7.410528 -0.018980
v -3.378961 7.647370 -0.018980
v -3.448727 7.640198 0.150338
v -3.381641 7.401562 0.192667
v -3.448727 7.640198 -0.188298
v -3.592178 7.379917 0.280334
v -3.302485 6.631620 0.192667
v -3.513022 6.609975 0.280334
v -3.488043 6.367011 0.220471
v -3.723560 6.588330 0.192667
v -3.802716 7.358272 0.192667
v -3.617157 7.622882 0.220471
v -3.785587 7.605566 0.150338
v -3.855353 7.598393 -0.018980
v -3.319613 6.384326 0.150337
v -3.249847 6.391499 -0.018980
v -3.836516 7.424306 -0.018980
v -3.910466 7.664662 -0.018980
v -3.766501 7.428381 0.150338
v -3.766501 7.428381 -0.188298
v -3.597469 7.438217 -0.258432
v -3.822948 7.669755 -0.230627
v -3.611658 7.682050 -0.318295
v -3.867911 8.442448 -0.230627
v -3.839842 8.688740 -0.188298
v -3.955430 8.437355 -0.018980
v -3.656621 8.454742 -0.318294
v -3.445331 8.467038 -0.230627
v -3.670810 8.698576 -0.258432
v -3.400368 7.694345 -0.230627
v -3.428437 7.448053 -0.188298
v -3.312849 7.699438 -0.018980
v -3.357812 8.472131 -0.018980
v -3.431763 8.712486 -0.018980
v -3.501778 8.708412 0.150338
v -3.445331 8.467038 0.192667
v -3.501778 8.708412 -0.188298
v -3.656621 8.454742 0.280334
v -3.400368 7.694345 0.192667
v -3.611658 7.682050 0.280334
v -3.597469 7.438217 0.220471
v -3.822948 7.669755 0.192667
v -3.867911 8.442448 0.192667
v -3.670810 8.698576 0.220471
v -3.839842 8.688740 0.150338
v -3.909857 8.684666 -0.018980
v -3.428437 7.448053 0.150338
v -3.358422 7.452127 -0.018980
v -3.886071 8.505141 -0.018980
v -3.954464 8.747137 -0.018980
v -3.815980 8.507602 0.150338
v -3.815980 8.507602 -0.188298
v -3.646766 8.513540 -0.258432
v -3.866851 8.750212 -0.230627
v -3.655334 8.757636 -0.318294
v -3.894001 9.523736 -0.230627
v -3.860264 9.769316 -0.188298
v -3.981614 9.520660 -0.018980
v -3.682483 9.531159 -0.318294
v -3.470966 9.538584 -0.230627
v -3.691051 9.775255 -0.258431
v -3.443817 8.765059 -0.230627
v -3.477553 8.519480 -0.188298
v -3.356204 8.768135 -0.018980
v -3.383353 9.541658 -0.018980
v -3.451747 9.783654 -0.018980
v -3.521837 9.781194 0.150338
v -3.470966 9.538584 0.192667
v -3.521837 9.781194 -0.188298
v -3.682483 9.531159 0.280334
v -3.443817 8.765059 0.192667
v -3.655334 8.757636 0.280334
v -3.646766 8.513540 0.220472
v -3.866851 8.750212 0.192667
v -3.894001 9.523736 0.192667
v -3.691051 9.775255 0.220472
v -3.860264 9.769316 0.150338
v -3.930355 9.766855 -0.018980
v -3.477553 8.519480 0.150338
v -3.407462 8.521940 -0.018980
v -0.251553 -0.724087 0.346044
v -0.311416 -0.578784 0.149721
v -0.181419 -0.587990 0.446772
v -0.181419 -0.860184 0.245316
v -0.012101 -0.916557 0.203593
v -0.223748 -0.748905 0.023811
v -0.012101 -0.819372 -0.028343
v -0.223748 -0.288448 -0.598327
v -0.181419 -0.109121 -0.769468
v -0.311416 -0.118327 -0.472417
v -0.012101 -0.358914 -0.650481
v 0.199546 -0.288448 -0.598327
v -0.012101 -0.165494 -0.811191
v 0.199546 -0.748905 0.023811
v 0.157217 -0.860184 0.245316
v 0.287213 -0.578784 0.149721
v 0.287213 -0.118327 -0.472417
v 0.227350 0.026976 -0.668740
v 0.157217 0.163073 -0.568012
v 0.199546 0.051794 -0.346507
v 0.157217 -0.109121 -0.769468
v -0.012101 0.122261 -0.294353
v 0.199546 -0.408663 0.275631
v -0.012101 -0.338197 0.327785
v -0.012101 -0.531617 0.488495
v -0.223748 -0.408663 0.275631
v -0.223748 0.051794 -0.346507
v -0.012101 0.219446 -0.526289
v -0.181419 0.163073 -0.568012
v -0.251553 0.026976 -0.668740
v 0.157217 -0.587990 0.446772
v 0.227350 -0.724087 0.346044
v -0.251553 -0.135560 -0.512879
v -0.311416 0.024180 -0.697647
v -0.181419 -0.007474 -0.402143
v -0.181419 -0.263646 -0.623615
v -0.012101 -0.316701 -0.669484
v -0.223748 -0.135927 -0.836067
v -0.012101 -0.202246 -0.893402
v -0.223748 0.370279 -1.421585
v -0.181419 0.562040 -1.578668
v -0.311416 0.530387 -1.283165
v -0.012101 0.303961 -1.478920
v 0.199546 0.370279 -1.421585
v -0.012101 0.508986 -1.624537
v 0.199546 -0.135927 -0.836067
v 0.157217 -0.263646 -0.623615
v 0.287213 0.024180 -0.697647
v 0.287213 0.530387 -1.283165
v 0.227350 0.690126 -1.467932
v 0.157217 0.818212 -1.357196
v 0.199546 0.690494 -1.144744
v 0.157217 0.562040 -1.578668
v -0.012101 0.756813 -1.087409
v 0.199546 0.184288 -0.559227
v -0.012101 0.250606 -0.501891
v -0.012101 0.045581 -0.356275
v -0.223748 0.184288 -0.559227
v -0.223748 0.690494 -1.144744
v -0.012101 0.871267 -1.311327
v -0.181419 0.818212 -1.357196
v -0.251553 0.690126 -1.467932
v 0.157217 -0.007474 -0.402143
v 0.227350 -0.135560 -0.512879
v -0.251553 0.562082 -1.290355
v -0.311416 0.742691 -1.454782
v -0.181419 0.676067 -1.165152
v -0.181419 0.448097 -1.415558
v -0.012101 0.400883 -1.467419
v -0.223748 0.600210 -1.611286
v -0.012101 0.541192 -1.676112
v -0.223748 1.172550 -2.132346
v -0.181419 1.381655 -2.265472
v -0.311416 1.315031 -1.975842
v -0.012101 1.113532 -2.197172
v 0.199546 1.172550 -2.132346
v -0.012101 1.334441 -2.317333
v 0.199546 0.600210 -1.611286
v 0.157217 0.448097 -1.415558
v 0.287213 0.742691 -1.454782
v 0.287213 1.315031 -1.975842
v 0.227350 1.495640 -2.140268
v 0.157217 1.609626 -2.015065
v 0.199546 1.457513 -1.819337
v 0.157217 1.381655 -2.265472
v -0.012101 1.516531 -1.754511
v 0.199546 0.885173 -1.298278
v -0.012101 0.944191 -1.233452
v -0.012101 0.723282 -1.113291
v -0.223748 0.885173 -1.298278
v -0.223748 1.457513 -1.819337
v -0.012101 1.656840 -1.963204
v -0.181419 1.609626 -2.015065
v -0.251553 1.495640 -2.140268
v 0.157217 0.676067 -1.165152
v 0.227350 0.562082 -1.290355
v -0.251553 1.337302 -1.991131
v -0.311416 1.531020 -2.139890
v -0.181419 1.440426 -1.856841
v -0.181419 1.234178 -2.125422
v -0.012101 1.191463 -2.181047
v -0.223748 1.402115 -2.307754
v -0.012101 1.348721 -2.377285
v -0.223748 2.015996 -2.779162
v -0.181419 2.235495 -2.894349
v -0.311416 2.144901 -2.611299
v -0.012101 1.962602 -2.848694
v 0.199546 2.015996 -2.779162
v -0.012101 2.192780 -2.949974
v 0.199546 1.402115 -2.307754
v 0.157217 1.234178 -2.125422
v 0.287213 1.531020 -2.139890
v 0.287213 2.144901 -2.611299
v 0.227350 2.338619 -2.760058
v 0.157217 2.441743 -2.625767
v 0.199546 2.273806 -2.443436
v 0.157217 2.235495 -2.894349
v -0.012101 2.327200 -2.373904
v 0.199546 1.659925 -1.972027
v -0.012101 1.713319 -1.902496
v -0.012101 1.483141 -1.801216
v -0.223748 1.659925 -1.972027
v -0.223748 2.273806 -2.443436
v -0.012101 2.484458 -2.570142
v -0.181419 2.441743 -2.625767
v -0.251553 2.338619 -2.760058
v 0.157217 1.440426 -1.856841
v 0.227350 1.337302 -1.991131
v -0.251553 2.142074 -2.668887
v -0.311416 2.359161 -2.780821
v -0.181419 2.219669 -2.518396
v -0.181419 2.064478 -2.819378
v -0.012101 2.032337 -2.881713
v -0.223748 2.262167 -2.968934
v -0.012101 2.221990 -3.046853
v -0.223748 2.950103 -3.323645
v -0.181419 3.186589 -3.397955
v -0.311416 3.047097 -3.135531
v -0.012101 2.909927 -3.401564
v 0.199546 2.950103 -3.323645
v -0.012101 3.154448 -3.460291
v 0.199546 2.262167 -2.968934
v 0.157217 2.064478 -2.819378
v 0.287213 2.359161 -2.780821
v 0.287213 3.047097 -3.135531
v 0.227350 3.264184 -3.247465
v 0.157217 3.341779 -3.096974
v 0.199546 3.144091 -2.947418
v 0.157217 3.186589 -3.397955
v -0.012101 3.184268 -2.869499
v 0.199546 2.456155 -2.592707
v -0.012101 2.496331 -2.514788
v -0.012101 2.251810 -2.456061
v -0.223748 2.456155 -2.592707
v -0.223748 3.144091 -2.947418
v -0.012101 3.373921 -3.034639
v -0.181419 3.341779 -3.096974
v -0.251553 3.264184 -3.247465
v 0.157217 2.219669 -2.518396
v 0.227350 2.142074 -2.668887
v -0.251553 3.078024 -3.124243
v -0.311416 3.315496 -3.181364
v -0.181419 3.117622 -2.959621
v -0.181419 3.038426 -3.288865
v -0.012101 3.022024 -3.357054
v -0.223748 3.265999 -3.387142
v -0.012101 3.245497 -3.472378
v -0.223748 4.018535 -3.568156
v -0.181419 4.265906 -3.584121
v -0.311416 4.068032 -3.362378
v -0.012101 3.998032 -3.653392
v 0.199546 4.018535 -3.568156
v -0.012101 4.249505 -3.652310
v 0.199546 3.265999 -3.387142
v 0.157217 3.038426 -3.288865
v 0.287213 3.315496 -3.181364
v 0.287213 4.068032 -3.362378
v 0.227350 4.305504 -3.419499
v 0.157217 4.345102 -3.254877
v 0.199546 4.117530 -3.156600
v 0.157217 4.265906 -3.584121
v -0.012101 4.138032 -3.071364
v 0.199546 3.364994 -2.975586
v -0.012101 3.385496 -2.890350
v -0.012101 3.134024 -2.891432
v -0.223748 3.364994 -2.975586
v -0.223748 4.117530 -3.156600
v -0.012101 4.361505 -3.186688
v -0.181419 4.345102 -3.254877
v -0.251553 4.305504 -3.419499
v 0.157217 3.117622 -2.959621
v 0.227350 3.078024 -3.124243
v -0.251553 4.101699 -3.327721
v -0.311416 4.344517 -3.354091
v -0.181419 4.119979 -3.159393
v -0.181419 4.083419 -3.496049
v -0.012101 4.075847 -3.565773
v -0.223748 4.321667 -3.564501
v -0.012101 4.312202 -3.651655
v -0.223748 5.091143 -3.648065
v -0.181419 5.338531 -3.632352
v -0.311416 5.113993 -3.437654
v -0.012101 5.081678 -3.735219
v 0.199546 5.091143 -3.648065
v -0.012101 5.330959 -3.702076
v 0.199546 4.321667 -3.564501
v 0.157217 4.083419 -3.496049
v 0.287213 4.344517 -3.354091
v 0.287213 5.113993 -3.437654
v 0.227350 5.356811 -3.464024
v 0.157217 5.375091 -3.295696
v 0.199546 5.136843 -3.227244
v 0.157217 5.338531 -3.632352
v -0.012101 5.146308 -3.140090
v 0.199546 4.367367 -3.143681
v -0.012101 4.376832 -3.056526
v -0.012101 4.127551 -3.089669
v -0.223748 4.367367 -3.143681
v -0.223748 5.136843 -3.227244
v -0.012101 5.382663 -3.225972
v -0.181419 5.375091 -3.295696
v -0.251553 5.356811 -3.464024
v 0.157217 4.119979 -3.159393
v 0.227350 4.101699 -3.327721
v -0.251553 5.140808 -3.433538
v -0.311416 5.384513 -3.449777
v -0.181419 5.152066 -3.264595
v -0.181419 5.129551 -3.602481
v -0.012101 5.124888 -3.672460
v -0.223748 5.370441 -3.660956
v -0.012101 5.364613 -3.748429
v -0.223748 6.142729 -3.712417
v -0.181419 6.389248 -3.686420
v -0.311416 6.156801 -3.501238
v -0.012101 6.136900 -3.799890
v 0.199546 6.142729 -3.712417
v -0.012101 6.384585 -3.756398
v 0.199546 5.370441 -3.660956
v 0.157217 5.129551 -3.602481
v 0.287213 5.384513 -3.449777
v 0.287213 6.156801 -3.501238
v 0.227350 6.400506 -3.517477
v 0.157217 6.411763 -3.348534
v 0.199546 6.170872 -3.290059
v 0.157217 6.389248 -3.686420
v -0.012101 6.176701 -3.202586
v 0.199546 5.398585 -3.238598
v -0.012101 5.404414 -3.151125
v -0.012101 5.156729 -3.194616
v -0.223748 5.398585 -3.238598
v -0.223748 6.170872 -3.290059
v -0.012101 6.416426 -3.278555
v -0.181419 6.411763 -3.348534
v -0.251553 6.400506 -3.517477
v 0.157217 5.152066 -3.264595
v 0.227350 5.140808 -3.433538
v -0.251553 6.183108 -3.501899
v -0.311416 6.427182 -3.511061
v -0.181419 6.189460 -3.332701
v -0.181419 6.176757 -3.671098
v -0.012101 6.174127 -3.741182
v -0.223748 6.419243 -3.722559
v -0.012101 6.415955 -3.810165
v -0.223748 7.192698 -3.751592
v -0.181419 7.438360 -3.718454
v -0.311416 7.200638 -3.540094
v -0.012101 7.189410 -3.839198
v 0.199546 7.192698 -3.751592
v -0.012101 7.435729 -3.788539
v 0.199546 6.419243 -3.722559
v 0.157217 6.176757 -3.671098
v 0.287213 6.427182 -3.511061
v 0.287213 7.200637 -3.540094
v 0.227350 7.444711 -3.549256
v 0.157217 7.451062 -3.380057
v 0.199546 7.208576 -3.328596
v 0.157217 7.438360 -3.718454
v -0.012101 7.211865 -3.240990
v 0.199546 6.435121 -3.299563
v -0.012101 6.438409 -3.211957
v -0.012101 6.192091 -3.262616
v -0.223748 6.435121 -3.299563
v -0.223748 7.208576 -3.328596
v -0.012101 7.453693 -3.309973
v -0.181419 7.451062 -3.380057
v -0.251553 7.444711 -3.549256
v 0.157217 6.189460 -3.332701
v 0.227350 6.183108 -3.501899
v -0.251553 7.227035 -3.533448
v -0.311416 7.471213 -3.539180
v -0.181419 7.231009 -3.364177
v -0.181419 7.223062 -3.702719
v -0.012101 7.221416 -3.772834
v -0.223748 7.466247 -3.750769
v -0.012101 7.464189 -3.838412
v -0.223748 8.240033 -3.768932
v -0.181419 8.485205 -3.732346
v -0.311416 8.245000 -3.557343
v -0.012101 8.237976 -3.856575
v 0.199546 8.240033 -3.768932
v -0.012101 8.483559 -3.802461
v 0.199546 7.466247 -3.750769
v 0.157217 7.223062 -3.702719
v 0.287213 7.471213 -3.539180
v 0.287213 8.245000 -3.557343
v 0.227350 8.489178 -3.563075
v 0.157217 8.493152 -3.393804
v 0.199546 8.249967 -3.345754
v 0.157217 8.485205 -3.732346
v -0.012101 8.252024 -3.258111
v 0.199546 7.476180 -3.327591
v -0.012101 7.478237 -3.239948
v -0.012101 7.232654 -3.294062
v -0.223748 7.476180 -3.327591
v -0.223748 8.249967 -3.345754
v -0.012101 8.494798 -3.323689
v -0.181419 8.493152 -3.393804
v -0.251553 8.489178 -3.563075
v 0.157217 7.231008 -3.364177
v 0.227350 7.227035 -3.533448
v -0.251553 -0.741218 -0.267001
v -0.311416 -0.598226 -0.068988
v -0.181419 -0.878486 -0.167875
v -0.181419 -0.603950 -0.366127
v -0.012101 -0.547091 -0.407187
v -0.223748 -0.426640 -0.192896
v -0.012101 -0.355568 -0.244220
v -0.223748 0.026493 0.434596
v -0.181419 0.135168 0.657390
v -0.311416 -0.145092 0.558504
v -0.012101 0.097566 0.383272
v 0.199546 0.026493 0.434596
v -0.012101 0.192027 0.616331
v 0.199546 -0.426640 -0.192896
v 0.157217 -0.603950 -0.366127
v 0.287213 -0.598226 -0.068988
v 0.287213 -0.145092 0.558504
v 0.227350 -0.002100 0.756516
v 0.157217 -0.139368 0.855642
v 0.199546 -0.316677 0.682411
v 0.157217 0.135168 0.657390
v -0.012101 -0.387750 0.733735
v 0.199546 -0.769811 0.054919
v -0.012101 -0.840884 0.106244
v -0.012101 -0.935344 -0.126816
v -0.223748 -0.769811 0.054919
v -0.223748 -0.316677 0.682411
v -0.012101 -0.196226 0.896702
v -0.181419 -0.139368 0.855643
v -0.251553 -0.002100 0.756516
v 0.157217 -0.878486 -0.167875
v 0.227350 -0.741218 -0.267001
v -0.251553 -0.161079 0.668025
v -0.311416 0.010662 0.841694
v -0.181419 -0.281471 0.787081
v -0.181419 -0.040687 0.548969
v -0.012101 0.009181 0.499655
v -0.223748 0.161152 0.692874
v -0.012101 0.223487 0.631231
v -0.223748 0.705390 1.243221
v -0.181419 0.847033 1.446653
v -0.311416 0.554900 1.392040
v -0.012101 0.767725 1.181577
v 0.199546 0.705390 1.243221
v -0.012101 0.896901 1.397339
v 0.199546 0.161152 0.692874
v 0.157217 -0.040687 0.548969
v 0.287213 0.010662 0.841694
v 0.287213 0.554900 1.392040
v 0.227350 0.726641 1.565709
v 0.157217 0.606249 1.684765
v 0.199546 0.404410 1.540860
v 0.157217 0.847033 1.446653
v -0.012101 0.342075 1.602503
v 0.199546 -0.139828 0.990513
v -0.012101 -0.202163 1.052157
v -0.012101 -0.331339 0.836395
v -0.223748 -0.139828 0.990513
v -0.223748 0.404410 1.540860
v -0.012101 0.556381 1.734079
v -0.181419 0.606249 1.684765
v -0.251553 0.726641 1.565709
v 0.157217 -0.281471 0.787081
v 0.227350 -0.161079 0.668025
v -0.251553 0.674161 1.411107
v -0.311416 0.877276 1.546754
v -0.181419 0.580127 1.551912
v -0.181419 0.768196 1.270302
v -0.012101 0.807146 1.211979
v -0.223748 0.994819 1.370748
v -0.012101 1.043507 1.297844
v -0.223748 1.638479 1.800607
v -0.181419 1.818085 1.971455
v -0.311416 1.520936 1.976613
v -0.012101 1.687167 1.727703
v 0.199546 1.638479 1.800607
v -0.012101 1.857035 1.913132
v 0.199546 0.994819 1.370748
v 0.157217 0.768196 1.270302
v 0.287213 0.877276 1.546754
v 0.287213 1.520936 1.976613
v 0.227350 1.724050 2.112260
v 0.157217 1.630016 2.253065
v 0.199546 1.403392 2.152619
v 0.157217 1.818085 1.971455
v -0.012101 1.354704 2.225523
v 0.199546 0.759733 1.722761
v -0.012101 0.711045 1.795665
v -0.012101 0.541176 1.610235
v -0.223748 0.759733 1.722761
v -0.223748 1.403392 2.152619
v -0.012101 1.591066 2.311388
v -0.181419 1.630016 2.253065
v -0.251553 1.724050 2.112260
v 0.157217 0.580126 1.551912
v 0.227350 0.674161 1.411107
v -0.251553 1.605945 2.032199
v -0.311416 1.822133 2.145859
v -0.181419 1.527153 2.182067
v -0.181419 1.684737 1.882332
v -0.012101 1.717374 1.820254
v -0.223748 1.920624 1.958524
v -0.012101 1.961419 1.880928
v -0.223748 2.605711 2.318706
v -0.181419 2.802202 2.469832
v -0.311416 2.507221 2.506040
v -0.012101 2.646508 2.241109
v 0.199546 2.605711 2.318706
v -0.012101 2.834838 2.407755
v 0.199546 1.920624 1.958524
v 0.157217 1.684737 1.882332
v 0.287213 1.822133 2.145859
v 0.287213 2.507221 2.506040
v 0.227350 2.723409 2.619700
v 0.157217 2.644617 2.769567
v 0.199546 2.408731 2.693375
v 0.157217 2.802202 2.469832
v -0.012101 2.367935 2.770971
v 0.199546 1.723643 2.333194
v -0.012101 1.682847 2.410790
v -0.012101 1.494516 2.244144
v -0.223748 1.723643 2.333194
v -0.223748 2.408731 2.693375
v -0.012101 2.611981 2.831645
v -0.181419 2.644617 2.769567
v -0.251553 2.723409 2.619700
v 0.157217 1.527153 2.182067
v 0.227350 1.605945 2.032199
v -0.251553 2.601357 2.544984
v -0.311416 2.828602 2.634514
v -0.181419 2.539293 2.702517
v -0.181419 2.663422 2.387452
v -0.012101 2.689130 2.322200
v -0.223748 2.906183 2.437599
v -0.012101 2.938318 2.356034
v -0.223748 3.626309 2.721314
v -0.181419 3.838038 2.850228
v -0.311416 3.548728 2.918230
v -0.012101 3.658444 2.639749
v 0.199546 3.626309 2.721314
v -0.012101 3.863746 2.784976
v 0.199546 2.906183 2.437599
v 0.157217 2.663422 2.387452
v 0.287213 2.828602 2.634514
v 0.287213 3.548728 2.918230
v 0.227350 3.775973 3.007760
v 0.157217 3.713908 3.165292
v 0.199546 3.471147 3.115146
v 0.157217 3.838038 2.850227
v -0.012101 3.439012 3.196711
v 0.199546 2.751021 2.831430
v -0.012101 2.718886 2.912995
v -0.012101 2.513585 2.767769
v -0.223748 2.751021 2.831430
v -0.223748 3.471147 3.115146
v -0.012101 3.688200 3.230545
v -0.181419 3.713908 3.165293
v -0.251553 3.775973 3.007760
v 0.157217 2.539293 2.702517
v 0.227350 2.601357 2.544984
v -0.251553 3.646049 2.948005
v -0.311416 3.881073 3.014485
v -0.181419 3.599963 3.110931
v -0.181419 3.692134 2.785080
v -0.012101 3.711223 2.717594
v -0.223748 3.938679 2.810828
v -0.012101 3.962541 2.726471
v -0.223748 4.683457 3.021497
v -0.181419 4.906960 3.128708
v -0.311416 4.625851 3.225154
v -0.012101 4.707319 2.937140
v 0.199546 4.683457 3.021497
v -0.012101 4.926050 3.061222
v 0.199546 3.938679 2.810828
v 0.157217 3.692134 2.785080
v 0.287213 3.881073 3.014485
v 0.287213 4.625851 3.225154
v 0.227350 4.860875 3.291633
v 0.157217 4.814790 3.454558
v 0.199546 4.568244 3.428811
v 0.157217 4.906960 3.128708
v -0.012101 4.544383 3.513168
v 0.199546 3.823466 3.218141
v -0.012101 3.799604 3.302499
v -0.012101 3.580874 3.178417
v -0.223748 3.823466 3.218141
v -0.223748 4.568244 3.428811
v -0.012101 4.795701 3.522044
v -0.181419 4.814790 3.454558
v -0.251553 4.860875 3.291633
v 0.157217 3.599963 3.110931
v 0.227350 3.646049 2.948005
v -0.251553 4.725365 3.246305
v -0.311416 4.965575 3.290518
v -0.181419 4.694715 3.412825
v -0.181419 4.756015 3.079784
v -0.012101 4.768711 3.010809
v -0.223748 5.003888 3.082367
v -0.012101 5.019757 2.996148
v -0.223748 5.765101 3.222476
v -0.181419 5.997649 3.308320
v -0.311416 5.726789 3.430627
v -0.012101 5.780971 3.136258
v 0.199546 5.765101 3.222476
v -0.012101 6.010345 3.239345
v 0.199546 5.003888 3.082367
v 0.157217 4.756015 3.079784
v 0.287213 4.965575 3.290518
v 0.287213 5.726789 3.430627
v 0.227350 5.966999 3.474840
v 0.157217 5.936349 3.641361
v 0.199546 5.688476 3.638778
v 0.157217 5.997649 3.308320
v -0.012101 5.672606 3.724997
v 0.199546 4.927263 3.498668
v -0.012101 4.911394 3.584887
v -0.012101 4.682019 3.481800
v -0.223748 4.927263 3.498668
v -0.223748 5.688476 3.638778
v -0.012101 5.923654 3.710336
v -0.181419 5.936349 3.641361
v -0.251553 5.966999 3.474840
v 0.157217 4.694715 3.412825
v 0.227350 4.725365 3.246305
v -0.251553 5.827731 3.443466
v -0.311416 6.070962 3.465699
v -0.181419 5.812318 3.612081
v -0.181419 5.843144 3.274851
v -0.012101 5.849528 3.205009
v -0.223748 6.090229 3.254930
v -0.012101 6.098208 3.167627
v -0.223748 6.861015 3.325386
v -0.181419 7.100393 3.389773
v -0.311416 6.841749 3.536155
v -0.012101 6.868995 3.238083
v 0.199546 6.861015 3.325386
v -0.012101 7.106778 3.319931
v 0.199546 6.090229 3.254930
v 0.157217 5.843144 3.274851
v 0.287213 6.070962 3.465699
v 0.287213 6.841749 3.536155
v 0.227350 7.084980 3.558388
v 0.157217 7.069568 3.727003
v 0.199546 6.822483 3.746923
v 0.157217 7.100393 3.389773
v -0.012101 6.814503 3.834227
v 0.199546 6.051697 3.676468
v -0.012101 6.043716 3.763771
v -0.012101 5.805934 3.681923
v -0.223748 6.051697 3.676468
v -0.223748 6.822483 3.746923
v -0.012101 7.063184 3.796845
v -0.181419 7.069568 3.727003
v -0.251553 7.084980 3.558388
v 0.157217 5.812318 3.612081
v 0.227350 5.827731 3.443466
v -0.251553 6.943994 3.517498
v -0.311416 7.187981 3.528729
v -0.181419 6.936209 3.686637
v -0.181419 6.951779 3.348359
v -0.012101 6.955004 3.278300
v -0.223748 7.197713 3.317305
v -0.012101 7.201744 3.229731
v -0.223748 7.970894 3.352895
v -0.181419 8.212934 3.406410
v -0.311416 7.961163 3.564318
v -0.012101 7.974925 3.265320
v 0.199546 7.970894 3.352895
v -0.012101 8.216160 3.336350
v 0.199546 7.197713 3.317305
v 0.157217 6.951779 3.348359
v 0.287213 7.187981 3.528729
v 0.287213 7.961163 3.564318
v 0.227350 8.205150 3.575548
v 0.157217 8.197364 3.744687
v 0.199546 7.951431 3.775741
v 0.157217 8.212934 3.406410
v -0.012101 7.947400 3.863316
v 0.199546 7.178249 3.740152
v -0.012101 7.174218 3.827726
v -0.012101 6.932984 3.756696
v -0.223748 7.178249 3.740152
v -0.223748 7.951431 3.775741
v -0.012101 8.194139 3.814747
v -0.181419 8.197364 3.744687
v -0.251553 8.205150 3.575548
v 0.157217 6.936209 3.686637
v 0.227350 6.943994 3.517498
v 2.651716 10.141112 -0.019024
v 2.762552 10.143343 -0.286662
v 2.762552 10.143343 0.248613
v 3.030136 10.148727 0.359473
v 3.030136 10.148727 -0.397521
v 3.297719 10.154113 0.248613
v 3.297719 10.154113 -0.286662
v 3.408556 10.156343 -0.019024
v 2.570098 10.074199 -0.480469
v 3.031449 10.083483 -0.671605
v 2.570098 10.074199 0.442420
v 3.031449 10.083483 0.633557
v 3.492800 10.092768 0.442420
v 3.683898 10.096614 -0.019024
v 2.379000 10.070353 -0.019024
v 3.492800 10.092768 -0.480469
v 3.045818 9.369519 0.599622
v 2.608457 9.360718 0.418425
v 3.483178 9.378322 0.418425
v 2.427296 9.357072 -0.019024
v 2.608457 9.360718 -0.456474
v 3.045818 9.369519 -0.637671
v 3.483178 9.378322 -0.456474
v 3.664339 9.381968 -0.019024
v 2.569908 10.132509 -0.420856
v 2.812004 9.545240 -0.079052
v 2.577849 9.737907 -0.420856
v 2.808565 9.716107 0.019618
v 3.490644 10.151039 -0.420856
v 2.564656 10.393489 -1.315972
v 2.573661 9.946021 -2.091166
v 3.485392 10.412019 -1.315972
v 2.572597 9.998888 -1.210218
v 2.580539 9.604286 -1.893825
v 2.824477 8.925450 -2.288506
v 3.501274 9.622816 -1.893825
v 3.493333 10.017418 -1.210218
v 3.498585 9.756437 -0.420856
v 3.272372 9.554504 -0.079052
v 3.268933 9.725372 0.019618
v 3.494397 9.964551 -2.091166
v 3.284845 8.934715 -2.288506
v 3.282860 9.033365 -2.459408
v 2.822492 9.024100 -2.459408
v 2.628525 10.133689 0.441437
v 2.982172 9.548664 0.211206
v 2.636467 9.739087 0.441437
v 3.077384 9.721518 0.211206
v 2.628526 10.133689 -0.479485
v 1.728338 10.376657 0.441437
v 0.962307 9.913592 0.441437
v 1.728338 10.376657 -0.479485
v 1.842013 9.984184 0.441437
v 1.166485 9.575829 0.441437
v 0.785639 8.884418 0.211206
v 1.166485 9.575829 -0.479485
v 1.842013 9.984184 -0.479485
v 2.636467 9.739087 -0.479485
v 2.982172 9.548665 -0.249255
v 3.077384 9.721518 -0.249255
v 0.962307 9.913592 -0.479485
v 0.785639 8.884418 -0.249255
v 0.612786 8.979630 -0.249255
v 0.612786 8.979630 0.211206
v 3.490644 10.151039 0.382808
v 3.272372 9.554504 0.041004
v 3.498585 9.756437 0.382808
v 3.268933 9.725372 -0.057666
v 2.569908 10.132509 0.382808
v 3.485392 10.412018 1.277924
v 3.494397 9.964551 2.053118
v 2.564656 10.393488 1.277924
v 3.493333 10.017418 1.172170
v 3.501274 9.622816 1.855777
v 3.284845 8.934715 2.250458
v 2.580539 9.604286 1.855777
v 2.572597 9.998888 1.172170
v 2.577849 9.737907 0.382808
v 2.812004 9.545240 0.041004
v 2.808565 9.716107 -0.057666
v 2.573661 9.946021 2.053118
v 2.824477 8.925450 2.250458
v 2.822492 9.024100 2.421360
v 3.282860 9.033365 2.421360
v 3.432026 10.149859 -0.479485
v 3.102204 9.551081 -0.249255
v 3.439968 9.755258 -0.479485
v 3.000115 9.719962 -0.249255
v 3.432026 10.149859 0.441437
v 4.321709 10.428849 -0.479485
v 5.105751 9.996979 -0.479486
v 4.321710 10.428849 0.441437
v 4.223917 10.032121 -0.479485
v 4.915328 9.651274 -0.479486
v 5.323684 8.975747 -0.249255
v 4.915328 9.651274 0.441437
v 4.223917 10.032121 0.441437
v 3.439968 9.755258 0.441437
v 3.102204 9.551080 0.211206
v 3.000115 9.719962 0.211206
v 5.105751 9.996979 0.441437
v 5.323684 8.975747 0.211206
v 5.492566 9.077835 0.211206
v 5.492566 9.077835 -0.249255
v 3.071876 9.805439 0.493152
v 3.148139 9.309574 0.153380
v 3.078547 9.473973 0.493152
v 3.203846 9.454282 0.094773
v 2.524987 9.794433 -0.053848
v 2.535900 10.013964 1.024824
v 2.083116 9.628826 1.485265
v 1.989010 10.002957 0.477824
v 2.605372 9.683763 0.962009
v 2.206083 9.344128 1.368051
v 1.846534 8.762545 1.465729
v 1.659194 9.333121 0.821051
v 2.058483 9.672756 0.415009
v 2.531657 9.462967 -0.053848
v 2.874695 9.304071 -0.120119
v 2.930402 9.448779 -0.178726
v 1.536227 9.617820 0.938265
v 1.573090 8.757042 1.192230
v 1.469932 8.837866 1.293740
v 1.743377 8.843369 1.567240
v 2.524987 9.794433 0.015800
v 2.874695 9.304071 0.082071
v 2.531657 9.462967 0.015800
v 2.930402 9.448779 0.140678
v 3.071876 9.805439 -0.531200
v 1.989010 10.002957 -0.515872
v 1.536227 9.617820 -0.976314
v 2.535900 10.013964 -1.062872
v 2.058483 9.672756 -0.453057
v 1.659194 9.333121 -0.859100
v 1.573090 8.757042 -1.230278
v 2.206083 9.344128 -1.406099
v 2.605372 9.683763 -1.000057
v 3.078547 9.473973 -0.531200
v 3.148139 9.309574 -0.191429
v 3.203846 9.454282 -0.132822
v 2.083116 9.628826 -1.523314
v 1.846534 8.762546 -1.503778
v 1.743377 8.843369 -1.605288
v 1.469932 8.837866 -1.331789
v 3.002242 9.804037 -0.531200
v 2.945990 9.305506 -0.191429
v 3.008913 9.472572 -0.531200
v 2.884507 9.447855 -0.132822
v 3.549131 9.815043 0.015800
v 3.529394 10.033957 -1.062872
v 3.997307 9.667349 -1.523314
v 4.076283 10.044964 -0.515872
v 3.473263 9.701229 -1.000057
v 3.885893 9.377934 -1.406099
v 4.268551 8.811289 -1.503778
v 4.432783 9.388940 -0.859100
v 4.020152 9.712234 -0.453057
v 3.555802 9.483579 0.015800
v 3.219435 9.311009 0.082071
v 3.157951 9.453359 0.140678
v 4.544196 9.678355 -0.976314
v 4.541996 8.816792 -1.230278
v 4.641818 8.901700 -1.331789
v 4.368373 8.896197 -1.605289
v 3.549131 9.815043 -0.053848
v 3.219435 9.311009 -0.120119
v 3.555802 9.483579 -0.053848
v 3.157951 9.453359 -0.178727
v 3.002242 9.804037 0.493152
v 4.076283 10.044964 0.477824
v 4.544196 9.678355 0.938265
v 3.529394 10.033957 1.024824
v 4.020152 9.712234 0.415009
v 4.432783 9.388940 0.821051
v 4.541996 8.816792 1.192229
v 3.885893 9.377934 1.368051
v 3.473263 9.701229 0.962009
v 3.008913 9.472572 0.493152
v 2.945990 9.305506 0.153380
v 2.884507 9.447855 0.094773
v 3.997307 9.667349 1.485265
v 4.268551 8.811288 1.465729
v 4.368373 8.896196 1.567240
v 4.641818 8.901700 1.293740
v -4.079535 10.028344 -0.019024
v -3.968490 10.032242 -0.287278
v -3.968490 10.032242 0.249229
v -3.700401 10.041652 0.360344
v -3.700401 10.041652 -0.398392
v -3.432312 10.051061 0.249229
v -3.432312 10.051061 -0.287278
v -3.321266 10.054958 -0.019024
v -4.160328 9.960060 -0.481531
v -3.698107 9.976284 -0.673107
v -4.160328 9.960060 0.443482
v -3.698107 9.976283 0.635058
v -3.235885 9.992507 0.443482
v -3.044426 9.999227 -0.019024
v -4.351787 9.953341 -0.019024
v -3.235885 9.992507 -0.481531
v -3.673000 9.260972 0.601046
v -4.111187 9.245593 0.419432
v -3.234814 9.276352 0.419432
v -4.292689 9.239223 -0.019024
v -4.111187 9.245593 -0.457480
v -3.673000 9.260972 -0.639095
v -3.234814 9.276352 -0.457480
v -3.053311 9.282722 -0.019024
v -4.161393 10.018496 -0.421781
v -3.909961 9.433571 -0.079191
v -4.147517 9.623150 -0.421781
v -3.915969 9.604761 0.019707
v -3.238920 10.050874 -0.421781
v -4.170570 10.279968 -1.318957
v -4.154835 9.831656 -2.095935
v -3.248097 10.312346 -1.318957
v -4.156694 9.884623 -1.212960
v -4.142818 9.489276 -1.898140
v -3.888166 8.812612 -2.293729
v -3.220345 9.521653 -1.898140
v -3.234221 9.917000 -1.212960
v -3.225044 9.655527 -0.421781
v -3.448724 9.449760 -0.079191
v -3.454732 9.620950 0.019707
v -3.232362 9.864033 -2.095935
v -3.426929 8.828800 -2.293729
v -3.430398 8.927637 -2.465024
v -3.891635 8.911448 -2.465024
v -4.102665 10.020557 0.442497
v -3.739471 9.439555 0.211736
v -4.088789 9.625211 0.442497
v -3.646644 9.614214 0.211736
v -4.102665 10.020557 -0.480545
v -5.008467 10.250559 0.442497
v -5.769231 9.774993 0.442497
v -5.008467 10.250559 -0.480545
v -4.888658 9.858932 0.442497
v -5.559541 9.439550 0.442496
v -5.930853 8.740916 0.211736
v -5.559541 9.439551 -0.480545
v -4.888658 9.858932 -0.480545
v -4.088789 9.625211 -0.480545
v -3.739471 9.439555 -0.249785
v -3.646644 9.614214 -0.249785
v -5.769231 9.774993 -0.480545
v -5.930853 8.740916 -0.249785
v -6.105512 8.833744 -0.249785
v -6.105512 8.833744 0.211736
v -3.238920 10.050874 0.383732
v -3.448724 9.449760 0.041142
v -3.225044 9.655527 0.383732
v -3.454732 9.620950 -0.057755
v -4.161393 10.018496 0.383732
v -3.248097 10.312346 1.280909
v -3.232362 9.864033 2.057886
v -4.170570 10.279967 1.280909
v -3.234221 9.917000 1.174911
v -3.220345 9.521653 1.860092
v -3.426929 8.828800 2.255681
v -4.142818 9.489276 1.860092
v -4.156694 9.884623 1.174911
v -4.147517 9.623150 0.383732
v -3.909961 9.433571 0.041142
v -3.915969 9.604761 -0.057755
v -4.154835 9.831656 2.057886
v -3.888166 8.812612 2.255681
v -3.891635 8.911448 2.426976
v -3.430398 8.927636 2.426976
v -3.297648 10.048812 -0.480545
v -3.619213 9.443776 -0.249785
v -3.283772 9.653465 -0.480545
v -3.724058 9.611497 -0.249785
v -3.297648 10.048812 0.442497
v -2.410201 10.341754 -0.480545
v -1.617966 9.920696 -0.480545
v -2.410201 10.341754 0.442497
v -2.502257 9.942691 -0.480545
v -1.803622 9.571379 -0.480545
v -1.384242 8.900496 -0.249785
v -1.803622 9.571378 0.442496
v -2.502257 9.942691 0.442497
v -3.283772 9.653465 0.442497
v -3.619213 9.443776 0.211736
v -3.724058 9.611497 0.211736
v -1.617966 9.920696 0.442496
v -1.384242 8.900496 0.211736
v -1.216521 9.005341 0.211736
v -1.216521 9.005341 -0.249785
v -3.653422 9.698236 0.494330
v -3.569556 9.202431 0.153777
v -3.641766 9.366146 0.494330
v -3.515897 9.348290 0.095035
v -4.201344 9.679006 -0.053928
v -4.193698 9.899180 1.027226
v -4.641698 9.506411 1.488727
v -4.741620 9.879950 0.478967
v -4.119122 9.569299 0.964266
v -4.514192 9.222933 1.371243
v -4.865808 8.634685 1.469146
v -5.062114 9.203701 0.822984
v -4.667043 9.550067 0.416008
v -4.189688 9.346914 -0.053928
v -3.843516 9.192815 -0.120352
v -3.789857 9.338675 -0.179094
v -5.189620 9.487179 0.940468
v -5.139768 8.625070 1.195017
v -5.244363 8.704523 1.296761
v -4.970403 8.714138 1.570891
v -4.201344 9.679006 0.015880
v -3.843516 9.192815 0.082304
v -4.189688 9.346914 0.015880
v -3.789857 9.338675 0.141045
v -3.653422 9.698236 -0.532379
v -4.741620 9.879950 -0.517016
v -5.189620 9.487179 -0.978517
v -4.193698 9.899181 -1.065274
v -4.667043 9.550067 -0.454056
v -5.062114 9.203701 -0.861033
v -5.139768 8.625070 -1.233066
v -4.514192 9.222933 -1.409292
v -4.119122 9.569299 -1.002315
v -3.641766 9.366146 -0.532379
v -3.569555 9.202431 -0.191826
v -3.515897 9.348290 -0.133084
v -4.641698 9.506411 -1.526775
v -4.865808 8.634686 -1.507195
v -4.970403 8.714139 -1.608939
v -5.244364 8.704523 -1.334810
v -3.723187 9.695788 -0.532379
v -3.772086 9.195322 -0.191826
v -3.711531 9.363697 -0.532379
v -3.835839 9.337061 -0.133084
v -3.175266 9.715019 0.015880
v -3.198329 9.934117 -1.065274
v -2.723894 9.573723 -1.526776
v -2.650407 9.953348 -0.517016
v -3.249593 9.599817 -1.002315
v -2.831211 9.282002 -1.409292
v -2.439219 8.719855 -1.507195
v -2.283290 9.301234 -0.861033
v -2.701672 9.619049 -0.454056
v -3.163610 9.382929 0.015880
v -3.498126 9.204937 0.082304
v -3.561878 9.346676 0.141045
v -2.175972 9.592954 -0.978517
v -2.165258 8.729470 -1.233066
v -2.066491 8.816062 -1.334810
v -2.340451 8.806446 -1.608939
v -3.175266 9.715019 -0.053928
v -3.498126 9.204938 -0.120352
v -3.163610 9.382929 -0.053928
v -3.561878 9.346676 -0.179094
v -3.723187 9.695788 0.494330
v -2.650407 9.953348 0.478967
v -2.175972 9.592954 0.940468
v -3.198328 9.934116 1.027226
v -2.701672 9.619049 0.416008
v -2.283290 9.301234 0.822984
v -2.165258 8.729470 1.195017
v -2.831211 9.282002 1.371243
v -3.249593 9.599817 0.964266
v -3.711531 9.363697 0.494330
v -3.772086 9.195322 0.153777
v -3.835839 9.337061 0.095035
v -2.723894 9.573722 1.488727
v -2.439219 8.719854 1.469146
v -2.340451 8.806446 1.570891
v -2.066491 8.816062 1.296761
v -0.339552 8.615045 -3.566074
v -0.243644 8.609612 -3.797552
v -0.243644 8.620479 -3.334595
v -0.012101 8.622729 -3.238714
v -0.012101 8.607361 -3.893434
v 0.219441 8.620479 -3.334595
v 0.219441 8.609612 -3.797552
v 0.315349 8.615045 -3.566074
v -0.411312 8.549235 -3.963850
v -0.012101 8.545355 -4.129163
v -0.411312 8.567972 -3.165648
v -0.012101 8.571853 -3.000335
v 0.387110 8.567972 -3.165648
v 0.552468 8.558603 -3.564749
v -0.576671 8.558603 -3.564749
v 0.387110 8.549235 -3.963850
v -0.012101 7.953535 -3.015186
v -0.390553 7.949856 -3.171903
v 0.366351 7.949856 -3.171903
v -0.547313 7.940975 -3.550251
v -0.390553 7.932094 -3.928599
v -0.012101 7.928415 -4.085316
v 0.366351 7.932094 -3.928599
v 0.523111 7.940975 -3.550251
v -0.410462 8.600871 -3.913475
v -0.211281 8.095775 -3.605831
v -0.410462 8.259513 -3.905462
v -0.211281 8.245590 -3.523962
v 0.386259 8.600871 -3.913475
v -0.410462 8.808464 -4.692956
v -0.410462 8.405635 -5.354331
v 0.386259 8.808464 -4.692956
v -0.410462 8.469254 -4.593477
v -0.410462 8.114017 -5.176713
v -0.211281 7.514756 -5.504191
v 0.386259 8.114017 -5.176713
v 0.386259 8.469254 -4.593477
v 0.386259 8.259513 -3.905462
v 0.187079 8.095775 -3.605831
v 0.187079 8.245590 -3.523962
v 0.386259 8.405635 -5.354331
v 0.187079 7.514756 -5.504191
v 0.187079 7.596625 -5.654007
v -0.211281 7.596625 -5.654007
v -0.359739 8.618378 -3.167682
v -0.064033 8.101667 -3.354788
v -0.359739 8.277020 -3.159669
v 0.021329 8.249479 -3.358257
v -0.359739 8.599681 -3.964183
v -1.134135 8.844143 -3.172981
v -1.804780 8.457052 -3.163895
v -1.134135 8.825447 -3.969483
v -1.042643 8.502786 -3.164968
v -1.634055 8.161427 -3.156956
v -1.975506 7.565505 -3.342202
v -1.634055 8.142731 -3.953457
v -1.042643 8.484089 -3.961470
v -0.359739 8.258323 -3.956170
v -0.064033 8.092319 -3.753038
v 0.021329 8.240131 -3.756508
v -1.804780 8.438355 -3.960396
v -1.975506 7.556157 -3.740453
v -2.123359 7.641496 -3.742456
v -2.123359 7.650845 -3.344206
v 0.386259 8.617188 -3.218390
v 0.187079 8.098211 -3.501995
v 0.386259 8.275829 -3.210377
v 0.187079 8.244020 -3.590804
v -0.410462 8.617188 -3.218390
v 0.386259 8.861126 -2.449508
v 0.386259 8.489773 -1.769960
v -0.410462 8.861126 -2.449508
v 0.386259 8.517621 -2.532961
v 0.386259 8.190142 -1.933700
v 0.187079 7.606906 -1.578464
v -0.410462 8.190142 -1.933700
v -0.410462 8.517621 -2.532961
v -0.410462 8.275829 -3.210377
v -0.211281 8.098211 -3.501995
v -0.211281 8.244020 -3.590804
v -0.410462 8.489773 -1.769960
v -0.211281 7.606906 -1.578464
v -0.211281 7.695715 -1.432655
v 0.187079 7.695715 -1.432655
v 0.335537 8.599681 -3.964183
v 0.039831 8.092319 -3.753038
v 0.335537 8.258323 -3.956170
v -0.045532 8.240131 -3.756508
v 0.335537 8.618378 -3.167682
v 1.109932 8.825447 -3.969483
v 1.780578 8.438355 -3.960396
v 1.109932 8.844143 -3.172982
v 1.018440 8.484089 -3.961470
v 1.609852 8.142731 -3.953457
v 1.951304 7.556157 -3.740453
v 1.609852 8.161427 -3.156956
v 1.018440 8.502786 -3.164968
v 0.335537 8.277020 -3.159669
v 0.039831 8.101667 -3.354788
v -0.045532 8.249479 -3.358258
v 1.780578 8.457052 -3.163895
v 1.951304 7.565505 -3.342202
v 2.099157 7.650845 -3.344206
v 2.099157 7.641496 -3.742456
v 0.018026 8.327868 -3.116110
v 0.075359 7.890859 -3.399880
v 0.018026 8.041127 -3.109379
v 0.126062 8.013831 -3.453484
v -0.455202 8.316763 -3.589208
v -0.441941 8.528305 -2.660721
v -0.840284 8.212497 -2.254855
v -0.915169 8.517200 -3.133819
v -0.387598 8.240289 -2.708319
v -0.738878 7.961792 -2.350404
v -1.059997 7.467126 -2.254264
v -1.212106 7.950687 -2.823502
v -0.860826 8.229184 -3.181416
v -0.455202 8.030022 -3.582477
v -0.161254 7.885306 -3.636429
v -0.110552 8.008279 -3.690032
v -1.313512 8.201391 -2.727952
v -1.296611 7.461574 -2.490813
v -1.384431 7.535319 -2.404699
v -1.147817 7.540872 -2.168151
v -0.455202 8.318176 -3.528969
v -0.161254 7.889411 -3.461555
v -0.455202 8.031436 -3.522238
v -0.110552 8.014763 -3.413781
v 0.018026 8.307072 -4.002067
v -0.915169 8.497025 -3.993262
v -1.313512 8.162521 -4.383862
v -0.441941 8.485920 -4.466359
v -0.860826 8.211560 -3.932202
v -1.212106 7.916576 -4.276656
v -1.296611 7.412392 -4.586028
v -0.738878 7.905471 -4.749753
v -0.387598 8.200455 -4.405300
v 0.018026 8.020330 -3.995336
v 0.075360 7.883858 -3.698104
v 0.126062 8.009211 -3.650330
v -0.840284 8.151416 -4.856960
v -1.059997 7.406839 -4.822577
v -1.147817 7.476463 -4.912055
v -1.384431 7.482016 -4.675507
v -0.042229 8.307072 -4.002067
v -0.099562 7.883858 -3.698104
v -0.042229 8.020330 -3.995336
v -0.150265 8.009211 -3.650330
v 0.430999 8.318176 -3.528970
v 0.417739 8.485920 -4.466359
v 0.816082 8.151416 -4.856960
v 0.890967 8.497025 -3.993262
v 0.363395 8.200455 -4.405300
v 0.714676 7.905471 -4.749753
v 1.035795 7.406839 -4.822577
v 1.187904 7.916576 -4.276656
v 0.836623 8.211560 -3.932203
v 0.430999 8.031436 -3.522238
v 0.137052 7.889411 -3.461555
v 0.086349 8.014763 -3.413781
v 1.289310 8.162521 -4.383862
v 1.272409 7.412392 -4.586028
v 1.360229 7.482016 -4.675507
v 1.123615 7.476463 -4.912055
v 0.430999 8.316763 -3.589208
v 0.137052 7.885306 -3.636429
v 0.430999 8.030022 -3.582477
v 0.086349 8.008279 -3.690032
v -0.042229 8.327868 -3.116110
v 0.890967 8.517200 -3.133819
v 1.289310 8.201391 -2.727952
v 0.417739 8.528305 -2.660721
v 0.836623 8.229184 -3.181416
v 1.187904 7.950687 -2.823502
v 1.272409 7.461574 -2.490813
v 0.714676 7.961792 -2.350404
v 0.363395 8.240289 -2.708319
v -0.042229 8.041127 -3.109379
v -0.099562 7.890859 -3.399880
v -0.150265 8.013831 -3.453484
v 0.816082 8.212497 -2.254855
v 1.035795 7.467126 -2.254264
v 1.123615 7.540872 -2.168151
v 1.360229 7.535319 -2.404699
v -0.380926 8.442895 3.586447
v -0.272900 8.454887 3.325925
v -0.272900 8.430903 3.846970
v -0.012101 8.425937 3.954882
v -0.012101 8.459854 3.218013
v 0.248697 8.430903 3.846970
v 0.248697 8.454887 3.325925
v 0.356723 8.442895 3.586447
v -0.461753 8.400047 3.134347
v -0.012101 8.408611 2.948292
v -0.461753 8.358697 4.032700
v -0.012101 8.350133 4.218755
v 0.437551 8.358697 4.032700
v 0.623803 8.379373 3.583524
v -0.648005 8.379373 3.583524
v 0.437551 8.400047 3.134347
v -0.012101 7.656530 4.153727
v -0.438372 7.664649 3.977347
v 0.414169 7.664649 3.977347
v -0.614938 7.684249 3.551527
v -0.438372 7.703849 3.125708
v -0.012101 7.711968 2.949328
v 0.414169 7.703849 3.125708
v 0.590736 7.684249 3.551527
v -0.460795 8.454129 3.194987
v -0.236448 7.862532 3.501178
v -0.460795 8.069941 3.177303
v -0.236448 8.024469 3.604882
v 0.436593 8.454129 3.194987
v -0.460795 8.748328 2.335363
v -0.460795 8.347402 1.560725
v 0.436593 8.748328 2.335363
v -0.460795 8.359402 2.420622
v -0.460795 8.005843 1.737505
v -0.236448 7.358094 1.322687
v 0.436593 8.005843 1.737505
v 0.436593 8.359402 2.420622
v 0.436593 8.069941 3.177303
v 0.212246 7.862532 3.501178
v 0.212246 8.024469 3.604882
v 0.436593 8.347402 1.560725
v 0.212246 7.358094 1.322687
v 0.212246 7.461798 1.160750
v -0.236448 7.461798 1.160750
v -0.403664 8.415494 4.034356
v -0.070595 7.849527 3.783720
v -0.403664 8.031305 4.016671
v 0.025553 8.015885 3.791377
v -0.403664 8.456757 3.137916
v -1.275906 8.669586 4.046051
v -2.031290 8.233927 4.025998
v -1.275906 8.710849 3.149612
v -1.172854 8.285398 4.028367
v -1.838992 7.901210 4.010683
v -2.223587 7.246092 3.755944
v -1.838992 7.942472 3.114244
v -1.172854 8.326661 3.131928
v -0.403664 8.072568 3.120232
v -0.070595 7.870158 3.335500
v 0.025553 8.036517 3.343158
v -2.031290 8.275189 3.129559
v -2.223587 7.266724 3.307724
v -2.390122 7.362771 3.312145
v -2.390122 7.342139 3.760365
v 0.436593 8.418120 3.977285
v 0.212246 7.857153 3.618042
v 0.436593 8.033932 3.959601
v 0.212246 8.027932 3.529652
v -0.460795 8.418120 3.977285
v 0.436593 8.632107 4.860300
v 0.436593 8.161714 5.594831
v -0.460795 8.632107 4.860300
v 0.436593 8.252657 4.739673
v 0.436593 7.837839 5.387422
v 0.212246 7.154722 5.740980
v -0.460795 7.837839 5.387422
v -0.460795 8.252657 4.739673
v -0.460795 8.033932 3.959601
v -0.236448 7.857153 3.618042
v -0.236448 8.027932 3.529652
v -0.460795 8.161714 5.594831
v -0.236448 7.154722 5.740980
v -0.236448 7.243112 5.911760
v 0.212246 7.243112 5.911760
v 0.379462 8.456757 3.137916
v 0.046393 7.870158 3.335500
v 0.379462 8.072568 3.120232
v -0.049756 8.036517 3.343158
v 0.379462 8.415494 4.034355
v 1.251704 8.710849 3.149612
v 2.007087 8.275189 3.129559
v 1.251704 8.669586 4.046051
v 1.148652 8.326661 3.131928
v 1.814790 7.942472 3.114244
v 2.199385 7.266724 3.307724
v 1.814790 7.901210 4.010683
v 1.148652 8.285398 4.028367
v 0.379462 8.031305 4.016671
v 0.046393 7.849527 3.783720
v -0.049756 8.015885 3.791377
v 2.007087 8.233927 4.025998
v 2.199385 7.246092 3.755944
v 2.365919 7.342139 3.760365
v 2.365919 7.362771 3.312145
v 0.021833 8.085034 4.069591
v 0.086410 7.616180 3.716571
v 0.021833 7.762316 4.054737
v 0.143520 7.758547 3.665954
v -0.511189 8.109543 3.537133
v -0.496252 8.274651 4.596953
v -0.944927 7.888065 5.028308
v -1.029274 8.299159 4.064495
v -0.435043 7.954746 4.520953
v -0.830708 7.613835 4.901346
v -1.192401 7.050495 4.970699
v -1.363730 7.638344 4.368888
v -0.968064 7.979255 3.988496
v -0.511189 7.786825 3.522279
v -0.180100 7.628435 3.450342
v -0.122991 7.770802 3.399725
v -1.477949 7.912574 4.495851
v -1.458912 7.062749 4.704470
v -1.557828 7.138880 4.806995
v -1.291318 7.126626 5.073224
v -0.511189 8.106422 3.604930
v -0.180100 7.619376 3.647157
v -0.511189 7.783704 3.590075
v -0.122991 7.756491 3.710639
v 0.021833 8.130931 3.072472
v -1.029274 8.343682 3.097217
v -1.477949 7.998358 2.632172
v -0.496252 8.368191 2.564759
v -0.968064 8.018149 3.143507
v -1.363730 7.713624 2.733406
v -1.458912 7.171291 2.346366
v -0.830708 7.738133 2.200948
v -0.435043 8.042658 2.611050
v 0.021833 7.808213 3.057618
v 0.086410 7.631630 3.380929
v 0.143520 7.768745 3.444410
v -0.944927 8.022867 2.099714
v -1.192401 7.183546 2.080137
v -1.291318 7.268773 1.985039
v -1.557829 7.256519 2.251268
v -0.046035 8.130931 3.072472
v -0.110613 7.631630 3.380929
v -0.046035 7.808213 3.057618
v -0.167722 7.768745 3.444410
v 0.486986 8.106422 3.604930
v 0.472050 8.368191 2.564759
v 0.920725 8.022867 2.099714
v 1.005071 8.343682 3.097217
v 0.410840 8.042658 2.611050
v 0.806506 7.738133 2.200948
v 1.168199 7.183546 2.080137
v 1.339527 7.713624 2.733405
v 0.943862 8.018149 3.143507
v 0.486986 7.783704 3.590075
v 0.155898 7.619376 3.647157
v 0.098789 7.756491 3.710638
v 1.453746 7.998358 2.632172
v 1.434710 7.171291 2.346366
v 1.533626 7.256519 2.251268
v 1.267115 7.268773 1.985039
v 0.486986 8.109543 3.537133
v 0.155898 7.628435 3.450342
v 0.486986 7.786825 3.522279
v 0.098789 7.770802 3.399725
v -0.046035 8.085034 4.069591
v 1.005071 8.299159 4.064495
v 1.453746 7.912574 4.495851
v 0.472050 8.274651 4.596953
v 0.943862 7.979255 3.988496
v 1.339527 7.638344 4.368888
v 1.434710 7.062749 4.704470
v 0.806506 7.613835 4.901346
v 0.410840 7.954746 4.520953
v -0.046035 7.762316 4.054737
v -0.110613 7.616180 3.716571
v -0.167722 7.758547 3.665954
v 0.920725 7.888065 5.028308
v 1.168199 7.050495 4.970699
v 1.267115 7.126626 5.073224
v 1.533626 7.138880 4.806995
vn -0.7000 0.6088 -0.3732
vn -0.7000 0.6088 0.3732
vn -0.3957 0.1776 -0.9011
vn -0.2207 0.3126 -0.9239
vn -0.5328 0.7548 -0.3827
vn -0.0348 0.4323 -0.9011
vn -0.3392 0.8635 -0.3732
vn 0.2207 -0.3126 -0.9239
vn 0.3957 -0.1776 -0.9011
vn 0.0348 -0.4323 -0.9011
vn 0.3392 -0.8635 -0.3732
vn 0.5328 -0.7548 -0.3827
vn 0.7000 -0.6088 -0.3732
vn 0.7000 -0.6088 0.3732
vn 0.5328 -0.7548 0.3827
vn 0.3957 -0.1776 0.9011
vn 0.2207 -0.3126 0.9239
vn 0.0348 -0.4323 0.9011
vn -0.3957 0.1776 0.9011
vn -0.2207 0.3126 0.9239
vn -0.5328 0.7548 0.3827
vn -0.0348 0.4323 0.9011
vn -0.3392 0.8635 0.3732
vn 0.3392 -0.8635 0.3732
vn -0.7654 0.5242 -0.3732
vn -0.7654 0.5242 0.3732
vn -0.4135 0.1309 -0.9011
vn -0.2552 0.2852 -0.9239
vn -0.6161 0.6885 -0.3827
vn -0.0843 0.4254 -0.9011
vn -0.4363 0.8188 -0.3732
vn 0.2552 -0.2852 -0.9239
vn 0.4135 -0.1309 -0.9011
vn 0.0843 -0.4254 -0.9011
vn 0.4363 -0.8188 -0.3732
vn 0.6161 -0.6885 -0.3827
vn 0.7654 -0.5242 -0.3732
vn 0.7654 -0.5242 0.3732
vn 0.6161 -0.6885 0.3827
vn 0.4135 -0.1309 0.9011
vn 0.2552 -0.2852 0.9239
vn 0.0843 -0.4254 0.9011
vn -0.4135 0.1309 0.9011
vn -0.2552 0.2852 0.9239
vn -0.6161 0.6885 0.3827
vn -0.0843 0.4254 0.9011
vn -0.4363 0.8188 0.3732
vn 0.4363 -0.8188 0.3732
vn -0.8616 0.3440 -0.3732
vn -0.8616 0.3440 0.3732
vn -0.4321 0.0372 -0.9011
vn -0.3114 0.2224 -0.9239
vn -0.7518 0.5370 -0.3827
vn -0.1753 0.3966 -0.9011
vn -0.6049 0.7034 -0.3732
vn 0.3114 -0.2224 -0.9239
vn 0.4321 -0.0372 -0.9011
vn 0.1753 -0.3966 -0.9011
vn 0.6049 -0.7034 -0.3732
vn 0.7518 -0.5370 -0.3827
vn 0.8616 -0.3440 -0.3732
vn 0.8616 -0.3440 0.3732
vn 0.7518 -0.5370 0.3827
vn 0.4321 -0.0372 0.9011
vn 0.3114 -0.2224 0.9239
vn 0.1753 -0.3966 0.9011
vn -0.4321 0.0372 0.9011
vn -0.3114 0.2224 0.9239
vn -0.7518 0.5370 0.3827
vn -0.1753 0.3966 0.9011
vn -0.6049 0.7034 0.3732
vn 0.6049 -0.7034 0.3732
vn -0.9096 0.1824 -0.3732
vn -0.9096 0.1824 0.3732
vn -0.4317 -0.0416 -0.9011
vn -0.3465 0.1624 -0.9239
vn -0.8366 0.3920 -0.3827
vn -0.2443 0.3583 -0.9011
vn -0.7222 0.5823 -0.3732
vn 0.3465 -0.1624 -0.9239
vn 0.4317 0.0416 -0.9011
vn 0.2443 -0.3583 -0.9011
vn 0.7222 -0.5823 -0.3732
vn 0.8366 -0.3920 -0.3827
vn 0.9096 -0.1824 -0.3732
vn 0.9096 -0.1824 0.3732
vn 0.8366 -0.3920 0.3827
vn 0.4317 0.0416 0.9011
vn 0.3465 -0.1624 0.9239
vn 0.2443 -0.3583 0.9011
vn -0.4317 -0.0416 0.9011
vn -0.3465 0.1624 0.9239
vn -0.8366 0.3920 0.3827
vn -0.2443 0.3583 0.9011
vn -0.7222 0.5823 0.3732
vn 0.7222 -0.5823 0.3732
vn -0.9256 0.0633 -0.3732
vn -0.9256 0.0633 0.3732
vn -0.4227 -0.0970 -0.9011
vn -0.3646 0.1163 -0.9239
vn -0.8802 0.2807 -0.3827
vn -0.2885 0.3238 -0.9011
vn -0.7914 0.4842 -0.3732
vn 0.3646 -0.1163 -0.9239
vn 0.4227 0.0970 -0.9011
vn 0.2885 -0.3238 -0.9011
vn 0.7914 -0.4842 -0.3732
vn 0.8802 -0.2807 -0.3827
vn 0.9256 -0.0633 -0.3732
vn 0.9256 -0.0633 0.3732
vn 0.8802 -0.2807 0.3827
vn 0.4227 0.0970 0.9011
vn 0.3646 -0.1163 0.9239
vn 0.2885 -0.3238 0.9011
vn -0.4227 -0.0970 0.9011
vn -0.3646 0.1163 0.9239
vn -0.8802 0.2807 0.3827
vn -0.2885 0.3238 0.9011
vn -0.7914 0.4842 0.3732
vn 0.7914 -0.4842 0.3732
vn -0.9274 -0.0240 -0.3732
vn -0.9274 -0.0240 0.3732
vn -0.4117 -0.1363 -0.9011
vn -0.3739 0.0815 -0.9239
vn -0.9027 0.1967 -0.3827
vn -0.3177 0.2952 -0.9011
vn -0.8334 0.4076 -0.3732
vn 0.3739 -0.0815 -0.9239
vn 0.4117 0.1363 -0.9011
vn 0.3177 -0.2952 -0.9011
vn 0.8334 -0.4076 -0.3732
vn 0.9027 -0.1967 -0.3827
vn 0.9274 0.0240 -0.3732
vn 0.9274 0.0240 0.3732
vn 0.9027 -0.1967 0.3827
vn 0.4117 0.1363 0.9011
vn 0.3739 -0.0815 0.9239
vn 0.3177 -0.2952 0.9011
vn -0.4117 -0.1363 0.9011
vn -0.3739 0.0815 0.9239
vn -0.9027 0.1967 0.3827
vn -0.3177 0.2952 0.9011
vn -0.8334 0.4076 0.3732
vn 0.8334 -0.4076 0.3732
vn -0.9229 -0.0946 -0.3732
vn -0.9229 -0.0946 0.3732
vn -0.4001 -0.1673 -0.9011
vn -0.3790 0.0527 -0.9239
vn -0.9151 0.1273 -0.3827
vn -0.3392 0.2702 -0.9011
vn -0.8620 0.3429 -0.3732
vn 0.3790 -0.0527 -0.9239
vn 0.4001 0.1673 -0.9011
vn 0.3392 -0.2702 -0.9011
vn 0.8620 -0.3429 -0.3732
vn 0.9151 -0.1273 -0.3827
vn 0.9229 0.0946 -0.3732
vn 0.9229 0.0946 0.3732
vn 0.9151 -0.1273 0.3827
vn 0.4001 0.1673 0.9011
vn 0.3790 -0.0527 0.9239
vn 0.3392 -0.2702 0.9011
vn -0.4001 -0.1673 0.9011
vn -0.3790 0.0527 0.9239
vn -0.9151 0.1273 0.3827
vn -0.3392 0.2702 0.9011
vn -0.8620 0.3429 0.3732
vn 0.8620 -0.3429 0.3732
vn -0.9159 -0.1480 -0.3732
vn -0.9159 -0.1480 0.3732
vn -0.3897 -0.1903 -0.9011
vn -0.9158 -0.1480 -0.3732
vn -0.3815 0.0306 -0.9239
vn -0.9209 0.0739 -0.3827
vn -0.3544 0.2500 -0.9011
vn -0.8805 0.2922 -0.3732
vn 0.3815 -0.0306 -0.9239
vn 0.3897 0.1903 -0.9011
vn 0.3544 -0.2500 -0.9011
vn 0.8805 -0.2922 -0.3732
vn 0.9209 -0.0739 -0.3827
vn 0.9158 0.1480 -0.3732
vn 0.9158 0.1480 0.3732
vn 0.9159 0.1480 0.3732
vn 0.9209 -0.0739 0.3827
vn 0.9159 0.1480 -0.3732
vn 0.3897 0.1903 0.9011
vn 0.3815 -0.0306 0.9239
vn 0.3544 -0.2500 0.9011
vn -0.3897 -0.1903 0.9011
vn -0.3815 0.0306 0.9239
vn -0.9158 -0.1480 0.3732
vn -0.9209 0.0739 0.3827
vn -0.3544 0.2500 0.9011
vn -0.8805 0.2922 0.3732
vn 0.8805 -0.2922 0.3732
vn -0.9089 -0.1860 -0.3732
vn -0.9089 -0.1860 0.3732
vn -0.3815 -0.2063 -0.9011
vn -0.3824 0.0147 -0.9239
vn -0.9232 0.0356 -0.3827
vn -0.3645 0.2351 -0.9011
vn -0.8919 0.2554 -0.3732
vn 0.3824 -0.0147 -0.9239
vn 0.3815 0.2063 -0.9011
vn 0.3645 -0.2351 -0.9011
vn 0.8919 -0.2554 -0.3732
vn 0.9232 -0.0356 -0.3827
vn 0.9089 0.1860 -0.3732
vn 0.9089 0.1860 0.3732
vn 0.9232 -0.0356 0.3827
vn 0.3815 0.2063 0.9011
vn 0.3824 -0.0147 0.9239
vn 0.3645 -0.2351 0.9011
vn -0.3815 -0.2063 0.9011
vn -0.3824 0.0147 0.9239
vn -0.9232 0.0356 0.3827
vn -0.3645 0.2351 0.9011
vn -0.8919 0.2554 0.3732
vn 0.8919 -0.2554 0.3732
vn -0.9011 -0.2208 -0.3732
vn -0.9011 -0.2208 0.3732
vn -0.3732 -0.2208 -0.9011
vn -0.3733 -0.2208 -0.9011
vn -0.3827 -0.0000 -0.9239
vn -0.9239 0.0001 -0.3827
vn -0.3732 0.2209 -0.9011
vn -0.9011 0.2209 -0.3732
vn 0.3827 -0.0000 -0.9239
vn 0.3732 0.2208 -0.9011
vn 0.3732 -0.2209 -0.9011
vn 0.9011 -0.2209 -0.3732
vn 0.9239 -0.0001 -0.3827
vn 0.9011 0.2208 -0.3732
vn 0.9011 0.2208 0.3732
vn 0.9239 -0.0001 0.3827
vn 0.3733 0.2208 -0.9011
vn 0.3732 0.2208 0.9011
vn 0.3827 -0.0000 0.9239
vn 0.3732 -0.2209 0.9011
vn -0.3733 -0.2208 0.9011
vn -0.3732 -0.2208 0.9011
vn -0.3827 -0.0000 0.9239
vn -0.9239 0.0001 0.3827
vn -0.3732 0.2209 0.9011
vn -0.9011 0.2209 0.3732
vn 0.3733 0.2208 0.9011
vn 0.9011 -0.2209 0.3732
vn -0.8964 -0.2389 -0.3732
vn -0.8964 -0.2389 0.3732
vn -0.3687 -0.2283 -0.9011
vn -0.3826 -0.0077 -0.9239
vn -0.9237 -0.0186 -0.3827
vn -0.3776 0.2133 -0.9011
vn -0.9053 0.2027 -0.3732
vn 0.3826 0.0077 -0.9239
vn 0.3687 0.2283 -0.9011
vn 0.3776 -0.2133 -0.9011
vn 0.9053 -0.2027 -0.3732
vn 0.9237 0.0186 -0.3827
vn 0.8964 0.2389 -0.3732
vn 0.8964 0.2389 0.3732
vn 0.9237 0.0186 0.3827
vn 0.3687 0.2283 0.9011
vn 0.3826 0.0077 0.9239
vn 0.3776 -0.2133 0.9011
vn -0.3687 -0.2283 0.9011
vn -0.3826 -0.0077 0.9239
vn -0.9237 -0.0186 0.3827
vn -0.3776 0.2133 0.9011
vn -0.9053 0.2027 0.3732
vn 0.9053 -0.2027 0.3732
vn -0.1930 -0.9074 -0.3732
vn -0.1930 -0.9074 0.3732
vn 0.0365 -0.4321 -0.9011
vn -0.1664 -0.3446 -0.9239
vn -0.4018 -0.8319 -0.3827
vn -0.3612 -0.2400 -0.9011
vn -0.5908 -0.7153 -0.3732
vn 0.1664 0.3446 -0.9239
vn -0.0365 0.4321 -0.9011
vn 0.3612 0.2400 -0.9011
vn 0.5908 0.7153 -0.3732
vn 0.4018 0.8319 -0.3827
vn 0.1930 0.9074 -0.3732
vn 0.1930 0.9074 0.3732
vn 0.4018 0.8319 0.3827
vn -0.0365 0.4321 0.9011
vn 0.1664 0.3446 0.9239
vn 0.3612 0.2400 0.9011
vn 0.0365 -0.4321 0.9011
vn -0.1664 -0.3446 0.9239
vn -0.4018 -0.8319 0.3827
vn -0.3612 -0.2400 0.9011
vn -0.5908 -0.7153 0.3732
vn 0.5908 0.7153 0.3732
vn -0.3380 -0.8640 -0.3732
vn -0.3380 -0.8640 0.3732
vn -0.0342 -0.4323 -0.9011
vn -0.2202 -0.3129 -0.9239
vn -0.5317 -0.7555 -0.3827
vn -0.3954 -0.1781 -0.9011
vn -0.6992 -0.6098 -0.3732
vn 0.2202 0.3129 -0.9239
vn 0.0342 0.4323 -0.9011
vn 0.3954 0.1781 -0.9011
vn 0.6992 0.6098 -0.3732
vn 0.5317 0.7555 -0.3827
vn 0.3380 0.8640 -0.3732
vn 0.3380 0.8640 0.3732
vn 0.5317 0.7555 0.3827
vn 0.0342 0.4323 0.9011
vn 0.2202 0.3129 0.9239
vn 0.3954 0.1781 0.9011
vn -0.0342 -0.4323 0.9011
vn -0.2202 -0.3129 0.9239
vn -0.5317 -0.7555 0.3827
vn -0.3954 -0.1781 0.9011
vn -0.6992 -0.6098 0.3732
vn 0.6992 0.6098 0.3732
vn -0.5534 -0.7446 -0.3732
vn -0.5534 -0.7446 0.3732
vn -0.1467 -0.4081 -0.9011
vn -0.2948 -0.2440 -0.9239
vn -0.7118 -0.5890 -0.3827
vn -0.4283 -0.0678 -0.9011
vn -0.8350 -0.4043 -0.3732
vn 0.2948 0.2440 -0.9239
vn 0.1467 0.4081 -0.9011
vn 0.4283 0.0678 -0.9011
vn 0.8350 0.4043 -0.3732
vn 0.7118 0.5890 -0.3827
vn 0.5534 0.7446 -0.3732
vn 0.5534 0.7446 0.3732
vn 0.7118 0.5890 0.3827
vn 0.1467 0.4081 0.9011
vn 0.2948 0.2440 0.9239
vn 0.4283 0.0678 0.9011
vn -0.1467 -0.4081 0.9011
vn -0.2948 -0.2440 0.9239
vn -0.7118 -0.5890 0.3827
vn -0.4283 -0.0678 0.9011
vn -0.8350 -0.4043 0.3732
vn 0.8350 0.4043 0.3732
vn -0.6927 -0.6172 -0.3732
vn -0.6927 -0.6172 0.3732
vn -0.2263 -0.3699 -0.9011
vn -0.3381 -0.1792 -0.9239
vn -0.8163 -0.4327 -0.3827
vn -0.4332 0.0203 -0.9011
vn -0.8996 -0.2269 -0.3732
vn 0.3381 0.1792 -0.9239
vn 0.2263 0.3699 -0.9011
vn 0.4332 -0.0203 -0.9011
vn 0.8996 0.2269 -0.3732
vn 0.8163 0.4327 -0.3827
vn 0.6927 0.6172 -0.3732
vn 0.6927 0.6172 0.3732
vn 0.8163 0.4327 0.3827
vn 0.2263 0.3699 0.9011
vn 0.3381 0.1792 0.9239
vn 0.4332 -0.0203 0.9011
vn -0.2263 -0.3699 0.9011
vn -0.3381 -0.1792 0.9239
vn -0.8163 -0.4327 0.3827
vn -0.4332 0.0203 0.9011
vn -0.8996 -0.2269 0.3732
vn 0.8996 0.2269 0.3732
vn -0.7769 -0.5071 -0.3732
vn -0.7769 -0.5071 0.3732
vn -0.2789 -0.3321 -0.9011
vn -0.3610 -0.1269 -0.9239
vn -0.8716 -0.3063 -0.3827
vn -0.4253 0.0846 -0.9011
vn -0.9233 -0.0904 -0.3732
vn 0.3610 0.1269 -0.9239
vn 0.2789 0.3321 -0.9011
vn 0.4253 -0.0846 -0.9011
vn 0.9233 0.0904 -0.3732
vn 0.8716 0.3063 -0.3827
vn 0.7769 0.5071 -0.3732
vn 0.7769 0.5071 0.3732
vn 0.8716 0.3063 0.3827
vn 0.2789 0.3321 0.9011
vn 0.3610 0.1269 0.9239
vn 0.4253 -0.0846 0.9011
vn -0.2789 -0.3321 0.9011
vn -0.3610 -0.1269 0.9239
vn -0.8716 -0.3063 0.3827
vn -0.4253 0.0846 0.9011
vn -0.9233 -0.0904 0.3732
vn 0.9233 0.0904 0.3732
vn -0.8178 -0.4380 -0.3732
vn -0.8178 -0.4380 0.3732
vn -0.3066 -0.3067 -0.9011
vn -0.3707 -0.0952 -0.9239
vn -0.8949 -0.2298 -0.3827
vn -0.4164 0.1211 -0.9011
vn -0.9277 -0.0102 -0.3732
vn 0.3707 0.0952 -0.9239
vn 0.3066 0.3067 -0.9011
vn 0.4164 -0.1211 -0.9011
vn 0.9277 0.0102 -0.3732
vn 0.8949 0.2298 -0.3827
vn 0.8178 0.4380 -0.3732
vn 0.8178 0.4380 0.3732
vn 0.8949 0.2298 0.3827
vn 0.3066 0.3067 0.9011
vn 0.3707 0.0952 0.9239
vn 0.4164 -0.1211 0.9011
vn -0.3066 -0.3067 0.9011
vn -0.3707 -0.0952 0.9239
vn -0.8949 -0.2298 0.3827
vn -0.4164 0.1211 0.9011
vn -0.9277 -0.0102 0.3732
vn 0.9277 0.0102 0.3732
vn -0.8436 -0.3860 -0.3732
vn -0.8436 -0.3860 0.3732
vn -0.3252 -0.2870 -0.9011
vn -0.3759 -0.0718 -0.9239
vn -0.9075 -0.1734 -0.3827
vn -0.4080 0.1469 -0.9011
vn -0.9265 0.0478 -0.3732
vn 0.3759 0.0718 -0.9239
vn 0.3252 0.2870 -0.9011
vn -0.4081 0.1469 -0.9011
vn 0.4080 -0.1469 -0.9011
vn 0.9265 -0.0478 -0.3732
vn 0.9075 0.1734 -0.3827
vn 0.8436 0.3860 -0.3732
vn 0.8436 0.3860 0.3732
vn 0.9075 0.1734 0.3827
vn 0.3252 0.2870 0.9011
vn 0.3759 0.0718 0.9239
vn 0.4081 -0.1469 0.9011
vn -0.3252 -0.2870 0.9011
vn -0.3759 -0.0718 0.9239
vn -0.9075 -0.1734 0.3827
vn -0.4080 0.1469 0.9011
vn -0.4081 0.1469 0.9011
vn -0.9265 0.0478 0.3732
vn 0.4080 -0.1469 0.9011
vn 0.9265 -0.0478 0.3732
vn -0.8600 -0.3479 -0.3732
vn -0.8600 -0.3479 0.3732
vn -0.3377 -0.2721 -0.9011
vn -0.3787 -0.0549 -0.9239
vn -0.9143 -0.1326 -0.3827
vn -0.4011 0.1650 -0.9011
vn -0.9234 0.0892 -0.3732
vn 0.3787 0.0549 -0.9239
vn 0.3377 0.2721 -0.9011
vn 0.4011 -0.1650 -0.9011
vn 0.9234 -0.0892 -0.3732
vn 0.9143 0.1326 -0.3827
vn 0.8600 0.3479 -0.3732
vn 0.8600 0.3479 0.3732
vn 0.9143 0.1326 0.3827
vn 0.3377 0.2721 0.9011
vn 0.3787 0.0549 0.9239
vn 0.4011 -0.1650 0.9011
vn -0.3377 -0.2721 0.9011
vn -0.3787 -0.0549 0.9239
vn -0.9143 -0.1326 0.3827
vn -0.4011 0.1650 0.9011
vn -0.9234 0.0892 0.3732
vn 0.9234 -0.0892 0.3732
vn -0.8738 -0.3118 -0.3732
vn -0.8738 -0.3118 0.3732
vn -0.3487 -0.2579 -0.9011
vn -0.3807 -0.0391 -0.9239
vn -0.9190 -0.0945 -0.3827
vn -0.3939 0.1815 -0.9011
vn -0.9189 0.1275 -0.3732
vn 0.3807 0.0391 -0.9239
vn 0.3487 0.2579 -0.9011
vn 0.3939 -0.1815 -0.9011
vn 0.9189 -0.1275 -0.3732
vn 0.9190 0.0945 -0.3827
vn 0.8738 0.3118 -0.3732
vn 0.8738 0.3118 0.3732
vn 0.9190 0.0945 0.3827
vn 0.3487 0.2579 0.9011
vn 0.3807 0.0391 0.9239
vn 0.3939 -0.1815 0.9011
vn -0.3487 -0.2579 0.9011
vn -0.3807 -0.0391 0.9239
vn -0.9190 -0.0945 0.3827
vn -0.3939 0.1815 0.9011
vn -0.9189 0.1275 0.3732
vn 0.9189 -0.1275 0.3732
vn -0.8867 -0.2728 -0.3732
vn -0.8867 -0.2728 0.3732
vn -0.3598 -0.2422 -0.9011
vn -0.3820 -0.0222 -0.9239
vn -0.9223 -0.0537 -0.3827
vn -0.3854 0.1988 -0.9011
vn -0.9124 0.1681 -0.3732
vn 0.3820 0.0222 -0.9239
vn 0.3598 0.2422 -0.9011
vn 0.3854 -0.1988 -0.9011
vn 0.9124 -0.1681 -0.3732
vn 0.9223 0.0537 -0.3827
vn 0.8867 0.2728 -0.3732
vn 0.8867 0.2728 0.3732
vn 0.9223 0.0537 0.3827
vn 0.3598 0.2422 0.9011
vn 0.3820 0.0222 0.9239
vn 0.3854 -0.1988 0.9011
vn -0.3598 -0.2422 0.9011
vn -0.3820 -0.0222 0.9239
vn -0.9223 -0.0537 0.3827
vn -0.3854 0.1988 0.9011
vn -0.9124 0.1681 0.3732
vn 0.9124 -0.1681 0.3732
vn -0.8928 -0.2523 -0.3732
vn -0.8928 -0.2523 0.3732
vn -0.3653 -0.2338 -0.9011
vn -0.3824 -0.0134 -0.9239
vn -0.9233 -0.0324 -0.3827
vn -0.3808 0.2076 -0.9011
vn -0.9083 0.1891 -0.3732
vn 0.3824 0.0134 -0.9239
vn 0.3653 0.2338 -0.9011
vn -0.3807 0.2076 -0.9011
vn 0.3808 -0.2076 -0.9011
vn 0.9083 -0.1891 -0.3732
vn 0.9233 0.0324 -0.3827
vn 0.8928 0.2523 -0.3732
vn 0.8928 0.2523 0.3732
vn 0.9233 0.0324 0.3827
vn 0.3653 0.2338 0.9011
vn 0.3824 0.0134 0.9239
vn 0.3808 -0.2076 0.9011
vn -0.3653 -0.2338 0.9011
vn -0.3824 -0.0134 0.9239
vn -0.9233 -0.0324 0.3827
vn -0.3808 0.2076 0.9011
vn -0.9083 0.1891 0.3732
vn 0.9083 -0.1891 0.3732
vn -0.9011 -0.4314 -0.0445
vn -0.9011 0.1686 0.3996
vn -0.3732 -0.8557 -0.3585
vn -0.3827 -0.7426 -0.5496
vn -0.9239 -0.3076 -0.2277
vn -0.3732 -0.5929 -0.7136
vn -0.9011 -0.1686 -0.3996
vn 0.3827 -0.7426 -0.5496
vn 0.3732 -0.5929 -0.7136
vn 0.3732 -0.8557 -0.3585
vn 0.9011 -0.4314 -0.0445
vn 0.9239 -0.3076 -0.2277
vn 0.9011 -0.1686 -0.3996
vn 0.9011 0.4314 0.0445
vn 0.9239 0.3076 0.2277
vn 0.3732 0.8557 0.3585
vn 0.3827 0.7426 0.5496
vn 0.3732 0.5929 0.7136
vn -0.3732 0.5929 0.7136
vn -0.3827 0.7426 0.5496
vn -0.9239 0.3076 0.2277
vn -0.3732 0.8557 0.3585
vn -0.9011 0.4314 0.0445
vn 0.9011 0.1686 0.3996
vn -0.9011 -0.4268 -0.0770
vn -0.9011 0.1379 0.4112
vn -0.3732 -0.8261 -0.4222
vn -0.3827 -0.6989 -0.6042
vn -0.9239 -0.2895 -0.2503
vn -0.3732 -0.5372 -0.7564
vn -0.9011 -0.1379 -0.4112
vn 0.3827 -0.6989 -0.6042
vn 0.3732 -0.5372 -0.7564
vn 0.3732 -0.8261 -0.4222
vn 0.9011 -0.4268 -0.0770
vn 0.9239 -0.2895 -0.2503
vn 0.9011 -0.1379 -0.4112
vn 0.9011 0.4268 0.0770
vn 0.9239 0.2895 0.2503
vn 0.3732 0.8261 0.4222
vn 0.3827 0.6989 0.6042
vn 0.3732 0.5372 0.7564
vn -0.3732 0.5372 0.7564
vn -0.3827 0.6989 0.6042
vn -0.9239 0.2895 0.2503
vn -0.3732 0.8261 0.4222
vn -0.9011 0.4268 0.0770
vn 0.9011 0.1379 0.4112
vn -0.9011 -0.4146 -0.1273
vn -0.9011 0.0880 0.4247
vn -0.3732 -0.7699 -0.5176
vn -0.3827 -0.6220 -0.6832
vn -0.9239 -0.2576 -0.2830
vn -0.3732 -0.4433 -0.8150
vn -0.9011 -0.0880 -0.4247
vn 0.3827 -0.6220 -0.6832
vn 0.3732 -0.4433 -0.8150
vn 0.3732 -0.7699 -0.5176
vn 0.9011 -0.4146 -0.1273
vn 0.9239 -0.2576 -0.2830
vn 0.9011 -0.0880 -0.4247
vn 0.9011 0.4146 0.1273
vn 0.9239 0.2576 0.2830
vn 0.3732 0.7699 0.5176
vn 0.3827 0.6220 0.6832
vn 0.3732 0.4433 0.8150
vn -0.3732 0.4433 0.8150
vn -0.3827 0.6220 0.6832
vn -0.9239 0.2576 0.2830
vn -0.3732 0.7699 0.5176
vn -0.9011 0.4146 0.1273
vn 0.9011 0.0880 0.4247
vn -0.9011 -0.4025 -0.1615
vn -0.9011 0.0522 0.4305
vn -0.3732 -0.7240 -0.5802
vn -0.3827 -0.5627 -0.7328
vn -0.9239 -0.2331 -0.3035
vn -0.3732 -0.3736 -0.8492
vn -0.9011 -0.0522 -0.4305
vn 0.3827 -0.5627 -0.7328
vn 0.3732 -0.3736 -0.8492
vn 0.3732 -0.7240 -0.5802
vn 0.9011 -0.4025 -0.1615
vn 0.9239 -0.2331 -0.3035
vn 0.9011 -0.0522 -0.4305
vn 0.9011 0.4025 0.1615
vn 0.9239 0.2331 0.3035
vn 0.3732 0.7240 0.5802
vn 0.3827 0.5627 0.7328
vn 0.3732 0.3736 0.8492
vn -0.3732 0.3736 0.8492
vn -0.3827 0.5627 0.7328
vn -0.9239 0.2331 0.3035
vn -0.3732 0.7240 0.5802
vn -0.9011 0.4025 0.1615
vn 0.9011 0.0522 0.4305
vn -0.9011 -0.3673 -0.2305
vn -0.9011 -0.0252 0.4329
vn -0.3732 -0.6092 -0.6997
vn -0.3827 -0.4234 -0.8212
vn -0.9239 -0.1754 -0.3401
vn -0.3732 -0.2167 -0.9021
vn -0.9011 0.0252 -0.4329
vn 0.3827 -0.4234 -0.8211
vn 0.3732 -0.2167 -0.9021
vn 0.3827 -0.4234 -0.8212
vn 0.3732 -0.6092 -0.6997
vn 0.9011 -0.3673 -0.2305
vn 0.9239 -0.1754 -0.3401
vn 0.9011 0.0252 -0.4329
vn 0.9011 0.3673 0.2305
vn 0.9239 0.1754 0.3401
vn 0.3732 0.6092 0.6997
vn 0.3827 0.4234 0.8212
vn 0.3732 0.2167 0.9021
vn -0.3732 0.2167 0.9021
vn -0.3827 0.4234 0.8211
vn -0.9239 0.1754 0.3401
vn -0.3827 0.4234 0.8212
vn -0.3732 0.6092 0.6997
vn -0.9011 0.3673 0.2305
vn 0.9011 -0.0252 0.4329
vn -0.9011 -0.3020 -0.3112
vn -0.9011 -0.1274 0.4145
vn -0.3732 -0.4255 -0.8244
vn -0.3732 -0.4254 -0.8244
vn -0.3827 -0.2161 -0.8983
vn -0.9239 -0.0895 -0.3721
vn -0.3732 0.0040 -0.9277
vn -0.9011 0.1274 -0.4145
vn 0.3827 -0.2161 -0.8983
vn 0.3732 0.0040 -0.9277
vn 0.3732 -0.4255 -0.8244
vn 0.9011 -0.3020 -0.3112
vn 0.9239 -0.0895 -0.3721
vn 0.9011 0.1274 -0.4145
vn 0.9011 0.3020 0.3112
vn 0.9239 0.0895 0.3721
vn 0.3732 0.4255 0.8244
vn 0.3827 0.2161 0.8983
vn 0.3732 -0.0040 0.9277
vn -0.3732 -0.0040 0.9277
vn -0.3827 0.2161 0.8983
vn -0.9239 0.0895 0.3721
vn -0.3732 0.4255 0.8244
vn -0.9011 0.3020 0.3112
vn 0.9011 -0.1274 0.4145
vn -0.9011 -0.2598 -0.3472
vn -0.9011 -0.1793 0.3949
vn -0.3732 -0.3168 -0.8720
vn -0.9011 -0.2599 -0.3472
vn -0.3827 -0.0997 -0.9185
vn -0.9239 -0.0413 -0.3804
vn -0.3732 0.1223 -0.9196
vn -0.9011 0.1793 -0.3949
vn 0.3827 -0.0997 -0.9185
vn 0.3732 0.1223 -0.9196
vn 0.3732 -0.3168 -0.8720
vn 0.9011 -0.2599 -0.3472
vn 0.9239 -0.0413 -0.3804
vn 0.9011 0.1793 -0.3949
vn 0.9011 0.2599 0.3472
vn 0.9011 0.2598 0.3472
vn 0.9239 0.0413 0.3804
vn 0.3732 0.3168 0.8720
vn 0.3827 0.0997 0.9185
vn 0.3732 -0.1223 0.9196
vn -0.3732 -0.1223 0.9196
vn -0.3827 0.0997 0.9185
vn -0.9239 0.0413 0.3804
vn -0.3732 0.3168 0.8720
vn -0.9011 0.2599 0.3472
vn 0.9011 -0.1793 0.3949
vn 0.9011 -0.2598 -0.3472
vn -0.9011 -0.2452 -0.3577
vn -0.9011 -0.1955 0.3871
vn -0.3732 -0.2803 -0.8844
vn -0.3827 -0.0614 -0.9218
vn -0.9239 -0.0254 -0.3818
vn -0.3732 0.1604 -0.9138
vn -0.9011 0.1955 -0.3871
vn 0.3827 -0.0614 -0.9218
vn 0.3732 0.1604 -0.9138
vn 0.3732 -0.2803 -0.8844
vn 0.9011 -0.2452 -0.3577
vn 0.9239 -0.0254 -0.3818
vn 0.9011 0.1955 -0.3871
vn 0.9011 0.2452 0.3577
vn 0.9239 0.0254 0.3818
vn 0.3732 0.2803 0.8844
vn 0.3827 0.0614 0.9218
vn 0.3732 -0.1604 0.9138
vn -0.3732 -0.1604 0.9138
vn -0.3732 -0.1605 0.9138
vn -0.3827 0.0614 0.9218
vn -0.9239 0.0254 0.3818
vn -0.3732 0.2803 0.8844
vn -0.9011 0.2452 0.3577
vn 0.9011 -0.1955 0.3871
vn -0.9011 -0.2347 -0.3647
vn -0.9011 -0.2067 0.3813
vn -0.3732 -0.2545 -0.8921
vn -0.3827 -0.0347 -0.9232
vn -0.9239 -0.0144 -0.3824
vn -0.3732 0.1869 -0.9087
vn -0.9011 0.2067 -0.3813
vn 0.3827 -0.0347 -0.9232
vn 0.3732 0.1869 -0.9087
vn 0.3732 -0.2545 -0.8922
vn 0.9011 -0.2347 -0.3647
vn 0.9239 -0.0144 -0.3824
vn 0.9011 0.2067 -0.3813
vn 0.9011 0.2347 0.3647
vn 0.9239 0.0144 0.3824
vn 0.3732 0.2545 0.8921
vn 0.3827 0.0347 0.9232
vn 0.3732 -0.1869 0.9087
vn -0.3732 -0.1869 0.9087
vn -0.3827 0.0347 0.9232
vn -0.9239 0.0144 0.3824
vn -0.3732 0.2545 0.8921
vn -0.9011 0.2347 0.3647
vn 0.9011 -0.2067 0.3813
vn 0.3732 -0.2545 -0.8921
vn -0.9011 -0.2295 -0.3679
vn -0.9011 -0.2120 0.3783
vn -0.3732 -0.2419 -0.8956
vn -0.3827 -0.0217 -0.9236
vn -0.9239 -0.0090 -0.3826
vn -0.3732 0.1996 -0.9060
vn -0.9011 0.2120 -0.3783
vn 0.3827 -0.0217 -0.9236
vn 0.3732 0.1996 -0.9060
vn 0.3732 -0.2419 -0.8956
vn 0.9011 -0.2295 -0.3679
vn 0.9239 -0.0090 -0.3826
vn 0.9011 0.2120 -0.3783
vn 0.9011 0.2295 0.3679
vn 0.9011 0.2295 0.3680
vn 0.9239 0.0090 0.3826
vn 0.3732 0.2419 0.8956
vn 0.3827 0.0217 0.9236
vn 0.3732 -0.1996 0.9060
vn -0.3732 -0.1996 0.9060
vn -0.3827 0.0217 0.9236
vn -0.9239 0.0090 0.3826
vn -0.3732 0.2419 0.8956
vn -0.9011 0.2295 0.3679
vn 0.9011 -0.2120 0.3783
vn -0.9011 0.1733 -0.3976
vn -0.9011 -0.4319 0.0395
vn -0.3732 0.6012 -0.7066
vn -0.3827 0.7490 -0.5409
vn -0.9239 0.3102 -0.2240
vn -0.3732 0.8598 -0.3485
vn -0.9011 0.4319 -0.0395
vn 0.3827 0.7490 -0.5409
vn 0.3732 0.8598 -0.3485
vn 0.3732 0.6012 -0.7066
vn 0.9011 0.1733 -0.3976
vn 0.9239 0.3102 -0.2240
vn 0.9011 0.4319 -0.0395
vn 0.9011 -0.1733 0.3976
vn 0.9239 -0.3102 0.2240
vn 0.3732 -0.6012 0.7066
vn 0.3827 -0.7490 0.5409
vn 0.3732 -0.8598 0.3485
vn -0.3732 -0.8598 0.3485
vn -0.3827 -0.7490 0.5409
vn -0.9239 -0.3102 0.2240
vn -0.3732 -0.6012 0.7066
vn -0.9011 -0.1733 0.3976
vn 0.9011 -0.4319 0.0395
vn -0.9011 0.1101 -0.4195
vn -0.9011 -0.4207 0.1054
vn -0.3732 0.4854 -0.7906
vn -0.3827 0.6569 -0.6496
vn -0.9239 0.2721 -0.2691
vn -0.3732 0.7960 -0.4766
vn -0.9011 0.4207 -0.1054
vn 0.3827 0.6569 -0.6496
vn 0.3732 0.7960 -0.4766
vn 0.3732 0.4854 -0.7906
vn 0.9011 0.1101 -0.4195
vn 0.9239 0.2721 -0.2691
vn 0.9011 0.4207 -0.1054
vn 0.9011 -0.1101 0.4195
vn 0.9239 -0.2721 0.2691
vn 0.3732 -0.4854 0.7906
vn 0.3827 -0.6569 0.6496
vn 0.3732 -0.7960 0.4766
vn -0.3732 -0.7960 0.4766
vn -0.3827 -0.6569 0.6496
vn -0.9239 -0.2721 0.2691
vn -0.3732 -0.4854 0.7906
vn -0.9011 -0.1101 0.4195
vn 0.9011 -0.4207 0.1054
vn -0.9011 0.0236 -0.4330
vn -0.9011 -0.3909 0.1877
vn -0.3732 0.3168 -0.8720
vn -0.3827 0.5131 -0.7683
vn -0.9239 0.2125 -0.3182
vn -0.3732 0.6841 -0.6267
vn -0.9011 0.3909 -0.1877
vn 0.3827 0.5131 -0.7683
vn 0.3732 0.6841 -0.6267
vn 0.3732 0.3168 -0.8720
vn 0.9011 0.0236 -0.4330
vn 0.9239 0.2125 -0.3182
vn 0.9011 0.3909 -0.1877
vn 0.9011 -0.0236 0.4330
vn 0.9239 -0.2125 0.3182
vn 0.3732 -0.3168 0.8720
vn 0.3827 -0.5131 0.7683
vn 0.3732 -0.6841 0.6267
vn -0.3732 -0.6841 0.6267
vn -0.3827 -0.5131 0.7683
vn -0.9239 -0.2125 0.3182
vn -0.3732 -0.3168 0.8720
vn -0.9011 -0.0236 0.4330
vn 0.9011 -0.3909 0.1877
vn -0.9011 -0.0218 -0.4331
vn -0.9011 -0.3692 0.2276
vn -0.3732 0.2238 -0.9003
vn -0.3827 0.4299 -0.8178
vn -0.9239 0.1781 -0.3387
vn -0.3732 0.6148 -0.6948
vn -0.9011 0.3692 -0.2276
vn 0.3827 0.4299 -0.8177
vn 0.3732 0.6148 -0.6948
vn 0.3827 0.4299 -0.8178
vn 0.3732 0.2238 -0.9003
vn 0.9011 -0.0218 -0.4331
vn 0.9239 0.1781 -0.3387
vn 0.9011 0.3692 -0.2276
vn 0.9011 0.0218 0.4331
vn 0.9239 -0.1781 0.3387
vn 0.3732 -0.2238 0.9003
vn 0.3827 -0.4299 0.8178
vn 0.3732 -0.6148 0.6948
vn -0.3732 -0.6148 0.6948
vn -0.3827 -0.4299 0.8178
vn -0.9239 -0.1781 0.3387
vn -0.3732 -0.2238 0.9003
vn -0.9011 0.0218 0.4331
vn 0.9011 -0.3692 0.2276
vn -0.9011 -0.0687 -0.4282
vn -0.9011 -0.3423 0.2663
vn -0.3732 0.1248 -0.9193
vn -0.3827 0.3387 -0.8596
vn -0.9239 0.1403 -0.3560
vn -0.3732 0.5358 -0.7574
vn -0.9011 0.3423 -0.2663
vn 0.3827 0.3387 -0.8596
vn 0.3732 0.5358 -0.7574
vn 0.3732 0.1248 -0.9193
vn 0.9011 -0.0687 -0.4282
vn 0.9239 0.1403 -0.3560
vn 0.9011 0.3423 -0.2663
vn 0.9011 0.0687 0.4282
vn 0.9239 -0.1403 0.3560
vn 0.3732 -0.1248 0.9193
vn 0.3827 -0.3387 0.8596
vn 0.3732 -0.5358 0.7574
vn -0.3732 -0.5358 0.7574
vn -0.3827 -0.3387 0.8596
vn -0.9239 -0.1403 0.3560
vn -0.3732 -0.1248 0.9193
vn -0.9011 0.0687 0.4282
vn 0.9011 -0.3423 0.2663
vn -0.9011 -0.1109 -0.4193
vn -0.9011 -0.3141 0.2990
vn -0.3732 0.0327 -0.9272
vn -0.3732 0.0328 -0.9272
vn -0.3827 0.2515 -0.8890
vn -0.9239 0.1042 -0.3682
vn -0.3732 0.4578 -0.8069
vn -0.9011 0.3141 -0.2990
vn 0.3827 0.2515 -0.8890
vn 0.3732 0.4578 -0.8069
vn 0.3732 0.0327 -0.9272
vn 0.9011 -0.1109 -0.4193
vn 0.9239 0.1042 -0.3682
vn 0.9011 0.3141 -0.2990
vn 0.9011 0.1109 0.4193
vn 0.9239 -0.1042 0.3682
vn 0.3732 -0.0327 0.9272
vn 0.3827 -0.2515 0.8890
vn 0.3732 -0.4578 0.8069
vn -0.3732 -0.4578 0.8069
vn -0.3827 -0.2515 0.8890
vn -0.9239 -0.1042 0.3682
vn -0.3732 -0.0327 0.9272
vn -0.9011 0.1109 0.4193
vn 0.9011 -0.3141 0.2990
vn -0.9011 -0.1496 -0.4070
vn -0.9011 -0.2848 0.3271
vn -0.3732 -0.0541 -0.9262
vn -0.3827 0.1672 -0.9086
vn -0.9239 0.0693 -0.3764
vn -0.3732 0.3803 -0.8462
vn -0.9011 0.2848 -0.3271
vn 0.3827 0.1672 -0.9086
vn 0.3732 0.3803 -0.8462
vn 0.3732 -0.0541 -0.9262
vn 0.9011 -0.1496 -0.4070
vn 0.9239 0.0693 -0.3764
vn 0.9011 0.2848 -0.3271
vn 0.9011 0.1496 0.4070
vn 0.9239 -0.0693 0.3764
vn 0.3732 0.0541 0.9262
vn 0.3827 -0.1672 0.9086
vn 0.3732 -0.3803 0.8462
vn -0.3732 -0.3803 0.8462
vn -0.3827 -0.1672 0.9086
vn -0.9239 -0.0693 0.3764
vn -0.3732 0.0541 0.9262
vn -0.9011 0.1496 0.4070
vn 0.9011 -0.2848 0.3271
vn -0.9011 -0.1860 -0.3918
vn -0.9011 -0.2539 0.3516
vn -0.3732 -0.1379 -0.9174
vn -0.3827 0.0841 -0.9200
vn -0.9239 0.0348 -0.3811
vn -0.3732 0.3020 -0.8772
vn -0.9011 0.2539 -0.3516
vn 0.3827 0.0841 -0.9200
vn 0.3732 0.3020 -0.8772
vn -0.3732 0.3019 -0.8772
vn 0.3732 -0.1379 -0.9174
vn 0.9011 -0.1860 -0.3918
vn 0.9239 0.0348 -0.3811
vn 0.9011 0.2539 -0.3516
vn 0.9011 0.1860 0.3918
vn 0.9239 -0.0348 0.3811
vn 0.3732 0.1379 0.9174
vn 0.3827 -0.0841 0.9200
vn 0.3732 -0.3020 0.8772
vn -0.3732 -0.3019 0.8772
vn -0.3732 -0.3020 0.8772
vn -0.3827 -0.0841 0.9200
vn -0.9239 -0.0348 0.3811
vn -0.3732 0.1379 0.9174
vn -0.9011 0.1860 0.3918
vn 0.9011 -0.2539 0.3516
vn -0.9011 -0.2034 -0.3830
vn -0.9011 -0.2378 0.3627
vn -0.3732 -0.1792 -0.9103
vn -0.3827 0.0425 -0.9229
vn -0.9239 0.0176 -0.3823
vn -0.3732 0.2620 -0.8900
vn -0.9011 0.2378 -0.3627
vn 0.3827 0.0425 -0.9229
vn 0.3732 0.2620 -0.8900
vn 0.3732 -0.1792 -0.9103
vn 0.9011 -0.2034 -0.3830
vn 0.9239 0.0176 -0.3823
vn 0.9011 0.2378 -0.3627
vn 0.9011 0.2035 0.3830
vn 0.9239 -0.0176 0.3823
vn 0.3732 0.1792 0.9103
vn 0.3827 -0.0425 0.9229
vn 0.3732 -0.2620 0.8900
vn -0.3732 -0.2620 0.8900
vn -0.3827 -0.0425 0.9229
vn -0.9239 -0.0176 0.3823
vn -0.3732 0.1792 0.9103
vn -0.9011 0.2035 0.3830
vn 0.9011 -0.2378 0.3627
vn -0.0201 0.9998 -0.0000
vn -0.1150 0.9662 -0.2306
vn -0.1150 0.9662 0.2306
vn 0.0760 0.9701 0.2306
vn 0.2110 0.9728 0.0955
vn -0.2500 0.9635 -0.0955
vn 0.2110 0.9728 -0.0955
vn 0.0760 0.9701 -0.2306
vn -0.2500 0.9635 0.0955
vn -0.3814 -0.0515 0.9230
vn 0.3831 -0.0362 0.9230
vn -0.9219 -0.0624 -0.3823
vn 0.3831 -0.0362 -0.9230
vn 0.9237 -0.0253 -0.3823
vn 0.9237 -0.0253 0.3823
vn -0.3814 -0.0515 -0.9230
vn -0.9219 -0.0624 0.3823
vn 0.0201 -0.9998 -0.0000
vn -0.9282 -0.1999 0.3139
vn -0.8292 -0.0167 0.5587
vn -0.9998 -0.0201 -0.0000
vn -0.0145 0.7227 0.6910
vn -0.0193 0.9598 0.2800
vn -0.0174 0.8659 -0.5000
vn -0.9443 -0.1786 -0.2764
vn 0.0101 -0.4999 0.8660
vn 0.0174 -0.8658 0.5000
vn 0.0191 -0.9492 -0.3140
vn 0.9998 0.0201 -0.0000
vn 0.0174 -0.8658 -0.5000
vn 0.8292 0.0167 0.5587
vn 0.0174 -0.8659 -0.5000
vn 0.9355 -0.1624 0.3139
vn 0.9507 -0.1405 -0.2764
vn 0.9776 -0.1772 -0.1136
vn -0.0074 0.3692 -0.9293
vn -0.9697 -0.2163 -0.1136
vn 0.3175 -0.1749 0.9320
vn 0.5585 0.0112 0.8294
vn -0.0000 -0.0000 1.0000
vn 0.6764 0.7366 -0.0000
vn 0.2606 0.9655 -0.0000
vn -0.5173 0.8558 -0.0000
vn -0.2731 -0.1651 0.9477
vn 0.8759 -0.4825 -0.0000
vn 0.5173 -0.8558 -0.0000
vn -0.2948 -0.9556 -0.0000
vn -0.0000 -0.0000 -1.0000
vn -0.4825 -0.8759 -0.0000
vn 0.5585 0.0112 -0.8294
vn 0.3175 -0.1749 -0.9320
vn -0.2731 -0.1651 -0.9477
vn -0.1096 -0.1990 -0.9738
vn -0.9366 0.3505 -0.0000
vn -0.1096 -0.1990 0.9738
vn 0.9355 -0.1624 -0.3139
vn 0.8292 0.0167 -0.5587
vn -0.0145 0.7227 -0.6910
vn -0.0193 0.9598 -0.2800
vn -0.0174 0.8659 0.5000
vn 0.9507 -0.1405 0.2764
vn 0.0101 -0.4999 -0.8660
vn 0.0191 -0.9492 0.3140
vn 0.0174 -0.8659 0.5000
vn -0.8292 -0.0167 -0.5587
vn -0.9282 -0.1999 -0.3139
vn -0.9443 -0.1786 0.2764
vn -0.9697 -0.2163 0.1136
vn -0.0074 0.3692 0.9293
vn 0.9776 -0.1772 0.1136
vn -0.3102 -0.1875 -0.9320
vn -0.5585 -0.0112 -0.8294
vn -0.7055 0.7088 -0.0000
vn -0.2992 0.9542 -0.0000
vn 0.4825 0.8759 -0.0000
vn 0.2796 -0.1540 -0.9477
vn -0.8558 -0.5173 -0.0000
vn 0.3330 -0.9429 -0.0000
vn -0.5585 -0.0112 0.8294
vn -0.3102 -0.1875 0.9320
vn 0.2796 -0.1540 0.9477
vn 0.1176 -0.1945 0.9738
vn 0.9217 0.3879 -0.0000
vn 0.1176 -0.1945 -0.9738
vn 0.8844 -0.1635 0.4371
vn 0.9813 0.0197 0.1914
vn 0.7070 0.0142 0.7071
vn 0.4740 0.7325 -0.4886
vn 0.1786 0.9638 -0.1980
vn -0.3709 0.8587 0.3536
vn 0.4778 -0.1500 0.8656
vn 0.6223 -0.4876 -0.6124
vn 0.3709 -0.8587 -0.3536
vn -0.2029 -0.9537 0.2220
vn -0.7070 -0.0142 -0.7071
vn -0.3361 -0.8730 0.3536
vn -0.1914 -0.0039 -0.9815
vn -0.4333 -0.1900 -0.8810
vn -0.8622 -0.1770 -0.4747
vn -0.7648 -0.2122 -0.6083
vn -0.6644 0.3560 0.6571
vn 0.6121 -0.1845 0.7689
vn -0.4333 -0.1900 0.8810
vn -0.1914 -0.0039 0.9815
vn -0.7070 -0.0142 0.7071
vn 0.4740 0.7325 0.4886
vn 0.1786 0.9638 0.1980
vn -0.3709 0.8587 -0.3536
vn -0.8622 -0.1770 0.4747
vn 0.6223 -0.4876 0.6124
vn 0.3709 -0.8587 0.3536
vn -0.2029 -0.9537 -0.2220
vn 0.7070 0.0142 -0.7071
vn -0.3361 -0.8730 -0.3536
vn 0.9813 0.0197 -0.1914
vn 0.8844 -0.1635 -0.4371
vn 0.4778 -0.1500 -0.8656
vn 0.6121 -0.1845 -0.7689
vn -0.6644 0.3560 -0.6571
vn -0.7648 -0.2122 0.6083
vn -0.8772 -0.1989 -0.4371
vn -0.9813 -0.0197 -0.1914
vn -0.5031 0.7128 0.4886
vn -0.2172 0.9558 0.1980
vn 0.3361 0.8730 -0.3536
vn -0.4714 -0.1691 -0.8656
vn -0.6022 -0.5122 0.6124
vn 0.2411 -0.9448 -0.2220
vn 0.1914 0.0039 0.9815
vn 0.4406 -0.1724 0.8810
vn 0.8686 -0.1421 0.4747
vn 0.7728 -0.1813 0.6083
vn 0.6496 0.3824 -0.6571
vn -0.6042 -0.2090 -0.7689
vn 0.4406 -0.1724 -0.8810
vn 0.1914 0.0039 -0.9815
vn -0.5031 0.7128 -0.4886
vn -0.2172 0.9558 -0.1980
vn 0.3361 0.8730 0.3536
vn 0.8686 -0.1421 -0.4747
vn -0.6022 -0.5122 -0.6124
vn 0.2411 -0.9448 0.2220
vn -0.9813 -0.0197 0.1914
vn -0.8772 -0.1989 0.4371
vn -0.4714 -0.1691 0.8656
vn -0.6042 -0.2090 0.7689
vn 0.6496 0.3824 0.6571
vn 0.7727 -0.1813 -0.6083
vn -0.0351 0.9994 -0.0000
vn -0.1294 0.9644 -0.2306
vn -0.1294 0.9644 0.2306
vn 0.0615 0.9711 0.2306
vn 0.1964 0.9759 0.0955
vn 0.1965 0.9759 0.0955
vn -0.2644 0.9597 -0.0955
vn 0.1964 0.9759 -0.0955
vn 0.1965 0.9759 -0.0955
vn 0.0615 0.9711 -0.2306
vn -0.2644 0.9597 0.0955
vn -0.3805 -0.0572 0.9230
vn 0.3836 -0.0304 0.9230
vn -0.9209 -0.0762 -0.3823
vn 0.3836 -0.0304 -0.9230
vn 0.9240 -0.0115 -0.3823
vn 0.9240 -0.0115 0.3823
vn -0.3805 -0.0572 -0.9230
vn -0.9209 -0.0762 0.3823
vn 0.0351 -0.9994 -0.0000
vn -0.9251 -0.2138 0.3139
vn -0.8289 -0.0291 0.5587
vn -0.9994 -0.0351 -0.0000
vn -0.0254 0.7224 0.6910
vn -0.0337 0.9594 0.2800
vn -0.0304 0.8655 -0.5000
vn -0.9415 -0.1927 -0.2764
vn 0.0175 -0.4997 0.8660
vn 0.0304 -0.8655 0.5000
vn 0.0333 -0.9488 -0.3140
vn 0.9994 0.0351 -0.0000
vn 0.0304 -0.8655 -0.5000
vn 0.8289 0.0291 0.5587
vn 0.9378 -0.1484 0.3139
vn -0.0253 0.7224 0.6910
vn 0.9527 -0.1262 -0.2764
vn 0.9801 -0.1625 -0.1136
vn -0.0130 0.3690 -0.9293
vn -0.9663 -0.2308 -0.1136
vn 0.3200 -0.1701 0.9320
vn 0.5583 0.0196 0.8294
vn 0.6653 0.7466 -0.0000
vn 0.2461 0.9692 -0.0000
vn -0.5301 0.8480 -0.0000
vn -0.2706 -0.1692 0.9477
vn 0.8830 -0.4693 -0.0000
vn 0.5301 -0.8480 -0.0000
vn -0.2805 -0.9599 -0.0000
vn -0.4693 -0.8830 -0.0000
vn 0.5583 0.0196 -0.8294
vn 0.3201 -0.1701 -0.9320
vn -0.2706 -0.1692 -0.9477
vn -0.1066 -0.2007 -0.9738
vn -0.9417 0.3364 -0.0000
vn -0.1066 -0.2007 0.9738
vn 0.9378 -0.1484 -0.3139
vn 0.8289 0.0291 -0.5587
vn -0.0254 0.7224 -0.6910
vn -0.0337 0.9594 -0.2800
vn -0.0304 0.8655 0.5000
vn 0.9527 -0.1262 0.2764
vn 0.0175 -0.4997 -0.8660
vn 0.0333 -0.9488 0.3140
vn -0.8289 -0.0291 -0.5587
vn -0.9251 -0.2138 -0.3139
vn -0.9415 -0.1927 0.2764
vn -0.9663 -0.2308 0.1136
vn -0.0130 0.3690 0.9293
vn 0.9801 -0.1625 0.1136
vn -0.3073 -0.1921 -0.9320
vn -0.5583 -0.0196 -0.8294
vn -0.7160 0.6981 -0.0000
vn -0.3135 0.9496 -0.0000
vn 0.4693 0.8830 -0.0000
vn 0.2818 -0.1498 -0.9477
vn -0.8480 -0.5301 -0.0000
vn 0.3471 -0.9378 -0.0000
vn -0.5583 -0.0196 0.8294
vn -0.3073 -0.1921 0.9320
vn 0.2818 -0.1498 0.9477
vn 0.1204 -0.1927 0.9738
vn 0.9158 0.4016 -0.0000
vn 0.1204 -0.1927 -0.9738
vn 0.8868 -0.1502 0.4371
vn 0.9809 0.0344 0.1914
vn 0.7067 0.0248 0.7071
vn 0.4630 0.7395 -0.4886
vn 0.1642 0.9664 -0.1980
vn -0.3837 0.8531 0.3536
vn 0.4800 -0.1428 0.8656
vn 0.6295 -0.4782 -0.6124
vn 0.3837 -0.8531 -0.3536
vn -0.1886 -0.9566 0.2220
vn -0.7067 -0.0248 -0.7071
vn -0.3230 -0.8779 0.3536
vn -0.1913 -0.0067 -0.9815
vn -0.4305 -0.1964 -0.8810
vn -0.8594 -0.1898 -0.4747
vn -0.7616 -0.2236 -0.6083
vn -0.6697 0.3460 0.6571
vn 0.6148 -0.1753 0.7689
vn -0.4304 -0.1964 0.8810
vn -0.1913 -0.0067 0.9815
vn -0.7067 -0.0248 0.7071
vn 0.4630 0.7395 0.4886
vn 0.1642 0.9664 0.1980
vn -0.3837 0.8531 -0.3536
vn -0.8594 -0.1898 0.4747
vn 0.6295 -0.4782 0.6124
vn 0.3837 -0.8531 0.3536
vn -0.1886 -0.9566 -0.2220
vn 0.7067 0.0248 -0.7071
vn -0.3229 -0.8779 -0.3536
vn 0.9809 0.0344 -0.1914
vn -0.3230 -0.8779 -0.3536
vn 0.8868 -0.1502 -0.4371
vn 0.4800 -0.1428 -0.8656
vn 0.6148 -0.1753 -0.7689
vn -0.6697 0.3460 -0.6571
vn -0.7616 -0.2236 0.6083
vn -0.8741 -0.2120 -0.4371
vn -0.9809 -0.0344 -0.1914
vn -0.5137 0.7052 0.4886
vn -0.2315 0.9525 0.1980
vn 0.3230 0.8779 -0.3536
vn -0.4688 -0.1761 -0.8656
vn -0.5945 -0.5212 0.6124
vn 0.2552 -0.9411 -0.2220
vn 0.1913 0.0067 0.9815
vn 0.4432 -0.1658 0.8810
vn 0.8706 -0.1291 0.4747
vn 0.7754 -0.1697 0.6083
vn 0.6438 0.3921 -0.6571
vn -0.6010 -0.2180 -0.7689
vn 0.4432 -0.1658 -0.8810
vn 0.1913 0.0067 -0.9815
vn -0.5137 0.7052 -0.4886
vn -0.2315 0.9525 -0.1980
vn 0.3230 0.8779 0.3536
vn 0.8706 -0.1291 -0.4747
vn -0.5945 -0.5212 -0.6124
vn 0.2552 -0.9411 0.2220
vn -0.9809 -0.0344 0.1914
vn -0.8741 -0.2120 0.4371
vn -0.4688 -0.1761 0.8656
vn -0.6010 -0.2180 0.7689
vn 0.6438 0.3921 0.6571
vn 0.7754 -0.1697 -0.6083
vn -0.0000 0.9997 -0.0235
vn -0.0955 0.9627 -0.2532
vn -0.0955 0.9735 0.2078
vn 0.0955 0.9735 0.2078
vn 0.2306 0.9703 0.0727
vn -0.2306 0.9659 -0.1182
vn 0.2306 0.9659 -0.1182
vn 0.0955 0.9627 -0.2532
vn -0.2306 0.9703 0.0727
vn -0.3823 -0.0222 0.9238
vn 0.3823 -0.0222 0.9238
vn -0.9230 -0.0528 -0.3812
vn 0.3823 -0.0655 -0.9217
vn 0.9230 -0.0528 -0.3812
vn 0.9230 -0.0349 0.3832
vn -0.3823 -0.0655 -0.9217
vn -0.9230 -0.0349 0.3832
vn -0.0000 -0.9997 0.0235
vn -0.9320 -0.1738 0.3181
vn -0.8294 0.0131 0.5585
vn -1.0000 -0.0000 -0.0000
vn -0.0000 0.7388 0.6739
vn -0.0000 0.9663 0.2574
vn -0.0000 0.8541 -0.5202
vn -0.9477 -0.1660 -0.2726
vn -0.0000 -0.4795 0.8775
vn -0.0000 -0.8541 0.5202
vn -0.0000 -0.9565 -0.2916
vn 1.0000 -0.0000 -0.0000
vn -0.0000 -0.8775 -0.4795
vn 0.8294 0.0131 0.5585
vn 0.9320 -0.1738 0.3181
vn 0.9477 -0.1660 -0.2726
vn 0.9738 -0.1994 -0.1090
vn -0.0000 0.3474 -0.9377
vn -0.9738 -0.1994 -0.1090
vn 0.3139 -0.1593 0.9360
vn 0.5587 0.0195 0.8292
vn -0.0000 0.0235 0.9997
vn 0.6911 0.7226 -0.0170
vn 0.2800 0.9597 -0.0225
vn -0.5000 0.8658 -0.0203
vn -0.2764 -0.1373 0.9512
vn 0.8660 -0.4999 0.0117
vn 0.5000 -0.8658 0.0203
vn -0.3140 -0.9492 0.0223
vn -0.0000 -0.0235 -0.9997
vn -0.5000 -0.8658 0.0203
vn 0.5587 -0.0195 -0.8292
vn 0.3139 -0.2030 -0.9275
vn 0.6910 0.7226 -0.0170
vn -0.2764 -0.1818 -0.9437
vn -0.1136 -0.2196 -0.9690
vn -0.9293 0.3692 -0.0087
vn -0.1136 -0.1739 0.9782
vn 0.9320 -0.1885 -0.3095
vn 0.8294 -0.0131 -0.5585
vn -0.0000 0.7064 -0.7078
vn -0.0000 0.9532 -0.3024
vn -0.0000 0.8775 0.4795
vn 0.9477 -0.1531 0.2801
vn -0.0000 -0.5202 -0.8541
vn -0.0000 -0.9418 0.3362
vn -0.8294 -0.0131 -0.5585
vn -0.9320 -0.1885 -0.3095
vn -0.9477 -0.1531 0.2801
vn -0.9738 -0.1941 0.1182
vn -0.0000 0.3910 0.9204
vn 0.9738 -0.1941 0.1182
vn -0.3139 -0.2030 -0.9275
vn -0.5587 -0.0195 -0.8292
vn -0.6910 0.7226 -0.0170
vn -0.2800 0.9597 -0.0225
vn 0.5000 0.8658 -0.0203
vn 0.2764 -0.1818 -0.9437
vn -0.8660 -0.4999 0.0117
vn 0.3140 -0.9492 0.0223
vn -0.5587 0.0195 0.8292
vn -0.3139 -0.1593 0.9360
vn 0.2764 -0.1373 0.9512
vn 0.1136 -0.1739 0.9782
vn 0.9293 0.3692 -0.0087
vn 0.1136 -0.2196 -0.9690
vn 0.8810 -0.1709 0.4412
vn 0.9815 0.0045 0.1914
vn 0.7071 0.0166 0.7069
vn 0.4886 0.7111 -0.5055
vn 0.1980 0.9551 -0.2204
vn -0.3536 0.8741 0.3331
vn 0.4747 -0.1392 0.8691
vn 0.6124 -0.5142 -0.6005
vn 0.3536 -0.8741 -0.3331
vn -0.2220 -0.9440 0.2442
vn -0.7071 -0.0166 -0.7069
vn -0.3536 -0.8575 0.3738
vn -0.1914 -0.0230 -0.9812
vn -0.4371 -0.2018 -0.8765
vn -0.8656 -0.1707 -0.4708
vn -0.7689 -0.2110 -0.6035
vn -0.3535 -0.8575 0.3738
vn -0.6571 0.3846 0.6483
vn 0.6083 -0.1787 0.7734
vn -0.4371 -0.1605 0.8850
vn -0.1914 0.0230 0.9812
vn -0.7071 0.0166 0.7069
vn 0.4886 0.7341 0.4715
vn 0.1980 0.9644 0.1754
vn -0.3536 0.8575 -0.3738
vn -0.8656 -0.1484 0.4783
vn 0.6124 -0.4855 0.6239
vn 0.3536 -0.8575 0.3738
vn -0.2220 -0.9544 -0.1997
vn 0.7071 -0.0166 -0.7069
vn -0.3536 -0.8741 -0.3331
vn 0.9815 -0.0045 -0.1914
vn 0.8810 -0.1914 -0.4327
vn 0.4747 -0.1799 -0.8616
vn 0.6083 -0.2148 -0.7641
vn -0.6571 0.3537 -0.6656
vn -0.7689 -0.1825 0.6127
vn -0.8810 -0.1914 -0.4327
vn -0.9815 -0.0045 -0.1914
vn -0.4886 0.7341 0.4715
vn -0.1980 0.9644 0.1754
vn 0.3536 0.8575 -0.3738
vn -0.4747 -0.1799 -0.8616
vn -0.6124 -0.4855 0.6239
vn 0.2220 -0.9544 -0.1997
vn 0.1914 0.0230 0.9812
vn 0.4371 -0.1605 0.8850
vn 0.8656 -0.1484 0.4783
vn 0.7689 -0.1825 0.6127
vn 0.6571 0.3537 -0.6656
vn -0.6083 -0.2148 -0.7641
vn 0.4371 -0.2018 -0.8765
vn 0.1914 -0.0230 -0.9812
vn -0.4886 0.7111 -0.5055
vn -0.1980 0.9551 -0.2204
vn 0.3536 0.8741 0.3331
vn 0.8656 -0.1707 -0.4708
vn -0.6124 -0.5142 -0.6005
vn 0.2220 -0.9440 0.2442
vn -0.9815 0.0045 0.1914
vn -0.8810 -0.1709 0.4412
vn -0.4747 -0.1392 0.8691
vn -0.6083 -0.1787 0.7734
vn 0.3535 -0.8575 0.3738
vn 0.6571 0.3846 0.6483
vn 0.7689 -0.2110 -0.6035
vn -0.0000 0.9989 0.0460
vn -0.0955 0.9779 -0.1858
vn -0.0955 0.9567 0.2748
vn 0.0955 0.9567 0.2748
vn 0.2306 0.9629 0.1399
vn -0.2306 0.9717 -0.0509
vn 0.2306 0.9717 -0.0509
vn 0.0955 0.9779 -0.1858
vn -0.2306 0.9629 0.1399
vn -0.3823 -0.0863 0.9200
vn 0.3823 -0.0863 0.9200
vn -0.9230 -0.0262 -0.3839
vn 0.3823 -0.0014 -0.9240
vn 0.9230 -0.0262 -0.3839
vn 0.9230 -0.0614 0.3799
vn -0.3823 -0.0014 -0.9240
vn -0.9230 -0.0614 0.3799
vn -0.0000 -0.9989 -0.0460
vn -0.9320 -0.1955 0.3052
vn -0.8294 -0.0257 0.5581
vn -0.0000 0.6903 0.7236
vn -0.0000 0.9461 0.3238
vn -0.0000 0.8881 -0.4597
vn -0.9477 -0.1467 -0.2835
vn -0.0000 -0.5393 0.8421
vn -0.0000 -0.8881 0.4597
vn -0.0000 -0.9340 -0.3573
vn -0.0000 -0.8421 -0.5393
vn 0.8294 -0.0257 0.5581
vn 0.9320 -0.1955 0.3052
vn 0.9477 -0.1467 -0.2835
vn 0.9738 -0.1914 -0.1225
vn -0.0000 0.4116 -0.9114
vn -0.9738 -0.1914 -0.1225
vn 0.3139 -0.2239 0.9227
vn 0.5587 -0.0381 0.8285
vn -0.0000 -0.0460 0.9989
vn 0.6910 0.7220 0.0332
vn 0.2800 0.9590 0.0441
vn -0.5000 0.8651 0.0398
vn -0.2764 -0.2030 0.9394
vn 0.8660 -0.4995 -0.0230
vn 0.5000 -0.8651 -0.0398
vn -0.3140 -0.9484 -0.0437
vn -0.0000 0.0460 -0.9989
vn -0.5000 -0.8651 -0.0398
vn 0.5587 0.0381 -0.8285
vn 0.3139 -0.1382 -0.9394
vn -0.2764 -0.1158 -0.9540
vn -0.1136 -0.1518 -0.9819
vn -0.9293 0.3689 0.0170
vn -0.1136 -0.2414 0.9638
vn 0.9320 -0.1666 -0.3219
vn 0.8294 0.0257 -0.5581
vn -0.0000 0.7538 -0.6571
vn -0.0000 0.9719 -0.2355
vn -0.0000 0.8421 0.5393
vn 0.9477 -0.1721 0.2688
vn -0.0000 -0.4597 -0.8881
vn -0.0000 -0.9629 0.2700
vn -0.0000 -0.8881 0.4596
vn -0.8294 0.0257 -0.5581
vn -0.9320 -0.1666 -0.3219
vn -0.0000 -0.4596 -0.8881
vn -0.9477 -0.1721 0.2688
vn -0.9738 -0.2018 0.1044
vn -0.0000 0.3261 0.9453
vn 0.9738 -0.2018 0.1044
vn -0.3139 -0.1382 -0.9394
vn -0.5587 0.0381 -0.8285
vn -0.6910 0.7220 0.0332
vn -0.2800 0.9590 0.0441
vn 0.5000 0.8651 0.0398
vn 0.2764 -0.1158 -0.9540
vn -0.8660 -0.4995 -0.0230
vn 0.3140 -0.9484 -0.0437
vn -0.5587 -0.0381 0.8285
vn -0.3139 -0.2239 0.9227
vn 0.2764 -0.2030 0.9394
vn 0.1136 -0.2414 0.9638
vn 0.9293 0.3689 0.0170
vn 0.1136 -0.1518 -0.9819
vn 0.8810 -0.2011 0.4283
vn 0.9815 -0.0088 0.1912
vn 0.7071 -0.0325 0.7064
vn 0.4886 0.7445 -0.4549
vn 0.1980 0.9681 -0.1536
vn -0.3536 0.8489 0.3930
vn 0.4747 -0.1992 0.8573
vn 0.6124 -0.4713 -0.6347
vn 0.3536 -0.8489 -0.3930
vn -0.2220 -0.9586 0.1781
vn -0.7071 0.0325 -0.7064
vn -0.3536 -0.8814 0.3134
vn -0.1914 0.0451 -0.9805
vn -0.4371 -0.1405 -0.8884
vn -0.8656 -0.1376 -0.4815
vn -0.7689 -0.1686 -0.6167
vn -0.3535 -0.8814 0.3134
vn -0.6571 0.3387 0.6734
vn 0.6083 -0.2319 0.7591
vn -0.4371 -0.2215 0.8717
vn -0.1914 -0.0451 0.9805
vn -0.7071 -0.0325 0.7064
vn 0.4886 0.6996 0.5214
vn 0.1980 0.9499 0.2419
vn -0.3536 0.8814 -0.3134
vn -0.8656 -0.1812 0.4668
vn 0.6124 -0.5276 0.5887
vn 0.3536 -0.8814 0.3134
vn -0.2220 -0.9382 -0.2654
vn 0.7071 0.0325 -0.7064
vn -0.3535 -0.8489 -0.3930
vn 0.9815 0.0088 -0.1912
vn -0.3536 -0.8489 -0.3930
vn 0.8810 -0.1609 -0.4449
vn 0.4747 -0.1196 -0.8720
vn 0.6083 -0.1612 -0.7772
vn -0.6571 0.3991 -0.6395
vn -0.7689 -0.2245 0.5986
vn -0.8810 -0.1609 -0.4449
vn -0.9815 0.0088 -0.1912
vn -0.4886 0.6996 0.5214
vn -0.1980 0.9499 0.2419
vn 0.3536 0.8814 -0.3134
vn -0.4747 -0.1196 -0.8720
vn -0.6124 -0.5276 0.5887
vn 0.2220 -0.9382 -0.2654
vn 0.1914 -0.0451 0.9805
vn 0.4371 -0.2215 0.8717
vn 0.8656 -0.1812 0.4668
vn 0.7689 -0.2245 0.5986
vn 0.3535 -0.8489 -0.3930
vn 0.6571 0.3991 -0.6395
vn -0.6083 -0.1612 -0.7772
vn 0.4371 -0.1405 -0.8884
vn 0.1914 0.0451 -0.9805
vn -0.4886 0.7445 -0.4549
vn -0.1980 0.9681 -0.1536
vn 0.3536 0.8489 0.3930
vn 0.8656 -0.1376 -0.4815
vn -0.6124 -0.4713 -0.6347
vn 0.2220 -0.9586 0.1781
vn 0.3535 -0.8814 0.3134
vn -0.9815 -0.0088 0.1912
vn -0.8810 -0.2011 0.4283
vn -0.4747 -0.1992 0.8573
vn -0.6083 -0.2319 0.7591
vn 0.6571 0.3387 0.6734
vn 0.7689 -0.1686 -0.6167
vt 0.718750 0.075000
vt 0.718750 0.094346
vt 0.718750 0.155654
vt 0.718750 0.175000
vt 0.218750 0.475000
vt 0.218750 0.458254
vt 0.218750 0.275000
vt 0.218750 0.382377
vt 0.218750 0.439557
vt 0.218750 0.359172
vt 0.218750 0.385967
vt 0.218750 0.414230
vt 0.218750 0.367820
vt 0.218750 0.421410
vt 0.218750 0.288397
vt 0.218750 0.312049
vt 0.218750 0.289177
vt 0.218750 0.321331
vt 0.218750 0.310613
vt 0.218750 0.299308
vt 0.218750 0.317872
vt 0.218750 0.296436
vt 0.218750 0.355000
vt 0.218750 0.349641
s 0
usemtl 
f 1/1/1 2/2/1 4/1/1
f 1/1/2 3/1/2 2/2/2
f 4/1/3 6/2/3 5/1/3
f 6/2/1 4/1/1 2/2/1
f 7/2/3 5/1/3 6/2/3
f 6/2/4 8/3/4 7/2/4
f 6/2/5 2/2/5 8/3/5
f 8/3/6 9/4/6 11/3/6
f 8/3/7 10/3/7 9/4/7
f 10/3/5 8/3/5 2/2/5
f 11/3/4 7/2/4 8/3/4
f 12/3/8 14/2/8 11/3/8
f 11/3/9 13/4/9 12/3/9
f 13/4/6 11/3/6 9/4/6
f 7/2/8 11/3/8 14/2/8
f 14/2/10 15/1/10 7/2/10
f 14/2/11 16/2/11 15/1/11
f 16/2/12 14/2/12 17/3/12
f 12/3/12 17/3/12 14/2/12
f 18/4/13 17/3/13 21/4/13
f 18/4/14 19/4/14 17/3/14
f 20/3/14 17/3/14 19/4/14
f 17/3/15 20/3/15 16/2/15
f 12/3/13 21/4/13 17/3/13
f 21/4/9 12/3/9 13/4/9
f 20/3/16 19/4/16 22/3/16
f 22/3/17 24/2/17 20/3/17
f 23/2/15 16/2/15 20/3/15
f 23/2/17 20/3/17 24/2/17
f 24/2/18 25/1/18 23/2/18
f 25/1/19 24/2/19 3/1/19
f 26/2/19 3/1/19 24/2/19
f 24/2/20 22/3/20 26/2/20
f 26/2/2 2/2/2 3/1/2
f 2/2/21 26/2/21 10/3/21
f 27/3/20 26/2/20 22/3/20
f 27/3/21 10/3/21 26/2/21
f 22/3/22 28/4/22 27/3/22
f 29/4/22 27/3/22 28/4/22
f 29/4/23 30/4/23 27/3/23
f 10/3/23 27/3/23 30/4/23
f 30/4/7 9/4/7 10/3/7
f 28/4/16 22/3/16 19/4/16
f 31/1/18 23/2/18 25/1/18
f 31/1/24 32/1/24 23/2/24
f 32/1/11 15/1/11 16/2/11
f 16/2/24 23/2/24 32/1/24
f 5/1/10 7/2/10 15/1/10
f 33/1/25 34/2/25 36/1/25
f 33/1/26 35/1/26 34/2/26
f 36/1/27 38/2/27 37/1/27
f 38/2/25 36/1/25 34/2/25
f 39/2/27 37/1/27 38/2/27
f 38/2/28 40/3/28 39/2/28
f 38/2/29 34/2/29 40/3/29
f 40/3/30 41/4/30 43/3/30
f 40/3/31 42/3/31 41/4/31
f 42/3/29 40/3/29 34/2/29
f 43/3/28 39/2/28 40/3/28
f 44/3/32 46/2/32 43/3/32
f 43/3/33 45/4/33 44/3/33
f 45/4/30 43/3/30 41/4/30
f 39/2/32 43/3/32 46/2/32
f 46/2/34 47/1/34 39/2/34
f 46/2/35 48/2/35 47/1/35
f 48/2/36 46/2/36 49/3/36
f 44/3/36 49/3/36 46/2/36
f 50/4/37 49/3/37 53/4/37
f 50/4/38 51/4/38 49/3/38
f 52/3/38 49/3/38 51/4/38
f 49/3/39 52/3/39 48/2/39
f 44/3/37 53/4/37 49/3/37
f 53/4/33 44/3/33 45/4/33
f 52/3/40 51/4/40 54/3/40
f 54/3/41 56/2/41 52/3/41
f 55/2/39 48/2/39 52/3/39
f 55/2/41 52/3/41 56/2/41
f 56/2/42 57/1/42 55/2/42
f 57/1/43 56/2/43 35/1/43
f 58/2/43 35/1/43 56/2/43
f 56/2/44 54/3/44 58/2/44
f 58/2/26 34/2/26 35/1/26
f 34/2/45 58/2/45 42/3/45
f 59/3/44 58/2/44 54/3/44
f 59/3/45 42/3/45 58/2/45
f 54/3/46 60/4/46 59/3/46
f 61/4/46 59/3/46 60/4/46
f 61/4/47 62/4/47 59/3/47
f 42/3/47 59/3/47 62/4/47
f 62/4/31 41/4/31 42/3/31
f 60/4/40 54/3/40 51/4/40
f 63/1/42 55/2/42 57/1/42
f 63/1/48 64/1/48 55/2/48
f 64/1/35 47/1/35 48/2/35
f 48/2/48 55/2/48 64/1/48
f 37/1/34 39/2/34 47/1/34
f 65/1/49 66/2/49 68/1/49
f 65/1/50 67/1/50 66/2/50
f 68/1/51 70/2/51 69/1/51
f 70/2/49 68/1/49 66/2/49
f 71/2/51 69/1/51 70/2/51
f 70/2/52 72/3/52 71/2/52
f 70/2/53 66/2/53 72/3/53
f 72/3/54 73/4/54 75/3/54
f 72/3/55 74/3/55 73/4/55
f 74/3/53 72/3/53 66/2/53
f 75/3/52 71/2/52 72/3/52
f 76/3/56 78/2/56 75/3/56
f 75/3/57 77/4/57 76/3/57
f 77/4/54 75/3/54 73/4/54
f 71/2/56 75/3/56 78/2/56
f 78/2/58 79/1/58 71/2/58
f 78/2/59 80/2/59 79/1/59
f 80/2/60 78/2/60 81/3/60
f 76/3/60 81/3/60 78/2/60
f 82/4/61 81/3/61 85/4/61
f 82/4/62 83/4/62 81/3/62
f 84/3/62 81/3/62 83/4/62
f 81/3/63 84/3/63 80/2/63
f 76/3/61 85/4/61 81/3/61
f 85/4/57 76/3/57 77/4/57
f 84/3/64 83/4/64 86/3/64
f 86/3/65 88/2/65 84/3/65
f 87/2/63 80/2/63 84/3/63
f 87/2/65 84/3/65 88/2/65
f 88/2/66 89/1/66 87/2/66
f 89/1/67 88/2/67 67/1/67
f 90/2/67 67/1/67 88/2/67
f 88/2/68 86/3/68 90/2/68
f 90/2/50 66/2/50 67/1/50
f 66/2/69 90/2/69 74/3/69
f 91/3/68 90/2/68 86/3/68
f 91/3/69 74/3/69 90/2/69
f 86/3/70 92/4/70 91/3/70
f 93/4/70 91/3/70 92/4/70
f 93/4/71 94/4/71 91/3/71
f 74/3/71 91/3/71 94/4/71
f 94/4/55 73/4/55 74/3/55
f 92/4/64 86/3/64 83/4/64
f 95/1/66 87/2/66 89/1/66
f 95/1/72 96/1/72 87/2/72
f 96/1/59 79/1/59 80/2/59
f 80/2/72 87/2/72 96/1/72
f 69/1/58 71/2/58 79/1/58
f 97/1/73 98/2/73 100/1/73
f 97/1/74 99/1/74 98/2/74
f 100/1/75 102/2/75 101/1/75
f 102/2/73 100/1/73 98/2/73
f 103/2/75 101/1/75 102/2/75
f 102/2/76 104/3/76 103/2/76
f 102/2/77 98/2/77 104/3/77
f 104/3/78 105/4/78 107/3/78
f 104/3/79 106/3/79 105/4/79
f 106/3/77 104/3/77 98/2/77
f 107/3/76 103/2/76 104/3/76
f 108/3/80 110/2/80 107/3/80
f 107/3/81 109/4/81 108/3/81
f 109/4/78 107/3/78 105/4/78
f 103/2/80 107/3/80 110/2/80
f 110/2/82 111/1/82 103/2/82
f 110/2/83 112/2/83 111/1/83
f 112/2/84 110/2/84 113/3/84
f 108/3/84 113/3/84 110/2/84
f 114/4/85 113/3/85 117/4/85
f 114/4/86 115/4/86 113/3/86
f 116/3/86 113/3/86 115/4/86
f 113/3/87 116/3/87 112/2/87
f 108/3/85 117/4/85 113/3/85
f 117/4/81 108/3/81 109/4/81
f 116/3/88 115/4/88 118/3/88
f 118/3/89 120/2/89 116/3/89
f 119/2/87 112/2/87 116/3/87
f 119/2/89 116/3/89 120/2/89
f 120/2/90 121/1/90 119/2/90
f 121/1/91 120/2/91 99/1/91
f 122/2/91 99/1/91 120/2/91
f 120/2/92 118/3/92 122/2/92
f 122/2/74 98/2/74 99/1/74
f 98/2/93 122/2/93 106/3/93
f 123/3/92 122/2/92 118/3/92
f 123/3/93 106/3/93 122/2/93
f 118/3/94 124/4/94 123/3/94
f 125/4/94 123/3/94 124/4/94
f 125/4/95 126/4/95 123/3/95
f 106/3/95 123/3/95 126/4/95
f 126/4/79 105/4/79 106/3/79
f 124/4/88 118/3/88 115/4/88
f 127/1/90 119/2/90 121/1/90
f 127/1/96 128/1/96 119/2/96
f 128/1/83 111/1/83 112/2/83
f 112/2/96 119/2/96 128/1/96
f 101/1/82 103/2/82 111/1/82
f 129/1/97 130/2/97 132/1/97
f 129/1/98 131/1/98 130/2/98
f 132/1/99 134/2/99 133/1/99
f 134/2/97 132/1/97 130/2/97
f 135/2/99 133/1/99 134/2/99
f 134/2/100 136/3/100 135/2/100
f 134/2/101 130/2/101 136/3/101
f 136/3/102 137/4/102 139/3/102
f 136/3/103 138/3/103 137/4/103
f 138/3/101 136/3/101 130/2/101
f 139/3/100 135/2/100 136/3/100
f 140/3/104 142/2/104 139/3/104
f 139/3/105 141/4/105 140/3/105
f 141/4/102 139/3/102 137/4/102
f 135/2/104 139/3/104 142/2/104
f 142/2/106 143/1/106 135/2/106
f 142/2/107 144/2/107 143/1/107
f 144/2/108 142/2/108 145/3/108
f 140/3/108 145/3/108 142/2/108
f 146/4/109 145/3/109 149/4/109
f 146/4/110 147/4/110 145/3/110
f 148/3/110 145/3/110 147/4/110
f 145/3/111 148/3/111 144/2/111
f 140/3/109 149/4/109 145/3/109
f 149/4/105 140/3/105 141/4/105
f 148/3/112 147/4/112 150/3/112
f 150/3/113 152/2/113 148/3/113
f 151/2/111 144/2/111 148/3/111
f 151/2/113 148/3/113 152/2/113
f 152/2/114 153/1/114 151/2/114
f 153/1/115 152/2/115 131/1/115
f 154/2/115 131/1/115 152/2/115
f 152/2/116 150/3/116 154/2/116
f 154/2/98 130/2/98 131/1/98
f 130/2/117 154/2/117 138/3/117
f 155/3/116 154/2/116 150/3/116
f 155/3/117 138/3/117 154/2/117
f 150/3/118 156/4/118 155/3/118
f 157/4/118 155/3/118 156/4/118
f 157/4/119 158/4/119 155/3/119
f 138/3/119 155/3/119 158/4/119
f 158/4/103 137/4/103 138/3/103
f 156/4/112 150/3/112 147/4/112
f 159/1/114 151/2/114 153/1/114
f 159/1/120 160/1/120 151/2/120
f 160/1/107 143/1/107 144/2/107
f 144/2/120 151/2/120 160/1/120
f 133/1/106 135/2/106 143/1/106
f 161/1/121 162/2/121 164/1/121
f 161/1/122 163/1/122 162/2/122
f 164/1/123 166/2/123 165/1/123
f 166/2/121 164/1/121 162/2/121
f 167/2/123 165/1/123 166/2/123
f 166/2/124 168/3/124 167/2/124
f 166/2/125 162/2/125 168/3/125
f 168/3/126 169/4/126 171/3/126
f 168/3/127 170/3/127 169/4/127
f 170/3/125 168/3/125 162/2/125
f 171/3/124 167/2/124 168/3/124
f 172/3/128 174/2/128 171/3/128
f 171/3/129 173/4/129 172/3/129
f 173/4/126 171/3/126 169/4/126
f 167/2/128 171/3/128 174/2/128
f 174/2/130 175/1/130 167/2/130
f 174/2/131 176/2/131 175/1/131
f 176/2/132 174/2/132 177/3/132
f 172/3/132 177/3/132 174/2/132
f 178/4/133 177/3/133 181/4/133
f 178/4/134 179/4/134 177/3/134
f 180/3/134 177/3/134 179/4/134
f 177/3/135 180/3/135 176/2/135
f 172/3/133 181/4/133 177/3/133
f 181/4/129 172/3/129 173/4/129
f 180/3/136 179/4/136 182/3/136
f 182/3/137 184/2/137 180/3/137
f 183/2/135 176/2/135 180/3/135
f 183/2/137 180/3/137 184/2/137
f 184/2/138 185/1/138 183/2/138
f 185/1/139 184/2/139 163/1/139
f 186/2/139 163/1/139 184/2/139
f 184/2/140 182/3/140 186/2/140
f 186/2/122 162/2/122 163/1/122
f 162/2/141 186/2/141 170/3/141
f 187/3/140 186/2/140 182/3/140
f 187/3/141 170/3/141 186/2/141
f 182/3/142 188/4/142 187/3/142
f 189/4/142 187/3/142 188/4/142
f 189/4/143 190/4/143 187/3/143
f 170/3/143 187/3/143 190/4/143
f 190/4/127 169/4/127 170/3/127
f 188/4/136 182/3/136 179/4/136
f 191/1/138 183/2/138 185/1/138
f 191/1/144 192/1/144 183/2/144
f 192/1/131 175/1/131 176/2/131
f 176/2/144 183/2/144 192/1/144
f 165/1/130 167/2/130 175/1/130
f 193/1/145 194/2/145 196/1/145
f 193/1/146 195/1/146 194/2/146
f 196/1/147 198/2/147 197/1/147
f 198/2/145 196/1/145 194/2/145
f 199/2/147 197/1/147 198/2/147
f 198/2/148 200/3/148 199/2/148
f 198/2/149 194/2/149 200/3/149
f 200/3/150 201/4/150 203/3/150
f 200/3/151 202/3/151 201/4/151
f 202/3/149 200/3/149 194/2/149
f 203/3/148 199/2/148 200/3/148
f 204/3/152 206/2/152 203/3/152
f 203/3/153 205/4/153 204/3/153
f 205/4/150 203/3/150 201/4/150
f 199/2/152 203/3/152 206/2/152
f 206/2/154 207/1/154 199/2/154
f 206/2/155 208/2/155 207/1/155
f 208/2/156 206/2/156 209/3/156
f 204/3/156 209/3/156 206/2/156
f 210/4/157 209/3/157 213/4/157
f 210/4/158 211/4/158 209/3/158
f 212/3/158 209/3/158 211/4/158
f 209/3/159 212/3/159 208/2/159
f 204/3/157 213/4/157 209/3/157
f 213/4/153 204/3/153 205/4/153
f 212/3/160 211/4/160 214/3/160
f 214/3/161 216/2/161 212/3/161
f 215/2/159 208/2/159 212/3/159
f 215/2/161 212/3/161 216/2/161
f 216/2/162 217/1/162 215/2/162
f 217/1/163 216/2/163 195/1/163
f 218/2/163 195/1/163 216/2/163
f 216/2/164 214/3/164 218/2/164
f 218/2/146 194/2/146 195/1/146
f 194/2/165 218/2/165 202/3/165
f 219/3/164 218/2/164 214/3/164
f 219/3/165 202/3/165 218/2/165
f 214/3/166 220/4/166 219/3/166
f 221/4/166 219/3/166 220/4/166
f 221/4/167 222/4/167 219/3/167
f 202/3/167 219/3/167 222/4/167
f 222/4/151 201/4/151 202/3/151
f 220/4/160 214/3/160 211/4/160
f 223/1/162 215/2/162 217/1/162
f 223/1/168 224/1/168 215/2/168
f 224/1/155 207/1/155 208/2/155
f 208/2/168 215/2/168 224/1/168
f 197/1/154 199/2/154 207/1/154
f 225/1/169 226/2/169 228/1/169
f 225/1/170 227/1/170 226/2/170
f 228/1/171 230/2/171 229/1/171
f 230/2/172 228/1/172 226/2/172
f 231/2/171 229/1/171 230/2/171
f 230/2/173 232/3/173 231/2/173
f 230/2/174 226/2/174 232/3/174
f 232/3/175 233/4/175 235/3/175
f 232/3/176 234/3/176 233/4/176
f 234/3/174 232/3/174 226/2/174
f 235/3/173 231/2/173 232/3/173
f 236/3/177 238/2/177 235/3/177
f 235/3/178 237/4/178 236/3/178
f 237/4/175 235/3/175 233/4/175
f 231/2/177 235/3/177 238/2/177
f 238/2/179 239/1/179 231/2/179
f 238/2/180 240/2/180 239/1/180
f 240/2/181 238/2/181 241/3/181
f 236/3/181 241/3/181 238/2/181
f 242/4/182 241/3/182 245/4/182
f 242/4/183 243/4/183 241/3/183
f 244/3/184 241/3/184 243/4/184
f 241/3/185 244/3/185 240/2/185
f 236/3/186 245/4/186 241/3/186
f 245/4/178 236/3/178 237/4/178
f 244/3/187 243/4/187 246/3/187
f 246/3/188 248/2/188 244/3/188
f 247/2/185 240/2/185 244/3/185
f 247/2/188 244/3/188 248/2/188
f 248/2/189 249/1/189 247/2/189
f 249/1/190 248/2/190 227/1/190
f 250/2/190 227/1/190 248/2/190
f 248/2/191 246/3/191 250/2/191
f 250/2/192 226/2/192 227/1/192
f 226/2/193 250/2/193 234/3/193
f 251/3/191 250/2/191 246/3/191
f 251/3/193 234/3/193 250/2/193
f 246/3/194 252/4/194 251/3/194
f 253/4/194 251/3/194 252/4/194
f 253/4/195 254/4/195 251/3/195
f 234/3/195 251/3/195 254/4/195
f 254/4/176 233/4/176 234/3/176
f 252/4/187 246/3/187 243/4/187
f 255/1/189 247/2/189 249/1/189
f 255/1/196 256/1/196 247/2/196
f 256/1/180 239/1/180 240/2/180
f 240/2/196 247/2/196 256/1/196
f 229/1/179 231/2/179 239/1/179
f 257/1/197 258/2/197 260/1/197
f 257/1/198 259/1/198 258/2/198
f 260/1/199 262/2/199 261/1/199
f 262/2/197 260/1/197 258/2/197
f 263/2/199 261/1/199 262/2/199
f 262/2/200 264/3/200 263/2/200
f 262/2/201 258/2/201 264/3/201
f 264/3/202 265/4/202 267/3/202
f 264/3/203 266/3/203 265/4/203
f 266/3/201 264/3/201 258/2/201
f 267/3/200 263/2/200 264/3/200
f 268/3/204 270/2/204 267/3/204
f 267/3/205 269/4/205 268/3/205
f 269/4/202 267/3/202 265/4/202
f 263/2/204 267/3/204 270/2/204
f 270/2/206 271/1/206 263/2/206
f 270/2/207 272/2/207 271/1/207
f 272/2/208 270/2/208 273/3/208
f 268/3/208 273/3/208 270/2/208
f 274/4/209 273/3/209 277/4/209
f 274/4/210 275/4/210 273/3/210
f 276/3/210 273/3/210 275/4/210
f 273/3/211 276/3/211 272/2/211
f 268/3/209 277/4/209 273/3/209
f 277/4/205 268/3/205 269/4/205
f 276/3/212 275/4/212 278/3/212
f 278/3/213 280/2/213 276/3/213
f 279/2/211 272/2/211 276/3/211
f 279/2/213 276/3/213 280/2/213
f 280/2/214 281/1/214 279/2/214
f 281/1/215 280/2/215 259/1/215
f 282/2/215 259/1/215 280/2/215
f 280/2/216 278/3/216 282/2/216
f 282/2/198 258/2/198 259/1/198
f 258/2/217 282/2/217 266/3/217
f 283/3/216 282/2/216 278/3/216
f 283/3/217 266/3/217 282/2/217
f 278/3/218 284/4/218 283/3/218
f 285/4/218 283/3/218 284/4/218
f 285/4/219 286/4/219 283/3/219
f 266/3/219 283/3/219 286/4/219
f 286/4/203 265/4/203 266/3/203
f 284/4/212 278/3/212 275/4/212
f 287/1/214 279/2/214 281/1/214
f 287/1/220 288/1/220 279/2/220
f 288/1/207 271/1/207 272/2/207
f 272/2/220 279/2/220 288/1/220
f 261/1/206 263/2/206 271/1/206
f 289/1/221 290/2/221 292/1/221
f 289/1/222 291/1/222 290/2/222
f 292/1/223 294/2/223 293/1/223
f 294/2/221 292/1/221 290/2/221
f 295/2/224 293/1/224 294/2/224
f 294/2/225 296/3/225 295/2/225
f 294/2/226 290/2/226 296/3/226
f 296/3/227 297/4/227 299/3/227
f 296/3/228 298/3/228 297/4/228
f 298/3/226 296/3/226 290/2/226
f 299/3/225 295/2/225 296/3/225
f 300/3/229 302/2/229 299/3/229
f 299/3/230 301/4/230 300/3/230
f 301/4/227 299/3/227 297/4/227
f 295/2/229 299/3/229 302/2/229
f 302/2/231 303/1/231 295/2/231
f 302/2/232 304/2/232 303/1/232
f 304/2/233 302/2/233 305/3/233
f 300/3/233 305/3/233 302/2/233
f 306/4/234 305/3/234 309/4/234
f 306/4/235 307/4/235 305/3/235
f 308/3/235 305/3/235 307/4/235
f 305/3/236 308/3/236 304/2/236
f 300/3/234 309/4/234 305/3/234
f 309/4/237 300/3/237 301/4/237
f 308/3/238 307/4/238 310/3/238
f 310/3/239 312/2/239 308/3/239
f 311/2/236 304/2/236 308/3/236
f 311/2/239 308/3/239 312/2/239
f 312/2/240 313/1/240 311/2/240
f 313/1/241 312/2/241 291/1/241
f 314/2/242 291/1/242 312/2/242
f 312/2/243 310/3/243 314/2/243
f 314/2/222 290/2/222 291/1/222
f 290/2/244 314/2/244 298/3/244
f 315/3/243 314/2/243 310/3/243
f 315/3/244 298/3/244 314/2/244
f 310/3/245 316/4/245 315/3/245
f 317/4/245 315/3/245 316/4/245
f 317/4/246 318/4/246 315/3/246
f 298/3/246 315/3/246 318/4/246
f 318/4/228 297/4/228 298/3/228
f 316/4/247 310/3/247 307/4/247
f 319/1/240 311/2/240 313/1/240
f 319/1/248 320/1/248 311/2/248
f 320/1/232 303/1/232 304/2/232
f 304/2/248 311/2/248 320/1/248
f 293/1/231 295/2/231 303/1/231
f 321/1/249 322/2/249 324/1/249
f 321/1/250 323/1/250 322/2/250
f 324/1/251 326/2/251 325/1/251
f 326/2/249 324/1/249 322/2/249
f 327/2/251 325/1/251 326/2/251
f 326/2/252 328/3/252 327/2/252
f 326/2/253 322/2/253 328/3/253
f 328/3/254 329/4/254 331/3/254
f 328/3/255 330/3/255 329/4/255
f 330/3/253 328/3/253 322/2/253
f 331/3/252 327/2/252 328/3/252
f 332/3/256 334/2/256 331/3/256
f 331/3/257 333/4/257 332/3/257
f 333/4/254 331/3/254 329/4/254
f 327/2/256 331/3/256 334/2/256
f 334/2/258 335/1/258 327/2/258
f 334/2/259 336/2/259 335/1/259
f 336/2/260 334/2/260 337/3/260
f 332/3/260 337/3/260 334/2/260
f 338/4/261 337/3/261 341/4/261
f 338/4/262 339/4/262 337/3/262
f 340/3/262 337/3/262 339/4/262
f 337/3/263 340/3/263 336/2/263
f 332/3/261 341/4/261 337/3/261
f 341/4/257 332/3/257 333/4/257
f 340/3/264 339/4/264 342/3/264
f 342/3/265 344/2/265 340/3/265
f 343/2/263 336/2/263 340/3/263
f 343/2/265 340/3/265 344/2/265
f 344/2/266 345/1/266 343/2/266
f 345/1/267 344/2/267 323/1/267
f 346/2/267 323/1/267 344/2/267
f 344/2/268 342/3/268 346/2/268
f 346/2/250 322/2/250 323/1/250
f 322/2/269 346/2/269 330/3/269
f 347/3/268 346/2/268 342/3/268
f 347/3/269 330/3/269 346/2/269
f 342/3/270 348/4/270 347/3/270
f 349/4/270 347/3/270 348/4/270
f 349/4/271 350/4/271 347/3/271
f 330/3/271 347/3/271 350/4/271
f 350/4/255 329/4/255 330/3/255
f 348/4/264 342/3/264 339/4/264
f 351/1/266 343/2/266 345/1/266
f 351/1/272 352/1/272 343/2/272
f 352/1/259 335/1/259 336/2/259
f 336/2/272 343/2/272 352/1/272
f 325/1/258 327/2/258 335/1/258
f 353/1/273 354/2/273 356/1/273
f 353/1/274 355/1/274 354/2/274
f 356/1/275 358/2/275 357/1/275
f 358/2/273 356/1/273 354/2/273
f 359/2/275 357/1/275 358/2/275
f 358/2/276 360/3/276 359/2/276
f 358/2/277 354/2/277 360/3/277
f 360/3/278 361/4/278 363/3/278
f 360/3/279 362/3/279 361/4/279
f 362/3/277 360/3/277 354/2/277
f 363/3/276 359/2/276 360/3/276
f 364/3/280 366/2/280 363/3/280
f 363/3/281 365/4/281 364/3/281
f 365/4/278 363/3/278 361/4/278
f 359/2/280 363/3/280 366/2/280
f 366/2/282 367/1/282 359/2/282
f 366/2/283 368/2/283 367/1/283
f 368/2/284 366/2/284 369/3/284
f 364/3/284 369/3/284 366/2/284
f 370/4/285 369/3/285 373/4/285
f 370/4/286 371/4/286 369/3/286
f 372/3/286 369/3/286 371/4/286
f 369/3/287 372/3/287 368/2/287
f 364/3/285 373/4/285 369/3/285
f 373/4/281 364/3/281 365/4/281
f 372/3/288 371/4/288 374/3/288
f 374/3/289 376/2/289 372/3/289
f 375/2/287 368/2/287 372/3/287
f 375/2/289 372/3/289 376/2/289
f 376/2/290 377/1/290 375/2/290
f 377/1/291 376/2/291 355/1/291
f 378/2/291 355/1/291 376/2/291
f 376/2/292 374/3/292 378/2/292
f 378/2/274 354/2/274 355/1/274
f 354/2/293 378/2/293 362/3/293
f 379/3/292 378/2/292 374/3/292
f 379/3/293 362/3/293 378/2/293
f 374/3/294 380/4/294 379/3/294
f 381/4/294 379/3/294 380/4/294
f 381/4/295 382/4/295 379/3/295
f 362/3/295 379/3/295 382/4/295
f 382/4/279 361/4/279 362/3/279
f 380/4/288 374/3/288 371/4/288
f 383/1/290 375/2/290 377/1/290
f 383/1/296 384/1/296 375/2/296
f 384/1/283 367/1/283 368/2/283
f 368/2/296 375/2/296 384/1/296
f 357/1/282 359/2/282 367/1/282
f 385/1/297 386/2/297 388/1/297
f 385/1/298 387/1/298 386/2/298
f 388/1/299 390/2/299 389/1/299
f 390/2/297 388/1/297 386/2/297
f 391/2/299 389/1/299 390/2/299
f 390/2/300 392/3/300 391/2/300
f 390/2/301 386/2/301 392/3/301
f 392/3/302 393/4/302 395/3/302
f 392/3/303 394/3/303 393/4/303
f 394/3/301 392/3/301 386/2/301
f 395/3/300 391/2/300 392/3/300
f 396/3/304 398/2/304 395/3/304
f 395/3/305 397/4/305 396/3/305
f 397/4/302 395/3/302 393/4/302
f 391/2/304 395/3/304 398/2/304
f 398/2/306 399/1/306 391/2/306
f 398/2/307 400/2/307 399/1/307
f 400/2/308 398/2/308 401/3/308
f 396/3/308 401/3/308 398/2/308
f 402/4/309 401/3/309 405/4/309
f 402/4/310 403/4/310 401/3/310
f 404/3/310 401/3/310 403/4/310
f 401/3/311 404/3/311 400/2/311
f 396/3/309 405/4/309 401/3/309
f 405/4/305 396/3/305 397/4/305
f 404/3/312 403/4/312 406/3/312
f 406/3/313 408/2/313 404/3/313
f 407/2/311 400/2/311 404/3/311
f 407/2/313 404/3/313 408/2/313
f 408/2/314 409/1/314 407/2/314
f 409/1/315 408/2/315 387/1/315
f 410/2/315 387/1/315 408/2/315
f 408/2/316 406/3/316 410/2/316
f 410/2/298 386/2/298 387/1/298
f 386/2/317 410/2/317 394/3/317
f 411/3/316 410/2/316 406/3/316
f 411/3/317 394/3/317 410/2/317
f 406/3/318 412/4/318 411/3/318
f 413/4/318 411/3/318 412/4/318
f 413/4/319 414/4/319 411/3/319
f 394/3/319 411/3/319 414/4/319
f 414/4/303 393/4/303 394/3/303
f 412/4/312 406/3/312 403/4/312
f 415/1/314 407/2/314 409/1/314
f 415/1/320 416/1/320 407/2/320
f 416/1/307 399/1/307 400/2/307
f 400/2/320 407/2/320 416/1/320
f 389/1/306 391/2/306 399/1/306
f 417/1/321 418/2/321 420/1/321
f 417/1/322 419/1/322 418/2/322
f 420/1/323 422/2/323 421/1/323
f 422/2/321 420/1/321 418/2/321
f 423/2/323 421/1/323 422/2/323
f 422/2/324 424/3/324 423/2/324
f 422/2/325 418/2/325 424/3/325
f 424/3/326 425/4/326 427/3/326
f 424/3/327 426/3/327 425/4/327
f 426/3/325 424/3/325 418/2/325
f 427/3/324 423/2/324 424/3/324
f 428/3/328 430/2/328 427/3/328
f 427/3/329 429/4/329 428/3/329
f 429/4/326 427/3/326 425/4/326
f 423/2/328 427/3/328 430/2/328
f 430/2/330 431/1/330 423/2/330
f 430/2/331 432/2/331 431/1/331
f 432/2/332 430/2/332 433/3/332
f 428/3/332 433/3/332 430/2/332
f 434/4/333 433/3/333 437/4/333
f 434/4/334 435/4/334 433/3/334
f 436/3/334 433/3/334 435/4/334
f 433/3/335 436/3/335 432/2/335
f 428/3/333 437/4/333 433/3/333
f 437/4/329 428/3/329 429/4/329
f 436/3/336 435/4/336 438/3/336
f 438/3/337 440/2/337 436/3/337
f 439/2/335 432/2/335 436/3/335
f 439/2/337 436/3/337 440/2/337
f 440/2/338 441/1/338 439/2/338
f 441/1/339 440/2/339 419/1/339
f 442/2/339 419/1/339 440/2/339
f 440/2/340 438/3/340 442/2/340
f 442/2/322 418/2/322 419/1/322
f 418/2/341 442/2/341 426/3/341
f 443/3/340 442/2/340 438/3/340
f 443/3/341 426/3/341 442/2/341
f 438/3/342 444/4/342 443/3/342
f 445/4/342 443/3/342 444/4/342
f 445/4/343 446/4/343 443/3/343
f 426/3/343 443/3/343 446/4/343
f 446/4/327 425/4/327 426/3/327
f 444/4/336 438/3/336 435/4/336
f 447/1/338 439/2/338 441/1/338
f 447/1/344 448/1/344 439/2/344
f 448/1/331 431/1/331 432/2/331
f 432/2/344 439/2/344 448/1/344
f 421/1/330 423/2/330 431/1/330
f 449/1/345 450/2/345 452/1/345
f 449/1/346 451/1/346 450/2/346
f 452/1/347 454/2/347 453/1/347
f 454/2/345 452/1/345 450/2/345
f 455/2/347 453/1/347 454/2/347
f 454/2/348 456/3/348 455/2/348
f 454/2/349 450/2/349 456/3/349
f 456/3/350 457/4/350 459/3/350
f 456/3/351 458/3/351 457/4/351
f 458/3/349 456/3/349 450/2/349
f 459/3/348 455/2/348 456/3/348
f 460/3/352 462/2/352 459/3/352
f 459/3/353 461/4/353 460/3/353
f 461/4/350 459/3/350 457/4/350
f 455/2/352 459/3/352 462/2/352
f 462/2/354 463/1/354 455/2/354
f 462/2/355 464/2/355 463/1/355
f 464/2/356 462/2/356 465/3/356
f 460/3/356 465/3/356 462/2/356
f 466/4/357 465/3/357 469/4/357
f 466/4/358 467/4/358 465/3/358
f 468/3/358 465/3/358 467/4/358
f 465/3/359 468/3/359 464/2/359
f 460/3/357 469/4/357 465/3/357
f 469/4/353 460/3/353 461/4/353
f 468/3/360 467/4/360 470/3/360
f 470/3/361 472/2/361 468/3/361
f 471/2/359 464/2/359 468/3/359
f 471/2/361 468/3/361 472/2/361
f 472/2/362 473/1/362 471/2/362
f 473/1/363 472/2/363 451/1/363
f 474/2/363 451/1/363 472/2/363
f 472/2/364 470/3/364 474/2/364
f 474/2/346 450/2/346 451/1/346
f 450/2/365 474/2/365 458/3/365
f 475/3/364 474/2/364 470/3/364
f 475/3/365 458/3/365 474/2/365
f 470/3/366 476/4/366 475/3/366
f 477/4/366 475/3/366 476/4/366
f 477/4/367 478/4/367 475/3/367
f 458/3/367 475/3/367 478/4/367
f 478/4/351 457/4/351 458/3/351
f 476/4/360 470/3/360 467/4/360
f 479/1/362 471/2/362 473/1/362
f 479/1/368 480/1/368 471/2/368
f 480/1/355 463/1/355 464/2/355
f 464/2/368 471/2/368 480/1/368
f 453/1/354 455/2/354 463/1/354
f 481/1/369 482/2/369 484/1/369
f 481/1/370 483/1/370 482/2/370
f 484/1/371 486/2/371 485/1/371
f 486/2/369 484/1/369 482/2/369
f 487/2/371 485/1/371 486/2/371
f 486/2/372 488/3/372 487/2/372
f 486/2/373 482/2/373 488/3/373
f 488/3/374 489/4/374 491/3/374
f 488/3/375 490/3/375 489/4/375
f 490/3/373 488/3/373 482/2/373
f 491/3/372 487/2/372 488/3/372
f 492/3/376 494/2/376 491/3/376
f 491/3/377 493/4/377 492/3/377
f 493/4/374 491/3/374 489/4/374
f 487/2/376 491/3/376 494/2/376
f 494/2/378 495/1/378 487/2/378
f 494/2/379 496/2/379 495/1/379
f 496/2/380 494/2/380 497/3/380
f 492/3/380 497/3/380 494/2/380
f 498/4/381 497/3/381 501/4/381
f 498/4/382 499/4/382 497/3/382
f 500/3/382 497/3/382 499/4/382
f 497/3/383 500/3/383 496/2/383
f 492/3/381 501/4/381 497/3/381
f 501/4/377 492/3/377 493/4/377
f 500/3/384 499/4/384 502/3/384
f 502/3/385 504/2/385 500/3/385
f 503/2/383 496/2/383 500/3/383
f 503/2/385 500/3/385 504/2/385
f 504/2/386 505/1/386 503/2/386
f 505/1/387 504/2/387 483/1/387
f 506/2/387 483/1/387 504/2/387
f 504/2/388 502/3/388 506/2/388
f 506/2/370 482/2/370 483/1/370
f 482/2/389 506/2/389 490/3/389
f 507/3/388 506/2/388 502/3/388
f 507/3/389 490/3/389 506/2/389
f 502/3/390 508/4/390 507/3/390
f 509/4/390 507/3/390 508/4/390
f 509/4/391 510/4/391 507/3/391
f 490/3/391 507/3/391 510/4/391
f 510/4/375 489/4/375 490/3/375
f 508/4/384 502/3/384 499/4/384
f 511/1/386 503/2/386 505/1/386
f 511/1/392 512/1/392 503/2/392
f 512/1/379 495/1/379 496/2/379
f 496/2/392 503/2/392 512/1/392
f 485/1/378 487/2/378 495/1/378
f 513/1/393 514/2/393 516/1/393
f 513/1/394 515/1/394 514/2/394
f 516/1/395 518/2/395 517/1/395
f 518/2/393 516/1/393 514/2/393
f 519/2/395 517/1/395 518/2/395
f 518/2/396 520/3/396 519/2/396
f 518/2/397 514/2/397 520/3/397
f 520/3/398 521/4/398 523/3/398
f 520/3/399 522/3/399 521/4/399
f 522/3/397 520/3/397 514/2/397
f 523/3/396 519/2/396 520/3/396
f 524/3/400 526/2/400 523/3/400
f 523/3/401 525/4/401 524/3/401
f 525/4/398 523/3/398 521/4/398
f 519/2/400 523/3/400 526/2/400
f 526/2/402 527/1/402 519/2/402
f 526/2/403 528/2/403 527/1/403
f 528/2/404 526/2/404 529/3/404
f 524/3/404 529/3/404 526/2/404
f 530/4/405 529/3/405 533/4/405
f 530/4/406 531/4/406 529/3/406
f 532/3/406 529/3/406 531/4/406
f 529/3/407 532/3/407 528/2/407
f 524/3/405 533/4/405 529/3/405
f 533/4/401 524/3/401 525/4/401
f 532/3/408 531/4/408 534/3/408
f 534/3/409 536/2/409 532/3/409
f 535/2/407 528/2/407 532/3/407
f 535/2/409 532/3/409 536/2/409
f 536/2/410 537/1/410 535/2/410
f 537/1/411 536/2/411 515/1/411
f 538/2/411 515/1/411 536/2/411
f 536/2/412 534/3/412 538/2/412
f 538/2/394 514/2/394 515/1/394
f 514/2/413 538/2/413 522/3/413
f 539/3/412 538/2/412 534/3/412
f 539/3/413 522/3/413 538/2/413
f 534/3/414 540/4/414 539/3/414
f 541/4/414 539/3/414 540/4/414
f 541/4/415 542/4/415 539/3/415
f 522/3/415 539/3/415 542/4/415
f 542/4/399 521/4/399 522/3/399
f 540/4/408 534/3/408 531/4/408
f 543/1/410 535/2/410 537/1/410
f 543/1/416 544/1/416 535/2/416
f 544/1/403 527/1/403 528/2/403
f 528/2/416 535/2/416 544/1/416
f 517/1/402 519/2/402 527/1/402
f 545/1/417 546/2/417 548/1/417
f 545/1/418 547/1/418 546/2/418
f 548/1/419 550/2/419 549/1/419
f 550/2/417 548/1/417 546/2/417
f 551/2/419 549/1/419 550/2/419
f 550/2/420 552/3/420 551/2/420
f 550/2/421 546/2/421 552/3/421
f 552/3/422 553/4/422 555/3/422
f 552/3/423 554/3/423 553/4/423
f 554/3/421 552/3/421 546/2/421
f 555/3/420 551/2/420 552/3/420
f 556/3/424 558/2/424 555/3/424
f 555/3/425 557/4/425 556/3/425
f 557/4/426 555/3/426 553/4/426
f 551/2/424 555/3/424 558/2/424
f 558/2/427 559/1/427 551/2/427
f 558/2/428 560/2/428 559/1/428
f 560/2/429 558/2/429 561/3/429
f 556/3/429 561/3/429 558/2/429
f 562/4/430 561/3/430 565/4/430
f 562/4/431 563/4/431 561/3/431
f 564/3/431 561/3/431 563/4/431
f 561/3/432 564/3/432 560/2/432
f 556/3/430 565/4/430 561/3/430
f 565/4/425 556/3/425 557/4/425
f 564/3/433 563/4/433 566/3/433
f 566/3/434 568/2/434 564/3/434
f 567/2/432 560/2/432 564/3/432
f 567/2/434 564/3/434 568/2/434
f 568/2/435 569/1/435 567/2/435
f 569/1/436 568/2/436 547/1/436
f 570/2/436 547/1/436 568/2/436
f 568/2/437 566/3/437 570/2/437
f 570/2/418 546/2/418 547/1/418
f 546/2/438 570/2/438 554/3/438
f 571/3/437 570/2/437 566/3/437
f 571/3/438 554/3/438 570/2/438
f 566/3/439 572/4/439 571/3/439
f 573/4/440 571/3/440 572/4/440
f 573/4/441 574/4/441 571/3/441
f 554/3/441 571/3/441 574/4/441
f 574/4/423 553/4/423 554/3/423
f 572/4/433 566/3/433 563/4/433
f 575/1/442 567/2/442 569/1/442
f 575/1/443 576/1/443 567/2/443
f 576/1/428 559/1/428 560/2/428
f 560/2/443 567/2/443 576/1/443
f 549/1/427 551/2/427 559/1/427
f 577/1/444 578/2/444 580/1/444
f 577/1/445 579/1/445 578/2/445
f 580/1/446 582/2/446 581/1/446
f 582/2/444 580/1/444 578/2/444
f 583/2/446 581/1/446 582/2/446
f 582/2/447 584/3/447 583/2/447
f 582/2/448 578/2/448 584/3/448
f 584/3/449 585/4/449 587/3/449
f 584/3/450 586/3/450 585/4/450
f 586/3/448 584/3/448 578/2/448
f 587/3/447 583/2/447 584/3/447
f 588/3/451 590/2/451 587/3/451
f 587/3/452 589/4/452 588/3/452
f 589/4/449 587/3/449 585/4/449
f 583/2/451 587/3/451 590/2/451
f 590/2/453 591/1/453 583/2/453
f 590/2/454 592/2/454 591/1/454
f 592/2/455 590/2/455 593/3/455
f 588/3/455 593/3/455 590/2/455
f 594/4/456 593/3/456 597/4/456
f 594/4/457 595/4/457 593/3/457
f 596/3/457 593/3/457 595/4/457
f 593/3/458 596/3/458 592/2/458
f 588/3/456 597/4/456 593/3/456
f 597/4/452 588/3/452 589/4/452
f 596/3/459 595/4/459 598/3/459
f 598/3/460 600/2/460 596/3/460
f 599/2/458 592/2/458 596/3/458
f 599/2/460 596/3/460 600/2/460
f 600/2/461 601/1/461 599/2/461
f 601/1/462 600/2/462 579/1/462
f 602/2/462 579/1/462 600/2/462
f 600/2/463 598/3/463 602/2/463
f 602/2/445 578/2/445 579/1/445
f 578/2/464 602/2/464 586/3/464
f 603/3/463 602/2/463 598/3/463
f 603/3/464 586/3/464 602/2/464
f 598/3/465 604/4/465 603/3/465
f 605/4/465 603/3/465 604/4/465
f 605/4/466 606/4/466 603/3/466
f 586/3/466 603/3/466 606/4/466
f 606/4/450 585/4/450 586/3/450
f 604/4/459 598/3/459 595/4/459
f 607/1/461 599/2/461 601/1/461
f 607/1/467 608/1/467 599/2/467
f 608/1/454 591/1/454 592/2/454
f 592/2/467 599/2/467 608/1/467
f 581/1/453 583/2/453 591/1/453
f 609/1/468 610/2/468 612/1/468
f 609/1/469 611/1/469 610/2/469
f 612/1/470 614/2/470 613/1/470
f 614/2/468 612/1/468 610/2/468
f 615/2/470 613/1/470 614/2/470
f 614/2/471 616/3/471 615/2/471
f 614/2/472 610/2/472 616/3/472
f 616/3/473 617/4/473 619/3/473
f 616/3/474 618/3/474 617/4/474
f 618/3/472 616/3/472 610/2/472
f 619/3/471 615/2/471 616/3/471
f 620/3/475 622/2/475 619/3/475
f 619/3/476 621/4/476 620/3/476
f 621/4/473 619/3/473 617/4/473
f 615/2/475 619/3/475 622/2/475
f 622/2/477 623/1/477 615/2/477
f 622/2/478 624/2/478 623/1/478
f 624/2/479 622/2/479 625/3/479
f 620/3/479 625/3/479 622/2/479
f 626/4/480 625/3/480 629/4/480
f 626/4/481 627/4/481 625/3/481
f 628/3/481 625/3/481 627/4/481
f 625/3/482 628/3/482 624/2/482
f 620/3/480 629/4/480 625/3/480
f 629/4/476 620/3/476 621/4/476
f 628/3/483 627/4/483 630/3/483
f 630/3/484 632/2/484 628/3/484
f 631/2/482 624/2/482 628/3/482
f 631/2/484 628/3/484 632/2/484
f 632/2/485 633/1/485 631/2/485
f 633/1/486 632/2/486 611/1/486
f 634/2/486 611/1/486 632/2/486
f 632/2/487 630/3/487 634/2/487
f 634/2/469 610/2/469 611/1/469
f 610/2/488 634/2/488 618/3/488
f 635/3/487 634/2/487 630/3/487
f 635/3/488 618/3/488 634/2/488
f 630/3/489 636/4/489 635/3/489
f 637/4/489 635/3/489 636/4/489
f 637/4/490 638/4/490 635/3/490
f 618/3/490 635/3/490 638/4/490
f 638/4/474 617/4/474 618/3/474
f 636/4/483 630/3/483 627/4/483
f 639/1/485 631/2/485 633/1/485
f 639/1/491 640/1/491 631/2/491
f 640/1/478 623/1/478 624/2/478
f 624/2/491 631/2/491 640/1/491
f 613/1/477 615/2/477 623/1/477
f 641/1/492 642/2/492 644/1/492
f 641/1/493 643/1/493 642/2/493
f 644/1/494 646/2/494 645/1/494
f 646/2/492 644/1/492 642/2/492
f 647/2/494 645/1/494 646/2/494
f 646/2/495 648/3/495 647/2/495
f 646/2/496 642/2/496 648/3/496
f 648/3/497 649/4/497 651/3/497
f 648/3/498 650/3/498 649/4/498
f 650/3/496 648/3/496 642/2/496
f 651/3/495 647/2/495 648/3/495
f 652/3/499 654/2/499 651/3/499
f 651/3/500 653/4/500 652/3/500
f 653/4/497 651/3/497 649/4/497
f 647/2/499 651/3/499 654/2/499
f 654/2/501 655/1/501 647/2/501
f 654/2/502 656/2/502 655/1/502
f 656/2/503 654/2/503 657/3/503
f 652/3/503 657/3/503 654/2/503
f 658/4/504 657/3/504 661/4/504
f 658/4/505 659/4/505 657/3/505
f 660/3/505 657/3/505 659/4/505
f 657/3/506 660/3/506 656/2/506
f 652/3/504 661/4/504 657/3/504
f 661/4/500 652/3/500 653/4/500
f 660/3/507 659/4/507 662/3/507
f 662/3/508 664/2/508 660/3/508
f 663/2/506 656/2/506 660/3/506
f 663/2/508 660/3/508 664/2/508
f 664/2/509 665/1/509 663/2/509
f 665/1/510 664/2/510 643/1/510
f 666/2/510 643/1/510 664/2/510
f 664/2/511 662/3/511 666/2/511
f 666/2/493 642/2/493 643/1/493
f 642/2/512 666/2/512 650/3/512
f 667/3/511 666/2/511 662/3/511
f 667/3/512 650/3/512 666/2/512
f 662/3/513 668/4/513 667/3/513
f 669/4/513 667/3/513 668/4/513
f 669/4/514 670/4/514 667/3/514
f 650/3/514 667/3/514 670/4/514
f 670/4/498 649/4/498 650/3/498
f 668/4/507 662/3/507 659/4/507
f 671/1/509 663/2/509 665/1/509
f 671/1/515 672/1/515 663/2/515
f 672/1/502 655/1/502 656/2/502
f 656/2/515 663/2/515 672/1/515
f 645/1/501 647/2/501 655/1/501
f 673/1/516 674/2/516 676/1/516
f 673/1/517 675/1/517 674/2/517
f 676/1/518 678/2/518 677/1/518
f 678/2/516 676/1/516 674/2/516
f 679/2/518 677/1/518 678/2/518
f 678/2/519 680/3/519 679/2/519
f 678/2/520 674/2/520 680/3/520
f 680/3/521 681/4/521 683/3/521
f 680/3/522 682/3/522 681/4/522
f 682/3/520 680/3/520 674/2/520
f 683/3/519 679/2/519 680/3/519
f 684/3/523 686/2/523 683/3/523
f 683/3/524 685/4/524 684/3/524
f 685/4/525 683/3/525 681/4/525
f 679/2/523 683/3/523 686/2/523
f 686/2/526 687/1/526 679/2/526
f 686/2/527 688/2/527 687/1/527
f 688/2/528 686/2/528 689/3/528
f 684/3/528 689/3/528 686/2/528
f 690/4/529 689/3/529 693/4/529
f 690/4/530 691/4/530 689/3/530
f 692/3/530 689/3/530 691/4/530
f 689/3/531 692/3/531 688/2/531
f 684/3/529 693/4/529 689/3/529
f 693/4/524 684/3/524 685/4/524
f 692/3/532 691/4/532 694/3/532
f 694/3/533 696/2/533 692/3/533
f 695/2/531 688/2/531 692/3/531
f 695/2/533 692/3/533 696/2/533
f 696/2/534 697/1/534 695/2/534
f 697/1/535 696/2/535 675/1/535
f 698/2/535 675/1/535 696/2/535
f 696/2/536 694/3/536 698/2/536
f 698/2/517 674/2/517 675/1/517
f 674/2/537 698/2/537 682/3/537
f 699/3/536 698/2/536 694/3/536
f 699/3/537 682/3/537 698/2/537
f 694/3/538 700/4/538 699/3/538
f 701/4/538 699/3/538 700/4/538
f 701/4/539 702/4/539 699/3/539
f 682/3/539 699/3/539 702/4/539
f 702/4/522 681/4/522 682/3/522
f 700/4/532 694/3/532 691/4/532
f 703/1/534 695/2/534 697/1/534
f 703/1/540 704/1/540 695/2/540
f 704/1/527 687/1/527 688/2/527
f 688/2/540 695/2/540 704/1/540
f 677/1/526 679/2/526 687/1/526
f 705/1/541 706/2/541 708/1/541
f 705/1/542 707/1/542 706/2/542
f 708/1/543 710/2/543 709/1/543
f 710/2/541 708/1/541 706/2/541
f 711/2/543 709/1/543 710/2/543
f 710/2/544 712/3/544 711/2/544
f 710/2/545 706/2/545 712/3/545
f 712/3/546 713/4/546 715/3/546
f 712/3/547 714/3/547 713/4/547
f 714/3/545 712/3/545 706/2/545
f 715/3/544 711/2/544 712/3/544
f 716/3/548 718/2/548 715/3/548
f 715/3/549 717/4/549 716/3/549
f 717/4/546 715/3/546 713/4/546
f 711/2/548 715/3/548 718/2/548
f 718/2/550 719/1/550 711/2/550
f 718/2/551 720/2/551 719/1/551
f 720/2/552 718/2/552 721/3/552
f 716/3/552 721/3/552 718/2/552
f 722/4/553 721/3/553 725/4/553
f 722/4/554 723/4/554 721/3/554
f 724/3/554 721/3/554 723/4/554
f 721/3/555 724/3/555 720/2/555
f 716/3/553 725/4/553 721/3/553
f 725/4/549 716/3/549 717/4/549
f 724/3/556 723/4/556 726/3/556
f 726/3/557 728/2/557 724/3/557
f 727/2/555 720/2/555 724/3/555
f 727/2/557 724/3/557 728/2/557
f 728/2/558 729/1/558 727/2/558
f 729/1/559 728/2/559 707/1/559
f 730/2/559 707/1/559 728/2/559
f 728/2/560 726/3/560 730/2/560
f 730/2/542 706/2/542 707/1/542
f 706/2/561 730/2/561 714/3/561
f 731/3/560 730/2/560 726/3/560
f 731/3/561 714/3/561 730/2/561
f 726/3/562 732/4/562 731/3/562
f 733/4/562 731/3/562 732/4/562
f 733/4/563 734/4/563 731/3/563
f 714/3/563 731/3/563 734/4/563
f 734/4/547 713/4/547 714/3/547
f 732/4/556 726/3/556 723/4/556
f 735/1/558 727/2/558 729/1/558
f 735/1/564 736/1/564 727/2/564
f 736/1/551 719/1/551 720/2/551
f 720/2/564 727/2/564 736/1/564
f 709/1/550 711/2/550 719/1/550
f 737/1/565 738/2/565 740/1/565
f 737/1/566 739/1/566 738/2/566
f 740/1/567 742/2/567 741/1/567
f 742/2/565 740/1/565 738/2/565
f 743/2/567 741/1/567 742/2/567
f 742/2/568 744/3/568 743/2/568
f 742/2/569 738/2/569 744/3/569
f 744/3/570 745/4/570 747/3/570
f 744/3/571 746/3/571 745/4/571
f 746/3/569 744/3/569 738/2/569
f 747/3/568 743/2/568 744/3/568
f 748/3/572 750/2/572 747/3/572
f 747/3/573 749/4/573 748/3/573
f 749/4/570 747/3/570 745/4/570
f 743/2/572 747/3/572 750/2/572
f 750/2/574 751/1/574 743/2/574
f 750/2/575 752/2/575 751/1/575
f 752/2/576 750/2/576 753/3/576
f 748/3/576 753/3/576 750/2/576
f 754/4/577 753/3/577 757/4/577
f 754/4/578 755/4/578 753/3/578
f 756/3/578 753/3/578 755/4/578
f 753/3/579 756/3/579 752/2/579
f 748/3/577 757/4/577 753/3/577
f 757/4/573 748/3/573 749/4/573
f 756/3/580 755/4/580 758/3/580
f 758/3/581 760/2/581 756/3/581
f 759/2/579 752/2/579 756/3/579
f 759/2/581 756/3/581 760/2/581
f 760/2/582 761/1/582 759/2/582
f 761/1/583 760/2/583 739/1/583
f 762/2/583 739/1/583 760/2/583
f 760/2/584 758/3/584 762/2/584
f 762/2/566 738/2/566 739/1/566
f 738/2/585 762/2/585 746/3/585
f 763/3/584 762/2/584 758/3/584
f 763/3/585 746/3/585 762/2/585
f 758/3/586 764/4/586 763/3/586
f 765/4/586 763/3/586 764/4/586
f 765/4/587 766/4/587 763/3/587
f 746/3/587 763/3/587 766/4/587
f 766/4/571 745/4/571 746/3/571
f 764/4/580 758/3/580 755/4/580
f 767/1/582 759/2/582 761/1/582
f 767/1/588 768/1/588 759/2/588
f 768/1/575 751/1/575 752/2/575
f 752/2/588 759/2/588 768/1/588
f 741/1/574 743/2/574 751/1/574
f 769/1/589 770/2/589 772/1/589
f 769/1/590 771/1/590 770/2/590
f 772/1/591 774/2/591 773/1/591
f 774/2/589 772/1/589 770/2/589
f 775/2/591 773/1/591 774/2/591
f 774/2/592 776/3/592 775/2/592
f 774/2/593 770/2/593 776/3/593
f 776/3/594 777/4/594 779/3/594
f 776/3/595 778/3/595 777/4/595
f 778/3/593 776/3/593 770/2/593
f 779/3/592 775/2/592 776/3/592
f 780/3/596 782/2/596 779/3/596
f 779/3/597 781/4/597 780/3/597
f 781/4/594 779/3/594 777/4/594
f 775/2/596 779/3/596 782/2/596
f 782/2/598 783/1/598 775/2/598
f 782/2/599 784/2/599 783/1/599
f 784/2/600 782/2/600 785/3/600
f 780/3/600 785/3/600 782/2/600
f 786/4/601 785/3/601 789/4/601
f 786/4/602 787/4/602 785/3/602
f 788/3/602 785/3/602 787/4/602
f 785/3/603 788/3/603 784/2/603
f 780/3/601 789/4/601 785/3/601
f 789/4/597 780/3/597 781/4/597
f 788/3/604 787/4/604 790/3/604
f 790/3/605 792/2/605 788/3/605
f 791/2/603 784/2/603 788/3/603
f 791/2/605 788/3/605 792/2/605
f 792/2/606 793/1/606 791/2/606
f 793/1/607 792/2/607 771/1/607
f 794/2/607 771/1/607 792/2/607
f 792/2/608 790/3/608 794/2/608
f 794/2/590 770/2/590 771/1/590
f 770/2/609 794/2/609 778/3/609
f 795/3/608 794/2/608 790/3/608
f 795/3/609 778/3/609 794/2/609
f 790/3/610 796/4/610 795/3/610
f 797/4/610 795/3/610 796/4/610
f 797/4/611 798/4/611 795/3/611
f 778/3/611 795/3/611 798/4/611
f 798/4/595 777/4/595 778/3/595
f 796/4/604 790/3/604 787/4/604
f 799/1/606 791/2/606 793/1/606
f 799/1/612 800/1/612 791/2/612
f 800/1/599 783/1/599 784/2/599
f 784/2/612 791/2/612 800/1/612
f 773/1/598 775/2/598 783/1/598
f 801/1/613 802/2/613 804/1/613
f 801/1/614 803/1/614 802/2/614
f 804/1/615 806/2/615 805/1/615
f 806/2/613 804/1/613 802/2/613
f 807/2/615 805/1/615 806/2/615
f 806/2/616 808/3/616 807/2/616
f 806/2/617 802/2/617 808/3/617
f 808/3/618 809/4/618 811/3/618
f 808/3/619 810/3/619 809/4/619
f 810/3/617 808/3/617 802/2/617
f 811/3/616 807/2/616 808/3/616
f 812/3/620 814/2/620 811/3/620
f 811/3/621 813/4/621 812/3/621
f 813/4/618 811/3/618 809/4/618
f 807/2/620 811/3/620 814/2/620
f 814/2/622 815/1/622 807/2/622
f 814/2/623 816/2/623 815/1/623
f 816/2/624 814/2/624 817/3/624
f 812/3/624 817/3/624 814/2/624
f 818/4/625 817/3/625 821/4/625
f 818/4/626 819/4/626 817/3/626
f 820/3/626 817/3/626 819/4/626
f 817/3/627 820/3/627 816/2/627
f 812/3/625 821/4/625 817/3/625
f 821/4/621 812/3/621 813/4/621
f 820/3/628 819/4/628 822/3/628
f 822/3/629 824/2/629 820/3/629
f 823/2/627 816/2/627 820/3/627
f 823/2/629 820/3/629 824/2/629
f 824/2/630 825/1/630 823/2/630
f 825/1/631 824/2/631 803/1/631
f 826/2/631 803/1/631 824/2/631
f 824/2/632 822/3/632 826/2/632
f 826/2/614 802/2/614 803/1/614
f 802/2/633 826/2/633 810/3/633
f 827/3/632 826/2/632 822/3/632
f 827/3/633 810/3/633 826/2/633
f 822/3/634 828/4/634 827/3/634
f 829/4/634 827/3/634 828/4/634
f 829/4/635 830/4/635 827/3/635
f 810/3/635 827/3/635 830/4/635
f 830/4/619 809/4/619 810/3/619
f 828/4/628 822/3/628 819/4/628
f 831/1/630 823/2/630 825/1/630
f 831/1/636 832/1/636 823/2/636
f 832/1/623 815/1/623 816/2/623
f 816/2/636 823/2/636 832/1/636
f 805/1/622 807/2/622 815/1/622
f 833/1/637 834/2/637 836/1/637
f 833/1/638 835/1/638 834/2/638
f 836/1/639 838/2/639 837/1/639
f 838/2/637 836/1/637 834/2/637
f 839/2/639 837/1/639 838/2/639
f 838/2/640 840/3/640 839/2/640
f 838/2/641 834/2/641 840/3/641
f 840/3/642 841/4/642 843/3/642
f 840/3/643 842/3/643 841/4/643
f 842/3/641 840/3/641 834/2/641
f 843/3/640 839/2/640 840/3/640
f 844/3/644 846/2/644 843/3/644
f 843/3/645 845/4/645 844/3/645
f 845/4/642 843/3/642 841/4/642
f 839/2/646 843/3/646 846/2/646
f 846/2/647 847/1/647 839/2/647
f 846/2/648 848/2/648 847/1/648
f 848/2/649 846/2/649 849/3/649
f 844/3/649 849/3/649 846/2/649
f 850/4/650 849/3/650 853/4/650
f 850/4/651 851/4/651 849/3/651
f 852/3/651 849/3/651 851/4/651
f 849/3/652 852/3/652 848/2/652
f 844/3/650 853/4/650 849/3/650
f 853/4/645 844/3/645 845/4/645
f 852/3/653 851/4/653 854/3/653
f 854/3/654 856/2/654 852/3/654
f 855/2/652 848/2/652 852/3/652
f 855/2/654 852/3/654 856/2/654
f 856/2/655 857/1/655 855/2/655
f 857/1/656 856/2/656 835/1/656
f 858/2/656 835/1/656 856/2/656
f 856/2/657 854/3/657 858/2/657
f 858/2/638 834/2/638 835/1/638
f 834/2/658 858/2/658 842/3/658
f 859/3/659 858/2/659 854/3/659
f 859/3/658 842/3/658 858/2/658
f 854/3/660 860/4/660 859/3/660
f 861/4/660 859/3/660 860/4/660
f 861/4/661 862/4/661 859/3/661
f 842/3/661 859/3/661 862/4/661
f 862/4/643 841/4/643 842/3/643
f 860/4/653 854/3/653 851/4/653
f 863/1/655 855/2/655 857/1/655
f 863/1/662 864/1/662 855/2/662
f 864/1/648 847/1/648 848/2/648
f 848/2/662 855/2/662 864/1/662
f 837/1/647 839/2/647 847/1/647
f 865/1/663 866/2/663 868/1/663
f 865/1/664 867/1/664 866/2/664
f 868/1/665 870/2/665 869/1/665
f 870/2/663 868/1/663 866/2/663
f 871/2/666 869/1/666 870/2/666
f 870/2/667 872/3/667 871/2/667
f 870/2/668 866/2/668 872/3/668
f 872/3/669 873/4/669 875/3/669
f 872/3/670 874/3/670 873/4/670
f 874/3/668 872/3/668 866/2/668
f 875/3/667 871/2/667 872/3/667
f 876/3/671 878/2/671 875/3/671
f 875/3/672 877/4/672 876/3/672
f 877/4/669 875/3/669 873/4/669
f 871/2/671 875/3/671 878/2/671
f 878/2/673 879/1/673 871/2/673
f 878/2/674 880/2/674 879/1/674
f 880/2/675 878/2/675 881/3/675
f 876/3/675 881/3/675 878/2/675
f 882/4/676 881/3/676 885/4/676
f 882/4/677 883/4/677 881/3/677
f 884/3/677 881/3/677 883/4/677
f 881/3/678 884/3/678 880/2/678
f 876/3/676 885/4/676 881/3/676
f 885/4/672 876/3/672 877/4/672
f 884/3/679 883/4/679 886/3/679
f 886/3/680 888/2/680 884/3/680
f 887/2/678 880/2/678 884/3/678
f 887/2/680 884/3/680 888/2/680
f 888/2/681 889/1/681 887/2/681
f 889/1/682 888/2/682 867/1/682
f 890/2/682 867/1/682 888/2/682
f 888/2/683 886/3/683 890/2/683
f 890/2/664 866/2/664 867/1/664
f 866/2/684 890/2/684 874/3/684
f 891/3/683 890/2/683 886/3/683
f 891/3/684 874/3/684 890/2/684
f 886/3/685 892/4/685 891/3/685
f 893/4/685 891/3/685 892/4/685
f 893/4/686 894/4/686 891/3/686
f 874/3/686 891/3/686 894/4/686
f 894/4/670 873/4/670 874/3/670
f 892/4/679 886/3/679 883/4/679
f 895/1/681 887/2/681 889/1/681
f 895/1/687 896/1/687 887/2/687
f 896/1/674 879/1/674 880/2/674
f 880/2/687 887/2/687 896/1/687
f 869/1/673 871/2/673 879/1/673
f 897/1/688 898/2/688 900/1/688
f 897/1/689 899/1/689 898/2/689
f 900/1/690 902/2/690 901/1/690
f 902/2/691 900/1/691 898/2/691
f 903/2/690 901/1/690 902/2/690
f 902/2/692 904/3/692 903/2/692
f 902/2/693 898/2/693 904/3/693
f 904/3/694 905/4/694 907/3/694
f 904/3/695 906/3/695 905/4/695
f 906/3/693 904/3/693 898/2/693
f 907/3/692 903/2/692 904/3/692
f 908/3/696 910/2/696 907/3/696
f 907/3/697 909/4/697 908/3/697
f 909/4/694 907/3/694 905/4/694
f 903/2/696 907/3/696 910/2/696
f 910/2/698 911/1/698 903/2/698
f 910/2/699 912/2/699 911/1/699
f 912/2/700 910/2/700 913/3/700
f 908/3/700 913/3/700 910/2/700
f 914/4/701 913/3/701 917/4/701
f 914/4/702 915/4/702 913/3/702
f 916/3/703 913/3/703 915/4/703
f 913/3/704 916/3/704 912/2/704
f 908/3/701 917/4/701 913/3/701
f 917/4/697 908/3/697 909/4/697
f 916/3/705 915/4/705 918/3/705
f 918/3/706 920/2/706 916/3/706
f 919/2/704 912/2/704 916/3/704
f 919/2/706 916/3/706 920/2/706
f 920/2/707 921/1/707 919/2/707
f 921/1/708 920/2/708 899/1/708
f 922/2/708 899/1/708 920/2/708
f 920/2/709 918/3/709 922/2/709
f 922/2/689 898/2/689 899/1/689
f 898/2/710 922/2/710 906/3/710
f 923/3/709 922/2/709 918/3/709
f 923/3/710 906/3/710 922/2/710
f 918/3/711 924/4/711 923/3/711
f 925/4/711 923/3/711 924/4/711
f 925/4/712 926/4/712 923/3/712
f 906/3/712 923/3/712 926/4/712
f 926/4/695 905/4/695 906/3/695
f 924/4/705 918/3/705 915/4/705
f 927/1/707 919/2/707 921/1/707
f 927/1/713 928/1/713 919/2/713
f 928/1/714 911/1/714 912/2/714
f 912/2/713 919/2/713 928/1/713
f 901/1/698 903/2/698 911/1/698
f 929/1/715 930/2/715 932/1/715
f 929/1/716 931/1/716 930/2/716
f 932/1/717 934/2/717 933/1/717
f 934/2/715 932/1/715 930/2/715
f 935/2/717 933/1/717 934/2/717
f 934/2/718 936/3/718 935/2/718
f 934/2/719 930/2/719 936/3/719
f 936/3/720 937/4/720 939/3/720
f 936/3/721 938/3/721 937/4/721
f 938/3/719 936/3/719 930/2/719
f 939/3/718 935/2/718 936/3/718
f 940/3/722 942/2/722 939/3/722
f 939/3/723 941/4/723 940/3/723
f 941/4/720 939/3/720 937/4/720
f 935/2/722 939/3/722 942/2/722
f 942/2/724 943/1/724 935/2/724
f 942/2/725 944/2/725 943/1/725
f 944/2/726 942/2/726 945/3/726
f 940/3/726 945/3/726 942/2/726
f 946/4/727 945/3/727 949/4/727
f 946/4/728 947/4/728 945/3/728
f 948/3/728 945/3/728 947/4/728
f 945/3/729 948/3/729 944/2/729
f 940/3/727 949/4/727 945/3/727
f 949/4/723 940/3/723 941/4/723
f 948/3/730 947/4/730 950/3/730
f 950/3/731 952/2/731 948/3/731
f 951/2/729 944/2/729 948/3/729
f 951/2/731 948/3/731 952/2/731
f 952/2/732 953/1/732 951/2/732
f 953/1/733 952/2/733 931/1/733
f 954/2/734 931/1/734 952/2/734
f 952/2/735 950/3/735 954/2/735
f 954/2/716 930/2/716 931/1/716
f 930/2/736 954/2/736 938/3/736
f 955/3/735 954/2/735 950/3/735
f 955/3/736 938/3/736 954/2/736
f 950/3/737 956/4/737 955/3/737
f 957/4/737 955/3/737 956/4/737
f 957/4/738 958/4/738 955/3/738
f 938/3/738 955/3/738 958/4/738
f 958/4/721 937/4/721 938/3/721
f 956/4/730 950/3/730 947/4/730
f 959/1/732 951/2/732 953/1/732
f 959/1/739 960/1/739 951/2/739
f 960/1/725 943/1/725 944/2/725
f 944/2/739 951/2/739 960/1/739
f 933/1/724 935/2/724 943/1/724
f 961/1/740 962/2/740 964/1/740
f 961/1/741 963/1/741 962/2/741
f 964/1/742 966/2/742 965/1/742
f 966/2/740 964/1/740 962/2/740
f 967/2/742 965/1/742 966/2/742
f 966/2/743 968/3/743 967/2/743
f 966/2/744 962/2/744 968/3/744
f 968/3/745 969/4/745 971/3/745
f 968/3/746 970/3/746 969/4/746
f 970/3/744 968/3/744 962/2/744
f 971/3/743 967/2/743 968/3/743
f 972/3/747 974/2/747 971/3/747
f 971/3/748 973/4/748 972/3/748
f 973/4/745 971/3/745 969/4/745
f 967/2/747 971/3/747 974/2/747
f 974/2/749 975/1/749 967/2/749
f 974/2/750 976/2/750 975/1/750
f 976/2/751 974/2/751 977/3/751
f 972/3/751 977/3/751 974/2/751
f 978/4/752 977/3/752 981/4/752
f 978/4/753 979/4/753 977/3/753
f 980/3/753 977/3/753 979/4/753
f 977/3/754 980/3/754 976/2/754
f 972/3/752 981/4/752 977/3/752
f 981/4/748 972/3/748 973/4/748
f 980/3/755 979/4/755 982/3/755
f 982/3/756 984/2/756 980/3/756
f 983/2/754 976/2/754 980/3/754
f 983/2/756 980/3/756 984/2/756
f 984/2/757 985/1/757 983/2/757
f 985/1/758 984/2/758 963/1/758
f 986/2/758 963/1/758 984/2/758
f 984/2/759 982/3/759 986/2/759
f 986/2/741 962/2/741 963/1/741
f 962/2/760 986/2/760 970/3/760
f 987/3/759 986/2/759 982/3/759
f 987/3/760 970/3/760 986/2/760
f 982/3/761 988/4/761 987/3/761
f 989/4/761 987/3/761 988/4/761
f 989/4/762 990/4/762 987/3/762
f 970/3/762 987/3/762 990/4/762
f 990/4/746 969/4/746 970/3/746
f 988/4/755 982/3/755 979/4/755
f 991/1/757 983/2/757 985/1/757
f 991/1/763 992/1/763 983/2/763
f 992/1/750 975/1/750 976/2/750
f 976/2/763 983/2/763 992/1/763
f 965/1/764 967/2/764 975/1/764
f 993/1/765 994/2/765 996/1/765
f 993/1/766 995/1/766 994/2/766
f 996/1/767 998/2/767 997/1/767
f 998/2/765 996/1/765 994/2/765
f 999/2/767 997/1/767 998/2/767
f 998/2/768 1000/3/768 999/2/768
f 998/2/769 994/2/769 1000/3/769
f 1000/3/770 1001/4/770 1003/3/770
f 1000/3/771 1002/3/771 1001/4/771
f 1002/3/769 1000/3/769 994/2/769
f 1003/3/768 999/2/768 1000/3/768
f 1004/3/772 1006/2/772 1003/3/772
f 1003/3/773 1005/4/773 1004/3/773
f 1005/4/770 1003/3/770 1001/4/770
f 999/2/772 1003/3/772 1006/2/772
f 1006/2/774 1007/1/774 999/2/774
f 1006/2/775 1008/2/775 1007/1/775
f 1008/2/776 1006/2/776 1009/3/776
f 1004/3/776 1009/3/776 1006/2/776
f 1010/4/777 1009/3/777 1013/4/777
f 1010/4/778 1011/4/778 1009/3/778
f 1012/3/779 1009/3/779 1011/4/779
f 1009/3/780 1012/3/780 1008/2/780
f 1004/3/777 1013/4/777 1009/3/777
f 1013/4/773 1004/3/773 1005/4/773
f 1012/3/781 1011/4/781 1014/3/781
f 1014/3/782 1016/2/782 1012/3/782
f 1015/2/780 1008/2/780 1012/3/780
f 1015/2/782 1012/3/782 1016/2/782
f 1016/2/783 1017/1/783 1015/2/783
f 1017/1/784 1016/2/784 995/1/784
f 1018/2/784 995/1/784 1016/2/784
f 1016/2/785 1014/3/785 1018/2/785
f 1018/2/766 994/2/766 995/1/766
f 994/2/786 1018/2/786 1002/3/786
f 1019/3/785 1018/2/785 1014/3/785
f 1019/3/786 1002/3/786 1018/2/786
f 1014/3/787 1020/4/787 1019/3/787
f 1021/4/787 1019/3/787 1020/4/787
f 1021/4/788 1022/4/788 1019/3/788
f 1002/3/788 1019/3/788 1022/4/788
f 1022/4/771 1001/4/771 1002/3/771
f 1020/4/781 1014/3/781 1011/4/781
f 1023/1/783 1015/2/783 1017/1/783
f 1023/1/789 1024/1/789 1015/2/789
f 1024/1/775 1007/1/775 1008/2/775
f 1008/2/789 1015/2/789 1024/1/789
f 997/1/774 999/2/774 1007/1/774
f 1025/1/790 1026/2/790 1028/1/790
f 1025/1/791 1027/1/791 1026/2/791
f 1028/1/792 1030/2/792 1029/1/792
f 1030/2/790 1028/1/790 1026/2/790
f 1031/2/792 1029/1/792 1030/2/792
f 1030/2/793 1032/3/793 1031/2/793
f 1030/2/794 1026/2/794 1032/3/794
f 1032/3/795 1033/4/795 1035/3/795
f 1032/3/796 1034/3/796 1033/4/796
f 1034/3/794 1032/3/794 1026/2/794
f 1035/3/793 1031/2/793 1032/3/793
f 1036/3/797 1038/2/797 1035/3/797
f 1035/3/798 1037/4/798 1036/3/798
f 1037/4/795 1035/3/795 1033/4/795
f 1031/2/797 1035/3/797 1038/2/797
f 1038/2/799 1039/1/799 1031/2/799
f 1038/2/800 1040/2/800 1039/1/800
f 1040/2/801 1038/2/801 1041/3/801
f 1036/3/801 1041/3/801 1038/2/801
f 1042/4/802 1041/3/802 1045/4/802
f 1042/4/803 1043/4/803 1041/3/803
f 1044/3/803 1041/3/803 1043/4/803
f 1041/3/804 1044/3/804 1040/2/804
f 1036/3/802 1045/4/802 1041/3/802
f 1045/4/798 1036/3/798 1037/4/798
f 1044/3/805 1043/4/805 1046/3/805
f 1046/3/806 1048/2/806 1044/3/806
f 1047/2/804 1040/2/804 1044/3/804
f 1047/2/806 1044/3/806 1048/2/806
f 1048/2/807 1049/1/807 1047/2/807
f 1049/1/808 1048/2/808 1027/1/808
f 1050/2/808 1027/1/808 1048/2/808
f 1048/2/809 1046/3/809 1050/2/809
f 1050/2/791 1026/2/791 1027/1/791
f 1026/2/810 1050/2/810 1034/3/810
f 1051/3/809 1050/2/809 1046/3/809
f 1051/3/810 1034/3/810 1050/2/810
f 1046/3/811 1052/4/811 1051/3/811
f 1053/4/811 1051/3/811 1052/4/811
f 1053/4/812 1054/4/812 1051/3/812
f 1034/3/812 1051/3/812 1054/4/812
f 1054/4/796 1033/4/796 1034/3/796
f 1052/4/805 1046/3/805 1043/4/805
f 1055/1/807 1047/2/807 1049/1/807
f 1055/1/813 1056/1/813 1047/2/813
f 1056/1/800 1039/1/800 1040/2/800
f 1040/2/813 1047/2/813 1056/1/813
f 1029/1/799 1031/2/799 1039/1/799
f 1057/1/814 1058/2/814 1060/1/814
f 1057/1/815 1059/1/815 1058/2/815
f 1060/1/816 1062/2/816 1061/1/816
f 1062/2/814 1060/1/814 1058/2/814
f 1063/2/816 1061/1/816 1062/2/816
f 1062/2/817 1064/3/817 1063/2/817
f 1062/2/818 1058/2/818 1064/3/818
f 1064/3/819 1065/4/819 1067/3/819
f 1064/3/820 1066/3/820 1065/4/820
f 1066/3/818 1064/3/818 1058/2/818
f 1067/3/817 1063/2/817 1064/3/817
f 1068/3/821 1070/2/821 1067/3/821
f 1067/3/822 1069/4/822 1068/3/822
f 1069/4/819 1067/3/819 1065/4/819
f 1063/2/821 1067/3/821 1070/2/821
f 1070/2/823 1071/1/823 1063/2/823
f 1070/2/824 1072/2/824 1071/1/824
f 1072/2/825 1070/2/825 1073/3/825
f 1068/3/825 1073/3/825 1070/2/825
f 1074/4/826 1073/3/826 1077/4/826
f 1074/4/827 1075/4/827 1073/3/827
f 1076/3/827 1073/3/827 1075/4/827
f 1073/3/828 1076/3/828 1072/2/828
f 1068/3/826 1077/4/826 1073/3/826
f 1077/4/822 1068/3/822 1069/4/822
f 1076/3/829 1075/4/829 1078/3/829
f 1078/3/830 1080/2/830 1076/3/830
f 1079/2/828 1072/2/828 1076/3/828
f 1079/2/830 1076/3/830 1080/2/830
f 1080/2/831 1081/1/831 1079/2/831
f 1081/1/832 1080/2/832 1059/1/832
f 1082/2/832 1059/1/832 1080/2/832
f 1080/2/833 1078/3/833 1082/2/833
f 1082/2/815 1058/2/815 1059/1/815
f 1058/2/834 1082/2/834 1066/3/834
f 1083/3/833 1082/2/833 1078/3/833
f 1083/3/834 1066/3/834 1082/2/834
f 1078/3/835 1084/4/835 1083/3/835
f 1085/4/835 1083/3/835 1084/4/835
f 1085/4/836 1086/4/836 1083/3/836
f 1066/3/836 1083/3/836 1086/4/836
f 1086/4/820 1065/4/820 1066/3/820
f 1084/4/829 1078/3/829 1075/4/829
f 1087/1/831 1079/2/831 1081/1/831
f 1087/1/837 1088/1/837 1079/2/837
f 1088/1/824 1071/1/824 1072/2/824
f 1072/2/837 1079/2/837 1088/1/837
f 1061/1/823 1063/2/823 1071/1/823
f 1089/1/838 1090/2/838 1092/1/838
f 1089/1/839 1091/1/839 1090/2/839
f 1092/1/840 1094/2/840 1093/1/840
f 1094/2/838 1092/1/838 1090/2/838
f 1095/2/840 1093/1/840 1094/2/840
f 1094/2/841 1096/3/841 1095/2/841
f 1094/2/842 1090/2/842 1096/3/842
f 1096/3/843 1097/4/843 1099/3/843
f 1096/3/844 1098/3/844 1097/4/844
f 1098/3/842 1096/3/842 1090/2/842
f 1099/3/841 1095/2/841 1096/3/841
f 1100/3/845 1102/2/845 1099/3/845
f 1099/3/846 1101/4/846 1100/3/846
f 1101/4/843 1099/3/843 1097/4/843
f 1095/2/845 1099/3/845 1102/2/845
f 1102/2/847 1103/1/847 1095/2/847
f 1102/2/848 1104/2/848 1103/1/848
f 1104/2/849 1102/2/849 1105/3/849
f 1100/3/849 1105/3/849 1102/2/849
f 1106/4/850 1105/3/850 1109/4/850
f 1106/4/851 1107/4/851 1105/3/851
f 1108/3/851 1105/3/851 1107/4/851
f 1105/3/852 1108/3/852 1104/2/852
f 1100/3/850 1109/4/850 1105/3/850
f 1109/4/846 1100/3/846 1101/4/846
f 1108/3/853 1107/4/853 1110/3/853
f 1110/3/854 1112/2/854 1108/3/854
f 1111/2/852 1104/2/852 1108/3/852
f 1111/2/854 1108/3/854 1112/2/854
f 1112/2/855 1113/1/855 1111/2/855
f 1113/1/856 1112/2/856 1091/1/856
f 1114/2/856 1091/1/856 1112/2/856
f 1112/2/857 1110/3/857 1114/2/857
f 1114/2/839 1090/2/839 1091/1/839
f 1090/2/858 1114/2/858 1098/3/858
f 1115/3/857 1114/2/857 1110/3/857
f 1115/3/858 1098/3/858 1114/2/858
f 1110/3/859 1116/4/859 1115/3/859
f 1117/4/859 1115/3/859 1116/4/859
f 1117/4/860 1118/4/860 1115/3/860
f 1098/3/860 1115/3/860 1118/4/860
f 1118/4/844 1097/4/844 1098/3/844
f 1116/4/853 1110/3/853 1107/4/853
f 1119/1/855 1111/2/855 1113/1/855
f 1119/1/861 1120/1/861 1111/2/861
f 1120/1/848 1103/1/848 1104/2/848
f 1104/2/861 1111/2/861 1120/1/861
f 1093/1/847 1095/2/847 1103/1/847
f 1121/1/862 1122/2/862 1124/1/862
f 1121/1/863 1123/1/863 1122/2/863
f 1124/1/864 1126/2/864 1125/1/864
f 1126/2/862 1124/1/862 1122/2/862
f 1127/2/864 1125/1/864 1126/2/864
f 1126/2/865 1128/3/865 1127/2/865
f 1126/2/866 1122/2/866 1128/3/866
f 1128/3/867 1129/4/867 1131/3/867
f 1128/3/868 1130/3/868 1129/4/868
f 1130/3/866 1128/3/866 1122/2/866
f 1131/3/865 1127/2/865 1128/3/865
f 1132/3/869 1134/2/869 1131/3/869
f 1131/3/870 1133/4/870 1132/3/870
f 1133/4/867 1131/3/867 1129/4/867
f 1127/2/871 1131/3/871 1134/2/871
f 1134/2/872 1135/1/872 1127/2/872
f 1134/2/873 1136/2/873 1135/1/873
f 1136/2/874 1134/2/874 1137/3/874
f 1132/3/874 1137/3/874 1134/2/874
f 1138/4/875 1137/3/875 1141/4/875
f 1138/4/876 1139/4/876 1137/3/876
f 1140/3/876 1137/3/876 1139/4/876
f 1137/3/877 1140/3/877 1136/2/877
f 1132/3/875 1141/4/875 1137/3/875
f 1141/4/870 1132/3/870 1133/4/870
f 1140/3/878 1139/4/878 1142/3/878
f 1142/3/879 1144/2/879 1140/3/879
f 1143/2/877 1136/2/877 1140/3/877
f 1143/2/879 1140/3/879 1144/2/879
f 1144/2/880 1145/1/880 1143/2/880
f 1145/1/881 1144/2/881 1123/1/881
f 1146/2/881 1123/1/881 1144/2/881
f 1144/2/882 1142/3/882 1146/2/882
f 1146/2/863 1122/2/863 1123/1/863
f 1122/2/883 1146/2/883 1130/3/883
f 1147/3/882 1146/2/882 1142/3/882
f 1147/3/883 1130/3/883 1146/2/883
f 1142/3/884 1148/4/884 1147/3/884
f 1149/4/884 1147/3/884 1148/4/884
f 1149/4/885 1150/4/885 1147/3/885
f 1130/3/885 1147/3/885 1150/4/885
f 1150/4/868 1129/4/868 1130/3/868
f 1148/4/878 1142/3/878 1139/4/878
f 1151/1/880 1143/2/880 1145/1/880
f 1151/1/886 1152/1/886 1143/2/886
f 1152/1/873 1135/1/873 1136/2/873
f 1136/2/886 1143/2/886 1152/1/886
f 1125/1/872 1127/2/872 1135/1/872
f 1153/1/887 1154/2/887 1156/1/887
f 1153/1/888 1155/1/888 1154/2/888
f 1156/1/889 1158/2/889 1157/1/889
f 1158/2/887 1156/1/887 1154/2/887
f 1159/2/889 1157/1/889 1158/2/889
f 1158/2/890 1160/3/890 1159/2/890
f 1158/2/891 1154/2/891 1160/3/891
f 1160/3/892 1161/4/892 1163/3/892
f 1160/3/893 1162/3/893 1161/4/893
f 1162/3/891 1160/3/891 1154/2/891
f 1163/3/890 1159/2/890 1160/3/890
f 1164/3/894 1166/2/894 1163/3/894
f 1163/3/895 1165/4/895 1164/3/895
f 1165/4/892 1163/3/892 1161/4/892
f 1159/2/894 1163/3/894 1166/2/894
f 1166/2/896 1167/1/896 1159/2/896
f 1166/2/897 1168/2/897 1167/1/897
f 1168/2/898 1166/2/898 1169/3/898
f 1164/3/898 1169/3/898 1166/2/898
f 1170/4/899 1169/3/899 1173/4/899
f 1170/4/900 1171/4/900 1169/3/900
f 1172/3/900 1169/3/900 1171/4/900
f 1169/3/901 1172/3/901 1168/2/901
f 1164/3/899 1173/4/899 1169/3/899
f 1173/4/895 1164/3/895 1165/4/895
f 1172/3/902 1171/4/902 1174/3/902
f 1174/3/903 1176/2/903 1172/3/903
f 1175/2/901 1168/2/901 1172/3/901
f 1175/2/903 1172/3/903 1176/2/903
f 1176/2/904 1177/1/904 1175/2/904
f 1177/1/905 1176/2/905 1155/1/905
f 1178/2/905 1155/1/905 1176/2/905
f 1176/2/906 1174/3/906 1178/2/906
f 1178/2/888 1154/2/888 1155/1/888
f 1154/2/907 1178/2/907 1162/3/907
f 1179/3/906 1178/2/906 1174/3/906
f 1179/3/907 1162/3/907 1178/2/907
f 1174/3/908 1180/4/908 1179/3/908
f 1181/4/908 1179/3/908 1180/4/908
f 1181/4/909 1182/4/909 1179/3/909
f 1162/3/909 1179/3/909 1182/4/909
f 1182/4/893 1161/4/893 1162/3/893
f 1180/4/902 1174/3/902 1171/4/902
f 1183/1/904 1175/2/904 1177/1/904
f 1183/1/910 1184/1/910 1175/2/910
f 1184/1/897 1167/1/897 1168/2/897
f 1168/2/910 1175/2/910 1184/1/910
f 1157/1/896 1159/2/896 1167/1/896
f 1185/1/911 1186/2/911 1188/1/911
f 1185/1/912 1187/1/912 1186/2/912
f 1188/1/913 1190/2/913 1189/1/913
f 1190/2/911 1188/1/911 1186/2/911
f 1191/2/914 1189/1/914 1190/2/914
f 1190/2/915 1192/3/915 1191/2/915
f 1190/2/916 1186/2/916 1192/3/916
f 1192/3/917 1193/4/917 1195/3/917
f 1192/3/918 1194/3/918 1193/4/918
f 1194/3/916 1192/3/916 1186/2/916
f 1195/3/915 1191/2/915 1192/3/915
f 1196/3/919 1198/2/919 1195/3/919
f 1195/3/920 1197/4/920 1196/3/920
f 1197/4/917 1195/3/917 1193/4/917
f 1191/2/919 1195/3/919 1198/2/919
f 1198/2/921 1199/1/921 1191/2/921
f 1198/2/922 1200/2/922 1199/1/922
f 1200/2/923 1198/2/923 1201/3/923
f 1196/3/923 1201/3/923 1198/2/923
f 1202/4/924 1201/3/924 1205/4/924
f 1202/4/925 1203/4/925 1201/3/925
f 1204/3/925 1201/3/925 1203/4/925
f 1201/3/926 1204/3/926 1200/2/926
f 1196/3/924 1205/4/924 1201/3/924
f 1205/4/920 1196/3/920 1197/4/920
f 1204/3/927 1203/4/927 1206/3/927
f 1206/3/928 1208/2/928 1204/3/928
f 1207/2/926 1200/2/926 1204/3/926
f 1207/2/928 1204/3/928 1208/2/928
f 1208/2/929 1209/1/929 1207/2/929
f 1209/1/930 1208/2/930 1187/1/930
f 1210/2/930 1187/1/930 1208/2/930
f 1208/2/931 1206/3/931 1210/2/931
f 1210/2/912 1186/2/912 1187/1/912
f 1186/2/932 1210/2/932 1194/3/932
f 1211/3/931 1210/2/931 1206/3/931
f 1211/3/932 1194/3/932 1210/2/932
f 1206/3/933 1212/4/933 1211/3/933
f 1213/4/933 1211/3/933 1212/4/933
f 1213/4/934 1214/4/934 1211/3/934
f 1194/3/934 1211/3/934 1214/4/934
f 1214/4/918 1193/4/918 1194/3/918
f 1212/4/927 1206/3/927 1203/4/927
f 1215/1/929 1207/2/929 1209/1/929
f 1215/1/935 1216/1/935 1207/2/935
f 1216/1/922 1199/1/922 1200/2/922
f 1200/2/935 1207/2/935 1216/1/935
f 1189/1/921 1191/2/921 1199/1/921
f 1217/1/936 1218/2/936 1220/1/936
f 1217/1/937 1219/1/937 1218/2/937
f 1220/1/938 1222/2/938 1221/1/938
f 1222/2/936 1220/1/936 1218/2/936
f 1223/2/938 1221/1/938 1222/2/938
f 1222/2/939 1224/3/939 1223/2/939
f 1222/2/940 1218/2/940 1224/3/940
f 1224/3/941 1225/4/941 1227/3/941
f 1224/3/942 1226/3/942 1225/4/942
f 1226/3/940 1224/3/940 1218/2/940
f 1227/3/939 1223/2/939 1224/3/939
f 1228/3/943 1230/2/943 1227/3/943
f 1227/3/944 1229/4/944 1228/3/944
f 1229/4/941 1227/3/941 1225/4/941
f 1223/2/943 1227/3/943 1230/2/943
f 1230/2/945 1231/1/945 1223/2/945
f 1230/2/946 1232/2/946 1231/1/946
f 1232/2/947 1230/2/947 1233/3/947
f 1228/3/947 1233/3/947 1230/2/947
f 1234/4/948 1233/3/948 1237/4/948
f 1234/4/949 1235/4/949 1233/3/949
f 1236/3/949 1233/3/949 1235/4/949
f 1233/3/950 1236/3/950 1232/2/950
f 1228/3/948 1237/4/948 1233/3/948
f 1237/4/944 1228/3/944 1229/4/944
f 1236/3/951 1235/4/951 1238/3/951
f 1238/3/952 1240/2/952 1236/3/952
f 1239/2/950 1232/2/950 1236/3/950
f 1239/2/952 1236/3/952 1240/2/952
f 1240/2/953 1241/1/953 1239/2/953
f 1241/1/954 1240/2/954 1219/1/954
f 1242/2/954 1219/1/954 1240/2/954
f 1240/2/955 1238/3/955 1242/2/955
f 1242/2/937 1218/2/937 1219/1/937
f 1218/2/956 1242/2/956 1226/3/956
f 1243/3/955 1242/2/955 1238/3/955
f 1243/3/956 1226/3/956 1242/2/956
f 1238/3/957 1244/4/957 1243/3/957
f 1245/4/957 1243/3/957 1244/4/957
f 1245/4/958 1246/4/958 1243/3/958
f 1226/3/958 1243/3/958 1246/4/958
f 1246/4/942 1225/4/942 1226/3/942
f 1244/4/951 1238/3/951 1235/4/951
f 1247/1/953 1239/2/953 1241/1/953
f 1247/1/959 1248/1/959 1239/2/959
f 1248/1/946 1231/1/946 1232/2/946
f 1232/2/959 1239/2/959 1248/1/959
f 1221/1/945 1223/2/945 1231/1/945
f 1249/1/960 1250/2/960 1252/1/960
f 1249/1/961 1251/1/961 1250/2/961
f 1252/1/962 1254/2/962 1253/1/962
f 1254/2/960 1252/1/960 1250/2/960
f 1255/2/962 1253/1/962 1254/2/962
f 1254/2/963 1256/3/963 1255/2/963
f 1254/2/964 1250/2/964 1256/3/964
f 1256/3/965 1257/4/965 1259/3/965
f 1256/3/966 1258/3/966 1257/4/966
f 1258/3/964 1256/3/964 1250/2/964
f 1259/3/963 1255/2/963 1256/3/963
f 1260/3/967 1262/2/967 1259/3/967
f 1259/3/968 1261/4/968 1260/3/968
f 1261/4/969 1259/3/969 1257/4/969
f 1255/2/967 1259/3/967 1262/2/967
f 1262/2/970 1263/1/970 1255/2/970
f 1262/2/971 1264/2/971 1263/1/971
f 1264/2/972 1262/2/972 1265/3/972
f 1260/3/972 1265/3/972 1262/2/972
f 1266/4/973 1265/3/973 1269/4/973
f 1266/4/974 1267/4/974 1265/3/974
f 1268/3/974 1265/3/974 1267/4/974
f 1265/3/975 1268/3/975 1264/2/975
f 1260/3/973 1269/4/973 1265/3/973
f 1269/4/968 1260/3/968 1261/4/968
f 1268/3/976 1267/4/976 1270/3/976
f 1270/3/977 1272/2/977 1268/3/977
f 1271/2/975 1264/2/975 1268/3/975
f 1271/2/977 1268/3/977 1272/2/977
f 1272/2/978 1273/1/978 1271/2/978
f 1273/1/979 1272/2/979 1251/1/979
f 1274/2/980 1251/1/980 1272/2/980
f 1272/2/981 1270/3/981 1274/2/981
f 1274/2/961 1250/2/961 1251/1/961
f 1250/2/982 1274/2/982 1258/3/982
f 1275/3/981 1274/2/981 1270/3/981
f 1275/3/982 1258/3/982 1274/2/982
f 1270/3/983 1276/4/983 1275/3/983
f 1277/4/983 1275/3/983 1276/4/983
f 1277/4/984 1278/4/984 1275/3/984
f 1258/3/984 1275/3/984 1278/4/984
f 1278/4/966 1257/4/966 1258/3/966
f 1276/4/976 1270/3/976 1267/4/976
f 1279/1/978 1271/2/978 1273/1/978
f 1279/1/985 1280/1/985 1271/2/985
f 1280/1/971 1263/1/971 1264/2/971
f 1264/2/985 1271/2/985 1280/1/985
f 1253/1/970 1255/2/970 1263/1/970
f 1281/1/986 1282/2/986 1284/1/986
f 1281/1/987 1283/1/987 1282/2/987
f 1284/1/988 1286/2/988 1285/1/988
f 1286/2/986 1284/1/986 1282/2/986
f 1287/2/988 1285/1/988 1286/2/988
f 1286/2/989 1288/3/989 1287/2/989
f 1286/2/990 1282/2/990 1288/3/990
f 1288/3/991 1289/4/991 1291/3/991
f 1288/3/992 1290/3/992 1289/4/992
f 1290/3/990 1288/3/990 1282/2/990
f 1291/3/989 1287/2/989 1288/3/989
f 1292/3/993 1294/2/993 1291/3/993
f 1291/3/994 1293/4/994 1292/3/994
f 1293/4/991 1291/3/991 1289/4/991
f 1287/2/993 1291/3/993 1294/2/993
f 1294/2/995 1295/1/995 1287/2/995
f 1294/2/996 1296/2/996 1295/1/996
f 1296/2/997 1294/2/997 1297/3/997
f 1292/3/997 1297/3/997 1294/2/997
f 1298/4/998 1297/3/998 1301/4/998
f 1298/4/999 1299/4/999 1297/3/999
f 1300/3/999 1297/3/999 1299/4/999
f 1297/3/1000 1300/3/1000 1296/2/1000
f 1292/3/998 1301/4/998 1297/3/998
f 1301/4/994 1292/3/994 1293/4/994
f 1300/3/1001 1299/4/1001 1302/3/1001
f 1302/3/1002 1304/2/1002 1300/3/1002
f 1303/2/1000 1296/2/1000 1300/3/1000
f 1303/2/1002 1300/3/1002 1304/2/1002
f 1304/2/1003 1305/1/1003 1303/2/1003
f 1305/1/1004 1304/2/1004 1283/1/1004
f 1306/2/1004 1283/1/1004 1304/2/1004
f 1304/2/1005 1302/3/1005 1306/2/1005
f 1306/2/987 1282/2/987 1283/1/987
f 1282/2/1006 1306/2/1006 1290/3/1006
f 1307/3/1005 1306/2/1005 1302/3/1005
f 1307/3/1006 1290/3/1006 1306/2/1006
f 1302/3/1007 1308/4/1007 1307/3/1007
f 1309/4/1007 1307/3/1007 1308/4/1007
f 1309/4/1008 1310/4/1008 1307/3/1008
f 1290/3/1008 1307/3/1008 1310/4/1008
f 1310/4/992 1289/4/992 1290/3/992
f 1308/4/1001 1302/3/1001 1299/4/1001
f 1311/1/1003 1303/2/1003 1305/1/1003
f 1311/1/1009 1312/1/1009 1303/2/1009
f 1312/1/996 1295/1/996 1296/2/996
f 1296/2/1009 1303/2/1009 1312/1/1009
f 1285/1/995 1287/2/995 1295/1/995
usemtl 
f 1313/5/1010 1315/5/1010 1314/5/1010
f 1316/5/1010 1314/5/1010 1315/5/1010
f 1317/5/1010 1314/5/1010 1316/5/1010
f 1318/5/1010 1317/5/1010 1316/5/1010
f 1319/5/1010 1317/5/1010 1318/5/1010
f 1320/5/1010 1319/5/1010 1318/5/1010
f 1321/6/1011 1314/5/1011 1322/6/1011
f 1317/5/1011 1322/6/1011 1314/5/1011
f 1323/6/1012 1324/6/1012 1315/5/1012
f 1316/5/1012 1315/5/1012 1324/6/1012
f 1324/6/1013 1325/6/1013 1316/5/1013
f 1318/5/1013 1316/5/1013 1325/6/1013
f 1318/5/1014 1325/6/1014 1320/5/1014
f 1326/6/1014 1320/5/1014 1325/6/1014
f 1327/6/1015 1313/5/1015 1321/6/1015
f 1314/5/1015 1321/6/1015 1313/5/1015
f 1319/5/1016 1320/5/1016 1328/6/1016
f 1326/6/1016 1328/6/1016 1320/5/1016
f 1322/6/1017 1317/5/1017 1328/6/1017
f 1319/5/1017 1328/6/1017 1317/5/1017
f 1327/6/1018 1323/6/1018 1313/5/1018
f 1315/5/1018 1313/5/1018 1323/6/1018
f 1329/7/1019 1324/6/1019 1330/7/1019
f 1323/6/1019 1330/7/1019 1324/6/1019
f 1331/7/1020 1325/6/1020 1329/7/1020
f 1324/6/1020 1329/7/1020 1325/6/1020
f 1327/6/1021 1321/6/1021 1332/7/1021
f 1333/7/1021 1332/7/1021 1321/6/1021
f 1334/7/1022 1322/6/1022 1335/7/1022
f 1328/6/1022 1335/7/1022 1322/6/1022
f 1336/7/1023 1335/7/1023 1326/6/1023
f 1328/6/1023 1326/6/1023 1335/7/1023
f 1325/6/1024 1331/7/1024 1326/6/1024
f 1336/7/1024 1326/6/1024 1331/7/1024
f 1333/7/1025 1321/6/1025 1334/7/1025
f 1322/6/1025 1334/7/1025 1321/6/1025
f 1323/6/1026 1327/6/1026 1330/7/1026
f 1332/7/1026 1330/7/1026 1327/6/1026
f 1332/7/1027 1333/7/1027 1330/7/1027
f 1329/7/1027 1330/7/1027 1333/7/1027
f 1334/7/1027 1329/7/1027 1333/7/1027
f 1335/7/1027 1329/7/1027 1334/7/1027
f 1331/7/1027 1329/7/1027 1335/7/1027
f 1336/7/1027 1331/7/1027 1335/7/1027
f 1340/8/1028 1337/9/1028 1338/10/1028
f 1337/9/1029 1339/11/1029 1338/10/1029
f 1337/9/1030 1342/5/1030 1339/11/1030
f 1337/9/1031 1340/8/1031 1341/9/1031
f 1337/9/1032 1341/9/1032 1342/5/1032
f 1343/12/1030 1346/13/1030 1342/5/1030
f 1342/5/1033 1344/5/1033 1343/12/1033
f 1344/5/1032 1342/5/1032 1341/9/1032
f 1345/14/1030 1339/11/1030 1342/5/1030
f 1346/13/1030 1345/14/1030 1342/5/1030
f 1343/12/1034 1347/7/1034 1346/13/1034
f 1346/13/1035 1347/7/1035 1348/13/1035
f 1348/13/1036 1349/14/1036 1346/13/1036
f 1345/14/1036 1346/13/1036 1349/14/1036
f 1350/11/1037 1339/11/1037 1349/14/1037
f 1350/11/1038 1349/14/1038 1341/9/1038
f 1344/5/1038 1341/9/1038 1349/14/1038
f 1348/13/1038 1344/5/1038 1349/14/1038
f 1345/14/1037 1349/14/1037 1339/11/1037
f 1351/10/1039 1338/10/1039 1350/11/1039
f 1350/11/1040 1341/9/1040 1351/10/1040
f 1339/11/1041 1350/11/1041 1338/10/1041
f 1351/10/1042 1341/9/1042 1352/8/1042
f 1351/10/1035 1352/8/1035 1338/10/1035
f 1352/8/1031 1341/9/1031 1340/8/1031
f 1340/8/1035 1338/10/1035 1352/8/1035
f 1353/12/1038 1344/5/1038 1348/13/1038
f 1348/13/1043 1354/7/1043 1353/12/1043
f 1354/7/1035 1348/13/1035 1347/7/1035
f 1354/7/1044 1355/15/1044 1353/12/1044
f 1355/15/1041 1354/7/1041 1356/15/1041
f 1347/7/1041 1356/15/1041 1354/7/1041
f 1356/15/1045 1343/12/1045 1355/15/1045
f 1343/12/1046 1356/15/1046 1347/7/1046
f 1353/12/1045 1355/15/1045 1343/12/1045
f 1353/12/1033 1343/12/1033 1344/5/1033
f 1360/8/1047 1357/9/1047 1358/10/1047
f 1357/9/1048 1359/11/1048 1358/10/1048
f 1357/9/1049 1362/5/1049 1359/11/1049
f 1357/9/1050 1360/8/1050 1361/9/1050
f 1357/9/1051 1361/9/1051 1362/5/1051
f 1363/12/1049 1366/13/1049 1362/5/1049
f 1362/5/1052 1364/5/1052 1363/12/1052
f 1364/5/1051 1362/5/1051 1361/9/1051
f 1365/14/1049 1359/11/1049 1362/5/1049
f 1366/13/1049 1365/14/1049 1362/5/1049
f 1363/12/1053 1367/7/1053 1366/13/1053
f 1366/13/1054 1367/7/1054 1368/13/1054
f 1368/13/1055 1369/14/1055 1366/13/1055
f 1365/14/1055 1366/13/1055 1369/14/1055
f 1370/11/1056 1359/11/1056 1369/14/1056
f 1370/11/1057 1369/14/1057 1361/9/1057
f 1364/5/1057 1361/9/1057 1369/14/1057
f 1368/13/1057 1364/5/1057 1369/14/1057
f 1365/14/1056 1369/14/1056 1359/11/1056
f 1371/10/1058 1358/10/1058 1370/11/1058
f 1370/11/1059 1361/9/1059 1371/10/1059
f 1359/11/1058 1370/11/1058 1358/10/1058
f 1371/10/1060 1361/9/1060 1372/8/1060
f 1371/10/1054 1372/8/1054 1358/10/1054
f 1372/8/1050 1361/9/1050 1360/8/1050
f 1360/8/1054 1358/10/1054 1372/8/1054
f 1373/12/1057 1364/5/1057 1368/13/1057
f 1368/13/1061 1374/7/1061 1373/12/1061
f 1374/7/1054 1368/13/1054 1367/7/1054
f 1374/7/1062 1375/15/1062 1373/12/1062
f 1375/15/1058 1374/7/1058 1376/15/1058
f 1367/7/1058 1376/15/1058 1374/7/1058
f 1376/15/1063 1363/12/1063 1375/15/1063
f 1363/12/1064 1376/15/1064 1367/7/1064
f 1373/12/1063 1375/15/1063 1363/12/1063
f 1373/12/1052 1363/12/1052 1364/5/1052
f 1380/8/1065 1377/9/1065 1378/10/1065
f 1377/9/1066 1379/11/1066 1378/10/1066
f 1377/9/1038 1382/5/1038 1379/11/1038
f 1377/9/1067 1380/8/1067 1381/9/1067
f 1377/9/1068 1381/9/1068 1382/5/1068
f 1383/12/1038 1386/13/1038 1382/5/1038
f 1382/5/1069 1384/5/1069 1383/12/1069
f 1384/5/1068 1382/5/1068 1381/9/1068
f 1385/14/1038 1379/11/1038 1382/5/1038
f 1386/13/1038 1385/14/1038 1382/5/1038
f 1383/12/1070 1387/7/1070 1386/13/1070
f 1386/13/1071 1387/7/1071 1388/13/1071
f 1388/13/1039 1389/14/1039 1386/13/1039
f 1385/14/1039 1386/13/1039 1389/14/1039
f 1390/11/1072 1379/11/1072 1389/14/1072
f 1390/11/1030 1389/14/1030 1381/9/1030
f 1384/5/1030 1381/9/1030 1389/14/1030
f 1388/13/1030 1384/5/1030 1389/14/1030
f 1385/14/1072 1389/14/1072 1379/11/1072
f 1391/10/1073 1378/10/1073 1390/11/1073
f 1390/11/1074 1381/9/1074 1391/10/1074
f 1379/11/1073 1390/11/1073 1378/10/1073
f 1391/10/1075 1381/9/1075 1392/8/1075
f 1391/10/1071 1392/8/1071 1378/10/1071
f 1392/8/1067 1381/9/1067 1380/8/1067
f 1380/8/1071 1378/10/1071 1392/8/1071
f 1393/12/1030 1384/5/1030 1388/13/1030
f 1388/13/1076 1394/7/1076 1393/12/1076
f 1394/7/1071 1388/13/1071 1387/7/1071
f 1394/7/1077 1395/15/1077 1393/12/1077
f 1395/15/1073 1394/7/1073 1396/15/1073
f 1387/7/1073 1396/15/1073 1394/7/1073
f 1396/15/1078 1383/12/1078 1395/15/1078
f 1383/12/1079 1396/15/1079 1387/7/1079
f 1393/12/1078 1395/15/1078 1383/12/1078
f 1393/12/1069 1383/12/1069 1384/5/1069
f 1400/8/1080 1397/9/1080 1398/10/1080
f 1397/9/1081 1399/11/1081 1398/10/1081
f 1397/9/1057 1402/5/1057 1399/11/1057
f 1397/9/1082 1400/8/1082 1401/9/1082
f 1397/9/1083 1401/9/1083 1402/5/1083
f 1403/12/1057 1406/13/1057 1402/5/1057
f 1402/5/1084 1404/5/1084 1403/12/1084
f 1404/5/1083 1402/5/1083 1401/9/1083
f 1405/14/1057 1399/11/1057 1402/5/1057
f 1406/13/1057 1405/14/1057 1402/5/1057
f 1403/12/1085 1407/7/1085 1406/13/1085
f 1406/13/1086 1407/7/1086 1408/13/1086
f 1408/13/1058 1409/14/1058 1406/13/1058
f 1405/14/1058 1406/13/1058 1409/14/1058
f 1410/11/1087 1399/11/1087 1409/14/1087
f 1410/11/1049 1409/14/1049 1401/9/1049
f 1404/5/1049 1401/9/1049 1409/14/1049
f 1408/13/1049 1404/5/1049 1409/14/1049
f 1405/14/1087 1409/14/1087 1399/11/1087
f 1411/10/1055 1398/10/1055 1410/11/1055
f 1410/11/1088 1401/9/1088 1411/10/1088
f 1399/11/1055 1410/11/1055 1398/10/1055
f 1411/10/1089 1401/9/1089 1412/8/1089
f 1411/10/1086 1412/8/1086 1398/10/1086
f 1412/8/1082 1401/9/1082 1400/8/1082
f 1400/8/1086 1398/10/1086 1412/8/1086
f 1413/12/1049 1404/5/1049 1408/13/1049
f 1408/13/1090 1414/7/1090 1413/12/1090
f 1414/7/1086 1408/13/1086 1407/7/1086
f 1414/7/1091 1415/15/1091 1413/12/1091
f 1415/15/1055 1414/7/1055 1416/15/1055
f 1407/7/1055 1416/15/1055 1414/7/1055
f 1416/15/1092 1403/12/1092 1415/15/1092
f 1403/12/1093 1416/15/1093 1407/7/1093
f 1413/12/1092 1415/15/1092 1403/12/1092
f 1413/12/1084 1403/12/1084 1404/5/1084
f 1420/16/1094 1417/17/1094 1418/18/1094
f 1417/17/1095 1419/19/1095 1418/18/1095
f 1417/17/1096 1422/7/1096 1419/19/1096
f 1417/17/1097 1420/16/1097 1421/17/1097
f 1417/17/1098 1421/17/1098 1422/7/1098
f 1423/20/1096 1426/21/1096 1422/7/1096
f 1422/7/1099 1424/7/1099 1423/20/1099
f 1424/7/1098 1422/7/1098 1421/17/1098
f 1425/22/1096 1419/19/1096 1422/7/1096
f 1426/21/1096 1425/22/1096 1422/7/1096
f 1423/20/1100 1427/23/1100 1426/21/1100
f 1426/21/1101 1427/23/1101 1428/21/1101
f 1428/21/1102 1429/22/1102 1426/21/1102
f 1425/22/1102 1426/21/1102 1429/22/1102
f 1430/19/1103 1419/19/1103 1429/22/1103
f 1430/19/1104 1429/22/1104 1421/17/1104
f 1424/7/1104 1421/17/1104 1429/22/1104
f 1428/21/1104 1424/7/1104 1429/22/1104
f 1425/22/1103 1429/22/1103 1419/19/1103
f 1431/18/1105 1418/18/1105 1430/19/1105
f 1430/19/1106 1421/17/1106 1431/18/1106
f 1419/19/1105 1430/19/1105 1418/18/1105
f 1431/18/1107 1421/17/1107 1432/16/1107
f 1431/18/1101 1432/16/1101 1418/18/1101
f 1432/16/1097 1421/17/1097 1420/16/1097
f 1420/16/1101 1418/18/1101 1432/16/1101
f 1433/20/1104 1424/7/1104 1428/21/1104
f 1428/21/1108 1434/23/1108 1433/20/1108
f 1434/23/1101 1428/21/1101 1427/23/1101
f 1434/23/1109 1435/24/1109 1433/20/1109
f 1435/24/1105 1434/23/1105 1436/24/1105
f 1427/23/1105 1436/24/1105 1434/23/1105
f 1436/24/1110 1423/20/1110 1435/24/1110
f 1423/20/1111 1436/24/1111 1427/23/1111
f 1433/20/1110 1435/24/1110 1423/20/1110
f 1433/20/1099 1423/20/1099 1424/7/1099
f 1440/16/1112 1437/17/1112 1438/18/1112
f 1437/17/1113 1439/19/1113 1438/18/1113
f 1437/17/1114 1442/7/1114 1439/19/1114
f 1437/17/1115 1440/16/1115 1441/17/1115
f 1437/17/1116 1441/17/1116 1442/7/1116
f 1443/20/1114 1446/21/1114 1442/7/1114
f 1442/7/1117 1444/7/1117 1443/20/1117
f 1444/7/1116 1442/7/1116 1441/17/1116
f 1445/22/1114 1439/19/1114 1442/7/1114
f 1446/21/1114 1445/22/1114 1442/7/1114
f 1443/20/1118 1447/23/1118 1446/21/1118
f 1446/21/1119 1447/23/1119 1448/21/1119
f 1448/21/1120 1449/22/1120 1446/21/1120
f 1445/22/1120 1446/21/1120 1449/22/1120
f 1450/19/1121 1439/19/1121 1449/22/1121
f 1450/19/1122 1449/22/1122 1441/17/1122
f 1444/7/1122 1441/17/1122 1449/22/1122
f 1448/21/1122 1444/7/1122 1449/22/1122
f 1445/22/1121 1449/22/1121 1439/19/1121
f 1451/18/1123 1438/18/1123 1450/19/1123
f 1450/19/1124 1441/17/1124 1451/18/1124
f 1439/19/1123 1450/19/1123 1438/18/1123
f 1451/18/1125 1441/17/1125 1452/16/1125
f 1451/18/1119 1452/16/1119 1438/18/1119
f 1452/16/1115 1441/17/1115 1440/16/1115
f 1440/16/1119 1438/18/1119 1452/16/1119
f 1453/20/1122 1444/7/1122 1448/21/1122
f 1448/21/1126 1454/23/1126 1453/20/1126
f 1454/23/1119 1448/21/1119 1447/23/1119
f 1454/23/1127 1455/24/1127 1453/20/1127
f 1455/24/1123 1454/23/1123 1456/24/1123
f 1447/23/1123 1456/24/1123 1454/23/1123
f 1456/24/1128 1443/20/1128 1455/24/1128
f 1443/20/1129 1456/24/1129 1447/23/1129
f 1453/20/1128 1455/24/1128 1443/20/1128
f 1453/20/1117 1443/20/1117 1444/7/1117
f 1460/16/1130 1457/17/1130 1458/18/1130
f 1457/17/1131 1459/19/1131 1458/18/1131
f 1457/17/1104 1462/7/1104 1459/19/1104
f 1457/17/1132 1460/16/1132 1461/17/1132
f 1457/17/1133 1461/17/1133 1462/7/1133
f 1463/20/1104 1466/21/1104 1462/7/1104
f 1462/7/1134 1464/7/1134 1463/20/1134
f 1464/7/1133 1462/7/1133 1461/17/1133
f 1465/22/1104 1459/19/1104 1462/7/1104
f 1466/21/1104 1465/22/1104 1462/7/1104
f 1463/20/1135 1467/23/1135 1466/21/1135
f 1466/21/1136 1467/23/1136 1468/21/1136
f 1468/21/1105 1469/22/1105 1466/21/1105
f 1465/22/1105 1466/21/1105 1469/22/1105
f 1470/19/1137 1459/19/1137 1469/22/1137
f 1470/19/1096 1469/22/1096 1461/17/1096
f 1464/7/1096 1461/17/1096 1469/22/1096
f 1468/21/1096 1464/7/1096 1469/22/1096
f 1465/22/1137 1469/22/1137 1459/19/1137
f 1471/18/1102 1458/18/1102 1470/19/1102
f 1470/19/1138 1461/17/1138 1471/18/1138
f 1459/19/1102 1470/19/1102 1458/18/1102
f 1471/18/1139 1461/17/1139 1472/16/1139
f 1471/18/1136 1472/16/1136 1458/18/1136
f 1472/16/1132 1461/17/1132 1460/16/1132
f 1460/16/1136 1458/18/1136 1472/16/1136
f 1473/20/1096 1464/7/1096 1468/21/1096
f 1468/21/1140 1474/23/1140 1473/20/1140
f 1474/23/1136 1468/21/1136 1467/23/1136
f 1474/23/1141 1475/24/1141 1473/20/1141
f 1475/24/1102 1474/23/1102 1476/24/1102
f 1467/23/1102 1476/24/1102 1474/23/1102
f 1476/24/1142 1463/20/1142 1475/24/1142
f 1463/20/1143 1476/24/1143 1467/23/1143
f 1473/20/1142 1475/24/1142 1463/20/1142
f 1473/20/1134 1463/20/1134 1464/7/1134
f 1480/16/1144 1477/17/1144 1478/18/1144
f 1477/17/1145 1479/19/1145 1478/18/1145
f 1477/17/1122 1482/7/1122 1479/19/1122
f 1477/17/1146 1480/16/1146 1481/17/1146
f 1477/17/1147 1481/17/1147 1482/7/1147
f 1483/20/1122 1486/21/1122 1482/7/1122
f 1482/7/1148 1484/7/1148 1483/20/1148
f 1484/7/1147 1482/7/1147 1481/17/1147
f 1485/22/1122 1479/19/1122 1482/7/1122
f 1486/21/1122 1485/22/1122 1482/7/1122
f 1483/20/1149 1487/23/1149 1486/21/1149
f 1486/21/1150 1487/23/1150 1488/21/1150
f 1488/21/1123 1489/22/1123 1486/21/1123
f 1485/22/1123 1486/21/1123 1489/22/1123
f 1490/19/1151 1479/19/1151 1489/22/1151
f 1490/19/1114 1489/22/1114 1481/17/1114
f 1484/7/1114 1481/17/1114 1489/22/1114
f 1488/21/1114 1484/7/1114 1489/22/1114
f 1485/22/1151 1489/22/1151 1479/19/1151
f 1491/18/1120 1478/18/1120 1490/19/1120
f 1490/19/1152 1481/17/1152 1491/18/1152
f 1479/19/1120 1490/19/1120 1478/18/1120
f 1491/18/1153 1481/17/1153 1492/16/1153
f 1491/18/1150 1492/16/1150 1478/18/1150
f 1492/16/1146 1481/17/1146 1480/16/1146
f 1480/16/1150 1478/18/1150 1492/16/1150
f 1493/20/1114 1484/7/1114 1488/21/1114
f 1488/21/1154 1494/23/1154 1493/20/1154
f 1494/23/1150 1488/21/1150 1487/23/1150
f 1494/23/1155 1495/24/1155 1493/20/1155
f 1495/24/1120 1494/23/1120 1496/24/1120
f 1487/23/1120 1496/24/1120 1494/23/1120
f 1496/24/1156 1483/20/1156 1495/24/1156
f 1483/20/1157 1496/24/1157 1487/23/1157
f 1493/20/1156 1495/24/1156 1483/20/1156
f 1493/20/1148 1483/20/1148 1484/7/1148
f 1497/5/1158 1499/5/1158 1498/5/1158
f 1500/5/1158 1498/5/1158 1499/5/1158
f 1501/5/1158 1498/5/1158 1500/5/1158
f 1502/5/1158 1501/5/1158 1500/5/1158
f 1503/5/1158 1501/5/1158 1502/5/1158
f 1504/5/1158 1503/5/1158 1502/5/1158
f 1505/6/1159 1498/5/1159 1506/6/1159
f 1501/5/1159 1506/6/1159 1498/5/1159
f 1507/6/1160 1508/6/1160 1499/5/1160
f 1500/5/1160 1499/5/1160 1508/6/1160
f 1508/6/1161 1509/6/1161 1500/5/1161
f 1502/5/1161 1500/5/1161 1509/6/1161
f 1502/5/1162 1509/6/1162 1504/5/1162
f 1510/6/1163 1504/5/1163 1509/6/1163
f 1511/6/1164 1497/5/1164 1505/6/1164
f 1498/5/1164 1505/6/1164 1497/5/1164
f 1503/5/1165 1504/5/1165 1512/6/1165
f 1510/6/1166 1512/6/1166 1504/5/1166
f 1506/6/1167 1501/5/1167 1512/6/1167
f 1503/5/1167 1512/6/1167 1501/5/1167
f 1511/6/1168 1507/6/1168 1497/5/1168
f 1499/5/1168 1497/5/1168 1507/6/1168
f 1513/7/1169 1508/6/1169 1514/7/1169
f 1507/6/1169 1514/7/1169 1508/6/1169
f 1515/7/1170 1509/6/1170 1513/7/1170
f 1508/6/1170 1513/7/1170 1509/6/1170
f 1511/6/1171 1505/6/1171 1516/7/1171
f 1517/7/1171 1516/7/1171 1505/6/1171
f 1518/7/1172 1506/6/1172 1519/7/1172
f 1512/6/1172 1519/7/1172 1506/6/1172
f 1520/7/1173 1519/7/1173 1510/6/1173
f 1512/6/1173 1510/6/1173 1519/7/1173
f 1509/6/1174 1515/7/1174 1510/6/1174
f 1520/7/1174 1510/6/1174 1515/7/1174
f 1517/7/1175 1505/6/1175 1518/7/1175
f 1506/6/1175 1518/7/1175 1505/6/1175
f 1507/6/1176 1511/6/1176 1514/7/1176
f 1516/7/1176 1514/7/1176 1511/6/1176
f 1516/7/1177 1517/7/1177 1514/7/1177
f 1513/7/1177 1514/7/1177 1517/7/1177
f 1518/7/1177 1513/7/1177 1517/7/1177
f 1519/7/1177 1513/7/1177 1518/7/1177
f 1515/7/1177 1513/7/1177 1519/7/1177
f 1520/7/1177 1515/7/1177 1519/7/1177
f 1524/8/1178 1521/9/1178 1522/10/1178
f 1521/9/1179 1523/11/1179 1522/10/1179
f 1521/9/1180 1526/5/1180 1523/11/1180
f 1521/9/1181 1524/8/1181 1525/9/1181
f 1521/9/1182 1525/9/1182 1526/5/1182
f 1527/12/1180 1530/13/1180 1526/5/1180
f 1526/5/1183 1528/5/1183 1527/12/1183
f 1528/5/1182 1526/5/1182 1525/9/1182
f 1529/14/1180 1523/11/1180 1526/5/1180
f 1530/13/1180 1529/14/1180 1526/5/1180
f 1527/12/1184 1531/7/1184 1530/13/1184
f 1530/13/1185 1531/7/1185 1532/13/1185
f 1532/13/1186 1533/14/1186 1530/13/1186
f 1529/14/1186 1530/13/1186 1533/14/1186
f 1534/11/1187 1523/11/1187 1533/14/1187
f 1534/11/1188 1533/14/1188 1525/9/1188
f 1528/5/1188 1525/9/1188 1533/14/1188
f 1532/13/1188 1528/5/1188 1533/14/1188
f 1529/14/1187 1533/14/1187 1523/11/1187
f 1535/10/1189 1522/10/1189 1534/11/1189
f 1534/11/1190 1525/9/1190 1535/10/1190
f 1523/11/1189 1534/11/1189 1522/10/1189
f 1535/10/1191 1525/9/1191 1536/8/1191
f 1535/10/1185 1536/8/1185 1522/10/1185
f 1536/8/1192 1525/9/1192 1524/8/1192
f 1524/8/1185 1522/10/1185 1536/8/1185
f 1537/12/1188 1528/5/1188 1532/13/1188
f 1532/13/1193 1538/7/1193 1537/12/1193
f 1538/7/1185 1532/13/1185 1531/7/1185
f 1538/7/1194 1539/15/1194 1537/12/1194
f 1539/15/1189 1538/7/1189 1540/15/1189
f 1531/7/1189 1540/15/1189 1538/7/1189
f 1540/15/1195 1527/12/1195 1539/15/1195
f 1527/12/1196 1540/15/1196 1531/7/1196
f 1537/12/1195 1539/15/1195 1527/12/1195
f 1537/12/1183 1527/12/1183 1528/5/1183
f 1544/8/1197 1541/9/1197 1542/10/1197
f 1541/9/1198 1543/11/1198 1542/10/1198
f 1541/9/1049 1546/5/1049 1543/11/1049
f 1541/9/1199 1544/8/1199 1545/9/1199
f 1541/9/1200 1545/9/1200 1546/5/1200
f 1547/12/1049 1550/13/1049 1546/5/1049
f 1546/5/1201 1548/5/1201 1547/12/1201
f 1548/5/1200 1546/5/1200 1545/9/1200
f 1549/14/1049 1543/11/1049 1546/5/1049
f 1550/13/1049 1549/14/1049 1546/5/1049
f 1547/12/1202 1551/7/1202 1550/13/1202
f 1550/13/1203 1551/7/1203 1552/13/1203
f 1552/13/1204 1553/14/1204 1550/13/1204
f 1549/14/1204 1550/13/1204 1553/14/1204
f 1554/11/1205 1543/11/1205 1553/14/1205
f 1554/11/1057 1553/14/1057 1545/9/1057
f 1548/5/1057 1545/9/1057 1553/14/1057
f 1552/13/1057 1548/5/1057 1553/14/1057
f 1549/14/1205 1553/14/1205 1543/11/1205
f 1555/10/1206 1542/10/1206 1554/11/1206
f 1554/11/1207 1545/9/1207 1555/10/1207
f 1543/11/1206 1554/11/1206 1542/10/1206
f 1555/10/1208 1545/9/1208 1556/8/1208
f 1555/10/1203 1556/8/1203 1542/10/1203
f 1556/8/1199 1545/9/1199 1544/8/1199
f 1544/8/1203 1542/10/1203 1556/8/1203
f 1557/12/1057 1548/5/1057 1552/13/1057
f 1552/13/1209 1558/7/1209 1557/12/1209
f 1558/7/1203 1552/13/1203 1551/7/1203
f 1558/7/1210 1559/15/1210 1557/12/1210
f 1559/15/1206 1558/7/1206 1560/15/1206
f 1551/7/1206 1560/15/1206 1558/7/1206
f 1560/15/1211 1547/12/1211 1559/15/1211
f 1547/12/1212 1560/15/1212 1551/7/1212
f 1557/12/1211 1559/15/1211 1547/12/1211
f 1557/12/1201 1547/12/1201 1548/5/1201
f 1564/8/1213 1561/9/1213 1562/10/1213
f 1561/9/1214 1563/11/1214 1562/10/1214
f 1561/9/1188 1566/5/1188 1563/11/1188
f 1561/9/1215 1564/8/1215 1565/9/1215
f 1561/9/1216 1565/9/1216 1566/5/1216
f 1567/12/1188 1570/13/1188 1566/5/1188
f 1566/5/1217 1568/5/1217 1567/12/1217
f 1568/5/1216 1566/5/1216 1565/9/1216
f 1569/14/1188 1563/11/1188 1566/5/1188
f 1570/13/1188 1569/14/1188 1566/5/1188
f 1567/12/1218 1571/7/1218 1570/13/1218
f 1570/13/1219 1571/7/1219 1572/13/1219
f 1572/13/1189 1573/14/1189 1570/13/1189
f 1569/14/1189 1570/13/1189 1573/14/1189
f 1574/11/1220 1563/11/1220 1573/14/1220
f 1574/11/1180 1573/14/1180 1565/9/1180
f 1568/5/1180 1565/9/1180 1573/14/1180
f 1572/13/1180 1568/5/1180 1573/14/1180
f 1569/14/1220 1573/14/1220 1563/11/1220
f 1575/10/1186 1562/10/1186 1574/11/1186
f 1574/11/1221 1565/9/1221 1575/10/1221
f 1563/11/1186 1574/11/1186 1562/10/1186
f 1575/10/1222 1565/9/1222 1576/8/1222
f 1575/10/1219 1576/8/1219 1562/10/1219
f 1576/8/1215 1565/9/1215 1564/8/1215
f 1564/8/1219 1562/10/1219 1576/8/1219
f 1577/12/1180 1568/5/1180 1572/13/1180
f 1572/13/1223 1578/7/1223 1577/12/1223
f 1578/7/1219 1572/13/1219 1571/7/1219
f 1578/7/1224 1579/15/1224 1577/12/1224
f 1579/15/1186 1578/7/1186 1580/15/1186
f 1571/7/1186 1580/15/1186 1578/7/1186
f 1580/15/1225 1567/12/1225 1579/15/1225
f 1567/12/1226 1580/15/1226 1571/7/1226
f 1577/12/1225 1579/15/1225 1567/12/1225
f 1577/12/1217 1567/12/1217 1568/5/1217
f 1584/8/1227 1581/9/1227 1582/10/1227
f 1581/9/1228 1583/11/1228 1582/10/1228
f 1581/9/1057 1586/5/1057 1583/11/1057
f 1581/9/1229 1584/8/1229 1585/9/1229
f 1581/9/1230 1585/9/1230 1586/5/1230
f 1587/12/1057 1590/13/1057 1586/5/1057
f 1586/5/1231 1588/5/1231 1587/12/1231
f 1588/5/1230 1586/5/1230 1585/9/1230
f 1589/14/1057 1583/11/1057 1586/5/1057
f 1590/13/1057 1589/14/1057 1586/5/1057
f 1587/12/1232 1591/7/1232 1590/13/1232
f 1590/13/1233 1591/7/1233 1592/13/1233
f 1592/13/1206 1593/14/1206 1590/13/1206
f 1589/14/1206 1590/13/1206 1593/14/1206
f 1594/11/1234 1583/11/1234 1593/14/1234
f 1594/11/1049 1593/14/1049 1585/9/1049
f 1588/5/1049 1585/9/1049 1593/14/1049
f 1592/13/1049 1588/5/1049 1593/14/1049
f 1589/14/1234 1593/14/1234 1583/11/1234
f 1595/10/1204 1582/10/1204 1594/11/1204
f 1594/11/1235 1585/9/1235 1595/10/1235
f 1583/11/1204 1594/11/1204 1582/10/1204
f 1595/10/1236 1585/9/1236 1596/8/1236
f 1595/10/1233 1596/8/1233 1582/10/1233
f 1596/8/1229 1585/9/1229 1584/8/1229
f 1584/8/1233 1582/10/1233 1596/8/1233
f 1597/12/1049 1588/5/1049 1592/13/1049
f 1592/13/1237 1598/7/1237 1597/12/1237
f 1598/7/1233 1592/13/1233 1591/7/1233
f 1598/7/1238 1599/15/1238 1597/12/1238
f 1599/15/1204 1598/7/1204 1600/15/1204
f 1591/7/1204 1600/15/1204 1598/7/1204
f 1600/15/1239 1587/12/1239 1599/15/1239
f 1587/12/1240 1600/15/1240 1591/7/1240
f 1597/12/1239 1599/15/1239 1587/12/1239
f 1597/12/1231 1587/12/1231 1588/5/1231
f 1604/16/1241 1601/17/1241 1602/18/1241
f 1601/17/1242 1603/19/1242 1602/18/1242
f 1601/17/1243 1606/7/1243 1603/19/1243
f 1601/17/1244 1604/16/1244 1605/17/1244
f 1601/17/1245 1605/17/1245 1606/7/1245
f 1607/20/1243 1610/21/1243 1606/7/1243
f 1606/7/1246 1608/7/1246 1607/20/1246
f 1608/7/1245 1606/7/1245 1605/17/1245
f 1609/22/1243 1603/19/1243 1606/7/1243
f 1610/21/1243 1609/22/1243 1606/7/1243
f 1607/20/1247 1611/23/1247 1610/21/1247
f 1610/21/1248 1611/23/1248 1612/21/1248
f 1612/21/1249 1613/22/1249 1610/21/1249
f 1609/22/1249 1610/21/1249 1613/22/1249
f 1614/19/1250 1603/19/1250 1613/22/1250
f 1614/19/1251 1613/22/1251 1605/17/1251
f 1608/7/1251 1605/17/1251 1613/22/1251
f 1612/21/1251 1608/7/1251 1613/22/1251
f 1609/22/1250 1613/22/1250 1603/19/1250
f 1615/18/1252 1602/18/1252 1614/19/1252
f 1614/19/1253 1605/17/1253 1615/18/1253
f 1603/19/1252 1614/19/1252 1602/18/1252
f 1615/18/1254 1605/17/1254 1616/16/1254
f 1615/18/1248 1616/16/1248 1602/18/1248
f 1616/16/1244 1605/17/1244 1604/16/1244
f 1604/16/1248 1602/18/1248 1616/16/1248
f 1617/20/1251 1608/7/1251 1612/21/1251
f 1612/21/1255 1618/23/1255 1617/20/1255
f 1618/23/1248 1612/21/1248 1611/23/1248
f 1618/23/1256 1619/24/1256 1617/20/1256
f 1619/24/1252 1618/23/1252 1620/24/1252
f 1611/23/1252 1620/24/1252 1618/23/1252
f 1620/24/1257 1607/20/1257 1619/24/1257
f 1607/20/1258 1620/24/1258 1611/23/1258
f 1617/20/1257 1619/24/1257 1607/20/1257
f 1617/20/1246 1607/20/1246 1608/7/1246
f 1624/16/1259 1621/17/1259 1622/18/1259
f 1621/17/1260 1623/19/1260 1622/18/1260
f 1621/17/1261 1626/7/1261 1623/19/1261
f 1621/17/1262 1624/16/1262 1625/17/1262
f 1621/17/1263 1625/17/1263 1626/7/1263
f 1627/20/1261 1630/21/1261 1626/7/1261
f 1626/7/1264 1628/7/1264 1627/20/1264
f 1628/7/1263 1626/7/1263 1625/17/1263
f 1629/22/1261 1623/19/1261 1626/7/1261
f 1630/21/1261 1629/22/1261 1626/7/1261
f 1627/20/1265 1631/23/1265 1630/21/1265
f 1630/21/1266 1631/23/1266 1632/21/1266
f 1632/21/1267 1633/22/1267 1630/21/1267
f 1629/22/1267 1630/21/1267 1633/22/1267
f 1634/19/1268 1623/19/1268 1633/22/1268
f 1634/19/1269 1633/22/1269 1625/17/1269
f 1628/7/1269 1625/17/1269 1633/22/1269
f 1632/21/1269 1628/7/1269 1633/22/1269
f 1629/22/1268 1633/22/1268 1623/19/1268
f 1635/18/1270 1622/18/1270 1634/19/1270
f 1634/19/1271 1625/17/1271 1635/18/1271
f 1623/19/1272 1634/19/1272 1622/18/1272
f 1635/18/1273 1625/17/1273 1636/16/1273
f 1635/18/1266 1636/16/1266 1622/18/1266
f 1636/16/1262 1625/17/1262 1624/16/1262
f 1624/16/1266 1622/18/1266 1636/16/1266
f 1637/20/1269 1628/7/1269 1632/21/1269
f 1632/21/1274 1638/23/1274 1637/20/1274
f 1638/23/1266 1632/21/1266 1631/23/1266
f 1638/23/1275 1639/24/1275 1637/20/1275
f 1639/24/1272 1638/23/1272 1640/24/1272
f 1631/23/1272 1640/24/1272 1638/23/1272
f 1640/24/1276 1627/20/1276 1639/24/1276
f 1627/20/1277 1640/24/1277 1631/23/1277
f 1637/20/1276 1639/24/1276 1627/20/1276
f 1637/20/1264 1627/20/1264 1628/7/1264
f 1644/16/1278 1641/17/1278 1642/18/1278
f 1641/17/1279 1643/19/1279 1642/18/1279
f 1641/17/1251 1646/7/1251 1643/19/1251
f 1641/17/1280 1644/16/1280 1645/17/1280
f 1641/17/1281 1645/17/1281 1646/7/1281
f 1647/20/1251 1650/21/1251 1646/7/1251
f 1646/7/1282 1648/7/1282 1647/20/1282
f 1648/7/1281 1646/7/1281 1645/17/1281
f 1649/22/1251 1643/19/1251 1646/7/1251
f 1650/21/1251 1649/22/1251 1646/7/1251
f 1647/20/1283 1651/23/1283 1650/21/1283
f 1650/21/1284 1651/23/1284 1652/21/1284
f 1652/21/1252 1653/22/1252 1650/21/1252
f 1649/22/1252 1650/21/1252 1653/22/1252
f 1654/19/1285 1643/19/1285 1653/22/1285
f 1654/19/1243 1653/22/1243 1645/17/1243
f 1648/7/1243 1645/17/1243 1653/22/1243
f 1652/21/1243 1648/7/1243 1653/22/1243
f 1649/22/1285 1653/22/1285 1643/19/1285
f 1655/18/1249 1642/18/1249 1654/19/1249
f 1654/19/1286 1645/17/1286 1655/18/1286
f 1643/19/1249 1654/19/1249 1642/18/1249
f 1655/18/1287 1645/17/1287 1656/16/1287
f 1655/18/1284 1656/16/1284 1642/18/1284
f 1656/16/1280 1645/17/1280 1644/16/1280
f 1644/16/1284 1642/18/1284 1656/16/1284
f 1657/20/1243 1648/7/1243 1652/21/1243
f 1652/21/1288 1658/23/1288 1657/20/1288
f 1658/23/1284 1652/21/1284 1651/23/1284
f 1658/23/1289 1659/24/1289 1657/20/1289
f 1659/24/1249 1658/23/1249 1660/24/1249
f 1651/23/1249 1660/24/1249 1658/23/1249
f 1660/24/1290 1647/20/1290 1659/24/1290
f 1647/20/1291 1660/24/1291 1651/23/1291
f 1657/20/1290 1659/24/1290 1647/20/1290
f 1657/20/1282 1647/20/1282 1648/7/1282
f 1664/16/1292 1661/17/1292 1662/18/1292
f 1661/17/1293 1663/19/1293 1662/18/1293
f 1661/17/1269 1666/7/1269 1663/19/1269
f 1661/17/1294 1664/16/1294 1665/17/1294
f 1661/17/1295 1665/17/1295 1666/7/1295
f 1667/20/1269 1670/21/1269 1666/7/1269
f 1666/7/1296 1668/7/1296 1667/20/1296
f 1668/7/1295 1666/7/1295 1665/17/1295
f 1669/22/1269 1663/19/1269 1666/7/1269
f 1670/21/1269 1669/22/1269 1666/7/1269
f 1667/20/1297 1671/23/1297 1670/21/1297
f 1670/21/1298 1671/23/1298 1672/21/1298
f 1672/21/1272 1673/22/1272 1670/21/1272
f 1669/22/1272 1670/21/1272 1673/22/1272
f 1674/19/1299 1663/19/1299 1673/22/1299
f 1674/19/1261 1673/22/1261 1665/17/1261
f 1668/7/1261 1665/17/1261 1673/22/1261
f 1672/21/1261 1668/7/1261 1673/22/1261
f 1669/22/1299 1673/22/1299 1663/19/1299
f 1675/18/1267 1662/18/1267 1674/19/1267
f 1674/19/1300 1665/17/1300 1675/18/1300
f 1663/19/1267 1674/19/1267 1662/18/1267
f 1675/18/1301 1665/17/1301 1676/16/1301
f 1675/18/1298 1676/16/1298 1662/18/1298
f 1676/16/1294 1665/17/1294 1664/16/1294
f 1664/16/1298 1662/18/1298 1676/16/1298
f 1677/20/1261 1668/7/1261 1672/21/1261
f 1672/21/1302 1678/23/1302 1677/20/1302
f 1678/23/1298 1672/21/1298 1671/23/1298
f 1678/23/1303 1679/24/1303 1677/20/1303
f 1679/24/1267 1678/23/1267 1680/24/1267
f 1671/23/1267 1680/24/1267 1678/23/1267
f 1680/24/1304 1667/20/1304 1679/24/1304
f 1667/20/1305 1680/24/1305 1671/23/1305
f 1677/20/1304 1679/24/1304 1667/20/1304
f 1677/20/1296 1667/20/1296 1668/7/1296
f 1681/5/1306 1683/5/1306 1682/5/1306
f 1684/5/1306 1682/5/1306 1683/5/1306
f 1685/5/1306 1682/5/1306 1684/5/1306
f 1686/5/1306 1685/5/1306 1684/5/1306
f 1687/5/1306 1685/5/1306 1686/5/1306
f 1688/5/1306 1687/5/1306 1686/5/1306
f 1689/6/1307 1682/5/1307 1690/6/1307
f 1685/5/1307 1690/6/1307 1682/5/1307
f 1691/6/1308 1692/6/1308 1683/5/1308
f 1684/5/1308 1683/5/1308 1692/6/1308
f 1692/6/1309 1693/6/1309 1684/5/1309
f 1686/5/1309 1684/5/1309 1693/6/1309
f 1686/5/1310 1693/6/1310 1688/5/1310
f 1694/6/1310 1688/5/1310 1693/6/1310
f 1695/6/1311 1681/5/1311 1689/6/1311
f 1682/5/1311 1689/6/1311 1681/5/1311
f 1687/5/1312 1688/5/1312 1696/6/1312
f 1694/6/1312 1696/6/1312 1688/5/1312
f 1690/6/1313 1685/5/1313 1696/6/1313
f 1687/5/1313 1696/6/1313 1685/5/1313
f 1695/6/1314 1691/6/1314 1681/5/1314
f 1683/5/1314 1681/5/1314 1691/6/1314
f 1697/7/1315 1692/6/1315 1698/7/1315
f 1691/6/1315 1698/7/1315 1692/6/1315
f 1699/7/1316 1693/6/1316 1697/7/1316
f 1692/6/1316 1697/7/1316 1693/6/1316
f 1695/6/1317 1689/6/1317 1700/7/1317
f 1701/7/1317 1700/7/1317 1689/6/1317
f 1702/7/1318 1690/6/1318 1703/7/1318
f 1696/6/1318 1703/7/1318 1690/6/1318
f 1704/7/1319 1703/7/1319 1694/6/1319
f 1696/6/1319 1694/6/1319 1703/7/1319
f 1693/6/1320 1699/7/1320 1694/6/1320
f 1704/7/1320 1694/6/1320 1699/7/1320
f 1701/7/1321 1689/6/1321 1702/7/1321
f 1690/6/1321 1702/7/1321 1689/6/1321
f 1691/6/1322 1695/6/1322 1698/7/1322
f 1700/7/1322 1698/7/1322 1695/6/1322
f 1700/7/1323 1701/7/1323 1698/7/1323
f 1697/7/1323 1698/7/1323 1701/7/1323
f 1702/7/1323 1697/7/1323 1701/7/1323
f 1703/7/1323 1697/7/1323 1702/7/1323
f 1699/7/1323 1697/7/1323 1703/7/1323
f 1704/7/1323 1699/7/1323 1703/7/1323
f 1708/8/1324 1705/9/1324 1706/10/1324
f 1705/9/1325 1707/11/1325 1706/10/1325
f 1705/9/1326 1710/5/1326 1707/11/1326
f 1705/9/1327 1708/8/1327 1709/9/1327
f 1705/9/1328 1709/9/1328 1710/5/1328
f 1711/12/1326 1714/13/1326 1710/5/1326
f 1710/5/1329 1712/5/1329 1711/12/1329
f 1712/5/1328 1710/5/1328 1709/9/1328
f 1713/14/1326 1707/11/1326 1710/5/1326
f 1714/13/1326 1713/14/1326 1710/5/1326
f 1711/12/1330 1715/7/1330 1714/13/1330
f 1714/13/1331 1715/7/1331 1716/13/1331
f 1716/13/1332 1717/14/1332 1714/13/1332
f 1713/14/1332 1714/13/1332 1717/14/1332
f 1718/11/1333 1707/11/1333 1717/14/1333
f 1718/11/1334 1717/14/1334 1709/9/1334
f 1712/5/1334 1709/9/1334 1717/14/1334
f 1716/13/1334 1712/5/1334 1717/14/1334
f 1713/14/1333 1717/14/1333 1707/11/1333
f 1719/10/1335 1706/10/1335 1718/11/1335
f 1718/11/1336 1709/9/1336 1719/10/1336
f 1707/11/1335 1718/11/1335 1706/10/1335
f 1719/10/1337 1709/9/1337 1720/8/1337
f 1719/10/1331 1720/8/1331 1706/10/1331
f 1720/8/1327 1709/9/1327 1708/8/1327
f 1708/8/1331 1706/10/1331 1720/8/1331
f 1721/12/1334 1712/5/1334 1716/13/1334
f 1716/13/1338 1722/7/1338 1721/12/1338
f 1722/7/1331 1716/13/1331 1715/7/1331
f 1722/7/1339 1723/15/1339 1721/12/1339
f 1723/15/1335 1722/7/1335 1724/15/1335
f 1715/7/1335 1724/15/1335 1722/7/1335
f 1724/15/1340 1711/12/1340 1723/15/1340
f 1711/12/1341 1724/15/1341 1715/7/1341
f 1721/12/1340 1723/15/1340 1711/12/1340
f 1721/12/1329 1711/12/1329 1712/5/1329
f 1728/8/1342 1725/9/1342 1726/10/1342
f 1725/9/1343 1727/11/1343 1726/10/1343
f 1725/9/1344 1730/5/1344 1727/11/1344
f 1725/9/1345 1728/8/1345 1729/9/1345
f 1725/9/1346 1729/9/1346 1730/5/1346
f 1731/12/1344 1734/13/1344 1730/5/1344
f 1730/5/1347 1732/5/1347 1731/12/1347
f 1732/5/1346 1730/5/1346 1729/9/1346
f 1733/14/1344 1727/11/1344 1730/5/1344
f 1734/13/1344 1733/14/1344 1730/5/1344
f 1731/12/1348 1735/7/1348 1734/13/1348
f 1734/13/1349 1735/7/1349 1736/13/1349
f 1736/13/1350 1737/14/1350 1734/13/1350
f 1733/14/1350 1734/13/1350 1737/14/1350
f 1738/11/1351 1727/11/1351 1737/14/1351
f 1738/11/1352 1737/14/1352 1729/9/1352
f 1732/5/1352 1729/9/1352 1737/14/1352
f 1736/13/1352 1732/5/1352 1737/14/1352
f 1733/14/1351 1737/14/1351 1727/11/1351
f 1739/10/1353 1726/10/1353 1738/11/1353
f 1738/11/1354 1729/9/1354 1739/10/1354
f 1727/11/1353 1738/11/1353 1726/10/1353
f 1739/10/1355 1729/9/1355 1740/8/1355
f 1739/10/1349 1740/8/1349 1726/10/1349
f 1740/8/1356 1729/9/1356 1728/8/1356
f 1728/8/1349 1726/10/1349 1740/8/1349
f 1741/12/1352 1732/5/1352 1736/13/1352
f 1736/13/1357 1742/7/1357 1741/12/1357
f 1742/7/1349 1736/13/1349 1735/7/1349
f 1742/7/1358 1743/15/1358 1741/12/1358
f 1743/15/1353 1742/7/1353 1744/15/1353
f 1735/7/1353 1744/15/1353 1742/7/1353
f 1744/15/1359 1731/12/1359 1743/15/1359
f 1731/12/1360 1744/15/1360 1735/7/1360
f 1741/12/1359 1743/15/1359 1731/12/1359
f 1741/12/1347 1731/12/1347 1732/5/1347
f 1748/8/1361 1745/9/1361 1746/10/1361
f 1745/9/1362 1747/11/1362 1746/10/1362
f 1745/9/1334 1750/5/1334 1747/11/1334
f 1745/9/1363 1748/8/1363 1749/9/1363
f 1745/9/1364 1749/9/1364 1750/5/1364
f 1751/12/1334 1754/13/1334 1750/5/1334
f 1750/5/1365 1752/5/1365 1751/12/1365
f 1752/5/1364 1750/5/1364 1749/9/1364
f 1753/14/1334 1747/11/1334 1750/5/1334
f 1754/13/1334 1753/14/1334 1750/5/1334
f 1751/12/1366 1755/7/1366 1754/13/1366
f 1754/13/1367 1755/7/1367 1756/13/1367
f 1756/13/1335 1757/14/1335 1754/13/1335
f 1753/14/1335 1754/13/1335 1757/14/1335
f 1758/11/1368 1747/11/1368 1757/14/1368
f 1758/11/1326 1757/14/1326 1749/9/1326
f 1752/5/1326 1749/9/1326 1757/14/1326
f 1756/13/1326 1752/5/1326 1757/14/1326
f 1753/14/1368 1757/14/1368 1747/11/1368
f 1759/10/1332 1746/10/1332 1758/11/1332
f 1758/11/1369 1749/9/1369 1759/10/1369
f 1747/11/1332 1758/11/1332 1746/10/1332
f 1759/10/1370 1749/9/1370 1760/8/1370
f 1759/10/1367 1760/8/1367 1746/10/1367
f 1760/8/1363 1749/9/1363 1748/8/1363
f 1748/8/1367 1746/10/1367 1760/8/1367
f 1761/12/1326 1752/5/1326 1756/13/1326
f 1756/13/1371 1762/7/1371 1761/12/1371
f 1762/7/1367 1756/13/1367 1755/7/1367
f 1762/7/1372 1763/15/1372 1761/12/1372
f 1763/15/1332 1762/7/1332 1764/15/1332
f 1755/7/1332 1764/15/1332 1762/7/1332
f 1764/15/1373 1751/12/1373 1763/15/1373
f 1751/12/1374 1764/15/1374 1755/7/1374
f 1761/12/1373 1763/15/1373 1751/12/1373
f 1761/12/1365 1751/12/1365 1752/5/1365
f 1768/8/1375 1765/9/1375 1766/10/1375
f 1765/9/1376 1767/11/1376 1766/10/1376
f 1765/9/1352 1770/5/1352 1767/11/1352
f 1765/9/1377 1768/8/1377 1769/9/1377
f 1765/9/1378 1769/9/1378 1770/5/1378
f 1771/12/1352 1774/13/1352 1770/5/1352
f 1770/5/1379 1772/5/1379 1771/12/1379
f 1772/5/1378 1770/5/1378 1769/9/1378
f 1773/14/1352 1767/11/1352 1770/5/1352
f 1774/13/1352 1773/14/1352 1770/5/1352
f 1771/12/1380 1775/7/1380 1774/13/1380
f 1774/13/1381 1775/7/1381 1776/13/1381
f 1776/13/1353 1777/14/1353 1774/13/1353
f 1773/14/1353 1774/13/1353 1777/14/1353
f 1778/11/1382 1767/11/1382 1777/14/1382
f 1778/11/1344 1777/14/1344 1769/9/1344
f 1772/5/1344 1769/9/1344 1777/14/1344
f 1776/13/1344 1772/5/1344 1777/14/1344
f 1773/14/1382 1777/14/1382 1767/11/1382
f 1779/10/1350 1766/10/1350 1778/11/1350
f 1778/11/1383 1769/9/1383 1779/10/1383
f 1767/11/1350 1778/11/1350 1766/10/1350
f 1779/10/1384 1769/9/1384 1780/8/1384
f 1779/10/1381 1780/8/1381 1766/10/1381
f 1780/8/1377 1769/9/1377 1768/8/1377
f 1768/8/1381 1766/10/1381 1780/8/1381
f 1781/12/1344 1772/5/1344 1776/13/1344
f 1776/13/1385 1782/7/1385 1781/12/1385
f 1782/7/1381 1776/13/1381 1775/7/1381
f 1782/7/1386 1783/15/1386 1781/12/1386
f 1783/15/1350 1782/7/1350 1784/15/1350
f 1775/7/1350 1784/15/1350 1782/7/1350
f 1784/15/1387 1771/12/1387 1783/15/1387
f 1771/12/1388 1784/15/1388 1775/7/1388
f 1781/12/1387 1783/15/1387 1771/12/1387
f 1781/12/1379 1771/12/1379 1772/5/1379
f 1788/16/1389 1785/17/1389 1786/18/1389
f 1785/17/1390 1787/19/1390 1786/18/1390
f 1785/17/1391 1790/7/1391 1787/19/1391
f 1785/17/1392 1788/16/1392 1789/17/1392
f 1785/17/1393 1789/17/1393 1790/7/1393
f 1791/20/1391 1794/21/1391 1790/7/1391
f 1790/7/1394 1792/7/1394 1791/20/1394
f 1792/7/1393 1790/7/1393 1789/17/1393
f 1793/22/1391 1787/19/1391 1790/7/1391
f 1794/21/1391 1793/22/1391 1790/7/1391
f 1791/20/1395 1795/23/1395 1794/21/1395
f 1794/21/1396 1795/23/1396 1796/21/1396
f 1796/21/1397 1797/22/1397 1794/21/1397
f 1793/22/1397 1794/21/1397 1797/22/1397
f 1798/19/1398 1787/19/1398 1797/22/1398
f 1798/19/1399 1797/22/1399 1789/17/1399
f 1792/7/1399 1789/17/1399 1797/22/1399
f 1796/21/1399 1792/7/1399 1797/22/1399
f 1793/22/1398 1797/22/1398 1787/19/1398
f 1799/18/1400 1786/18/1400 1798/19/1400
f 1798/19/1401 1789/17/1401 1799/18/1401
f 1787/19/1400 1798/19/1400 1786/18/1400
f 1799/18/1402 1789/17/1402 1800/16/1402
f 1799/18/1396 1800/16/1396 1786/18/1396
f 1800/16/1392 1789/17/1392 1788/16/1392
f 1788/16/1396 1786/18/1396 1800/16/1396
f 1801/20/1399 1792/7/1399 1796/21/1399
f 1796/21/1403 1802/23/1403 1801/20/1403
f 1802/23/1396 1796/21/1396 1795/23/1396
f 1802/23/1404 1803/24/1404 1801/20/1404
f 1803/24/1405 1802/23/1405 1804/24/1405
f 1795/23/1400 1804/24/1400 1802/23/1400
f 1804/24/1406 1791/20/1406 1803/24/1406
f 1791/20/1407 1804/24/1407 1795/23/1407
f 1801/20/1406 1803/24/1406 1791/20/1406
f 1801/20/1394 1791/20/1394 1792/7/1394
f 1808/16/1408 1805/17/1408 1806/18/1408
f 1805/17/1409 1807/19/1409 1806/18/1409
f 1805/17/1410 1810/7/1410 1807/19/1410
f 1805/17/1411 1808/16/1411 1809/17/1411
f 1805/17/1412 1809/17/1412 1810/7/1412
f 1811/20/1410 1814/21/1410 1810/7/1410
f 1810/7/1413 1812/7/1413 1811/20/1413
f 1812/7/1412 1810/7/1412 1809/17/1412
f 1813/22/1410 1807/19/1410 1810/7/1410
f 1814/21/1410 1813/22/1410 1810/7/1410
f 1811/20/1414 1815/23/1414 1814/21/1414
f 1814/21/1415 1815/23/1415 1816/21/1415
f 1816/21/1416 1817/22/1416 1814/21/1416
f 1813/22/1416 1814/21/1416 1817/22/1416
f 1818/19/1417 1807/19/1417 1817/22/1417
f 1818/19/1418 1817/22/1418 1809/17/1418
f 1812/7/1418 1809/17/1418 1817/22/1418
f 1816/21/1418 1812/7/1418 1817/22/1418
f 1813/22/1417 1817/22/1417 1807/19/1417
f 1819/18/1419 1806/18/1419 1818/19/1419
f 1818/19/1420 1809/17/1420 1819/18/1420
f 1807/19/1419 1818/19/1419 1806/18/1419
f 1819/18/1421 1809/17/1421 1820/16/1421
f 1819/18/1415 1820/16/1415 1806/18/1415
f 1820/16/1411 1809/17/1411 1808/16/1411
f 1808/16/1415 1806/18/1415 1820/16/1415
f 1821/20/1418 1812/7/1418 1816/21/1418
f 1816/21/1422 1822/23/1422 1821/20/1422
f 1822/23/1415 1816/21/1415 1815/23/1415
f 1822/23/1423 1823/24/1423 1821/20/1423
f 1823/24/1419 1822/23/1419 1824/24/1419
f 1815/23/1419 1824/24/1419 1822/23/1419
f 1824/24/1424 1811/20/1424 1823/24/1424
f 1811/20/1425 1824/24/1425 1815/23/1425
f 1821/20/1424 1823/24/1424 1811/20/1424
f 1821/20/1413 1811/20/1413 1812/7/1413
f 1828/16/1426 1825/17/1426 1826/18/1426
f 1825/17/1427 1827/19/1427 1826/18/1427
f 1825/17/1399 1830/7/1399 1827/19/1399
f 1825/17/1428 1828/16/1428 1829/17/1428
f 1825/17/1429 1829/17/1429 1830/7/1429
f 1831/20/1399 1834/21/1399 1830/7/1399
f 1830/7/1430 1832/7/1430 1831/20/1430
f 1832/7/1429 1830/7/1429 1829/17/1429
f 1833/22/1399 1827/19/1399 1830/7/1399
f 1834/21/1399 1833/22/1399 1830/7/1399
f 1831/20/1431 1835/23/1431 1834/21/1431
f 1834/21/1432 1835/23/1432 1836/21/1432
f 1836/21/1400 1837/22/1400 1834/21/1400
f 1833/22/1400 1834/21/1400 1837/22/1400
f 1838/19/1433 1827/19/1433 1837/22/1433
f 1838/19/1391 1837/22/1391 1829/17/1391
f 1832/7/1391 1829/17/1391 1837/22/1391
f 1836/21/1391 1832/7/1391 1837/22/1391
f 1833/22/1433 1837/22/1433 1827/19/1433
f 1839/18/1397 1826/18/1397 1838/19/1397
f 1838/19/1434 1829/17/1434 1839/18/1434
f 1827/19/1397 1838/19/1397 1826/18/1397
f 1839/18/1435 1829/17/1435 1840/16/1435
f 1839/18/1432 1840/16/1432 1826/18/1432
f 1840/16/1428 1829/17/1428 1828/16/1428
f 1828/16/1432 1826/18/1432 1840/16/1432
f 1841/20/1391 1832/7/1391 1836/21/1391
f 1836/21/1436 1842/23/1436 1841/20/1436
f 1842/23/1432 1836/21/1432 1835/23/1432
f 1842/23/1437 1843/24/1437 1841/20/1437
f 1843/24/1397 1842/23/1397 1844/24/1397
f 1835/23/1397 1844/24/1397 1842/23/1397
f 1844/24/1438 1831/20/1438 1843/24/1438
f 1831/20/1439 1844/24/1439 1835/23/1439
f 1841/20/1438 1843/24/1438 1831/20/1438
f 1841/20/1430 1831/20/1430 1832/7/1430
f 1848/16/1440 1845/17/1440 1846/18/1440
f 1845/17/1441 1847/19/1441 1846/18/1441
f 1845/17/1418 1850/7/1418 1847/19/1418
f 1845/17/1442 1848/16/1442 1849/17/1442
f 1845/17/1443 1849/17/1443 1850/7/1443
f 1851/20/1418 1854/21/1418 1850/7/1418
f 1850/7/1444 1852/7/1444 1851/20/1444
f 1852/7/1443 1850/7/1443 1849/17/1443
f 1853/22/1418 1847/19/1418 1850/7/1418
f 1854/21/1418 1853/22/1418 1850/7/1418
f 1851/20/1445 1855/23/1445 1854/21/1445
f 1854/21/1446 1855/23/1446 1856/21/1446
f 1856/21/1419 1857/22/1419 1854/21/1419
f 1853/22/1419 1854/21/1419 1857/22/1419
f 1858/19/1447 1847/19/1447 1857/22/1447
f 1858/19/1410 1857/22/1410 1849/17/1410
f 1852/7/1410 1849/17/1410 1857/22/1410
f 1856/21/1410 1852/7/1410 1857/22/1410
f 1853/22/1447 1857/22/1447 1847/19/1447
f 1859/18/1416 1846/18/1416 1858/19/1416
f 1858/19/1448 1849/17/1448 1859/18/1448
f 1847/19/1416 1858/19/1416 1846/18/1416
f 1859/18/1449 1849/17/1449 1860/16/1449
f 1859/18/1446 1860/16/1446 1846/18/1446
f 1860/16/1442 1849/17/1442 1848/16/1442
f 1848/16/1446 1846/18/1446 1860/16/1446
f 1861/20/1410 1852/7/1410 1856/21/1410
f 1856/21/1450 1862/23/1450 1861/20/1450
f 1862/23/1446 1856/21/1446 1855/23/1446
f 1862/23/1451 1863/24/1451 1861/20/1451
f 1863/24/1452 1862/23/1452 1864/24/1452
f 1855/23/1416 1864/24/1416 1862/23/1416
f 1864/24/1453 1851/20/1453 1863/24/1453
f 1851/20/1454 1864/24/1454 1855/23/1454
f 1861/20/1453 1863/24/1453 1851/20/1453
f 1861/20/1444 1851/20/1444 1852/7/1444
f 1865/5/1455 1867/5/1455 1866/5/1455
f 1868/5/1455 1866/5/1455 1867/5/1455
f 1869/5/1455 1866/5/1455 1868/5/1455
f 1870/5/1455 1869/5/1455 1868/5/1455
f 1871/5/1455 1869/5/1455 1870/5/1455
f 1872/5/1455 1871/5/1455 1870/5/1455
f 1873/6/1456 1866/5/1456 1874/6/1456
f 1869/5/1456 1874/6/1456 1866/5/1456
f 1875/6/1457 1876/6/1457 1867/5/1457
f 1868/5/1457 1867/5/1457 1876/6/1457
f 1876/6/1458 1877/6/1458 1868/5/1458
f 1870/5/1458 1868/5/1458 1877/6/1458
f 1870/5/1459 1877/6/1459 1872/5/1459
f 1878/6/1459 1872/5/1459 1877/6/1459
f 1879/6/1460 1865/5/1460 1873/6/1460
f 1866/5/1460 1873/6/1460 1865/5/1460
f 1871/5/1461 1872/5/1461 1880/6/1461
f 1878/6/1461 1880/6/1461 1872/5/1461
f 1874/6/1462 1869/5/1462 1880/6/1462
f 1871/5/1462 1880/6/1462 1869/5/1462
f 1879/6/1463 1875/6/1463 1865/5/1463
f 1867/5/1463 1865/5/1463 1875/6/1463
f 1881/7/1464 1876/6/1464 1882/7/1464
f 1875/6/1464 1882/7/1464 1876/6/1464
f 1883/7/1465 1877/6/1465 1881/7/1465
f 1876/6/1465 1881/7/1465 1877/6/1465
f 1879/6/1466 1873/6/1466 1884/7/1466
f 1885/7/1466 1884/7/1466 1873/6/1466
f 1886/7/1467 1874/6/1467 1887/7/1467
f 1880/6/1467 1887/7/1467 1874/6/1467
f 1888/7/1468 1887/7/1468 1878/6/1468
f 1880/6/1468 1878/6/1468 1887/7/1468
f 1877/6/1469 1883/7/1469 1878/6/1469
f 1888/7/1469 1878/6/1469 1883/7/1469
f 1885/7/1470 1873/6/1470 1886/7/1470
f 1874/6/1470 1886/7/1470 1873/6/1470
f 1875/6/1471 1879/6/1471 1882/7/1471
f 1884/7/1471 1882/7/1471 1879/6/1471
f 1884/7/1472 1885/7/1472 1882/7/1472
f 1881/7/1472 1882/7/1472 1885/7/1472
f 1886/7/1472 1881/7/1472 1885/7/1472
f 1887/7/1472 1881/7/1472 1886/7/1472
f 1883/7/1472 1881/7/1472 1887/7/1472
f 1888/7/1472 1883/7/1472 1887/7/1472
f 1892/8/1473 1889/9/1473 1890/10/1473
f 1889/9/1474 1891/11/1474 1890/10/1474
f 1889/9/1326 1894/5/1326 1891/11/1326
f 1889/9/1475 1892/8/1475 1893/9/1475
f 1889/9/1476 1893/9/1476 1894/5/1476
f 1895/12/1326 1898/13/1326 1894/5/1326
f 1894/5/1477 1896/5/1477 1895/12/1477
f 1896/5/1476 1894/5/1476 1893/9/1476
f 1897/14/1326 1891/11/1326 1894/5/1326
f 1898/13/1326 1897/14/1326 1894/5/1326
f 1895/12/1478 1899/7/1478 1898/13/1478
f 1898/13/1479 1899/7/1479 1900/13/1479
f 1900/13/1480 1901/14/1480 1898/13/1480
f 1897/14/1480 1898/13/1480 1901/14/1480
f 1902/11/1481 1891/11/1481 1901/14/1481
f 1902/11/1334 1901/14/1334 1893/9/1334
f 1896/5/1334 1893/9/1334 1901/14/1334
f 1900/13/1334 1896/5/1334 1901/14/1334
f 1897/14/1481 1901/14/1481 1891/11/1481
f 1903/10/1482 1890/10/1482 1902/11/1482
f 1902/11/1483 1893/9/1483 1903/10/1483
f 1891/11/1482 1902/11/1482 1890/10/1482
f 1903/10/1484 1893/9/1484 1904/8/1484
f 1903/10/1479 1904/8/1479 1890/10/1479
f 1904/8/1475 1893/9/1475 1892/8/1475
f 1892/8/1479 1890/10/1479 1904/8/1479
f 1905/12/1334 1896/5/1334 1900/13/1334
f 1900/13/1485 1906/7/1485 1905/12/1485
f 1906/7/1479 1900/13/1479 1899/7/1479
f 1906/7/1486 1907/15/1486 1905/12/1486
f 1907/15/1482 1906/7/1482 1908/15/1482
f 1899/7/1482 1908/15/1482 1906/7/1482
f 1908/15/1487 1895/12/1487 1907/15/1487
f 1895/12/1488 1908/15/1488 1899/7/1488
f 1905/12/1487 1907/15/1487 1895/12/1487
f 1905/12/1477 1895/12/1477 1896/5/1477
f 1912/8/1489 1909/9/1489 1910/10/1489
f 1909/9/1490 1911/11/1490 1910/10/1490
f 1909/9/1491 1914/5/1491 1911/11/1491
f 1909/9/1492 1912/8/1492 1913/9/1492
f 1909/9/1493 1913/9/1493 1914/5/1493
f 1915/12/1491 1918/13/1491 1914/5/1491
f 1914/5/1494 1916/5/1494 1915/12/1494
f 1916/5/1493 1914/5/1493 1913/9/1493
f 1917/14/1491 1911/11/1491 1914/5/1491
f 1918/13/1491 1917/14/1491 1914/5/1491
f 1915/12/1495 1919/7/1495 1918/13/1495
f 1918/13/1496 1919/7/1496 1920/13/1496
f 1920/13/1497 1921/14/1497 1918/13/1497
f 1917/14/1497 1918/13/1497 1921/14/1497
f 1922/11/1498 1911/11/1498 1921/14/1498
f 1922/11/1499 1921/14/1499 1913/9/1499
f 1916/5/1499 1913/9/1499 1921/14/1499
f 1920/13/1499 1916/5/1499 1921/14/1499
f 1917/14/1498 1921/14/1498 1911/11/1498
f 1923/10/1500 1910/10/1500 1922/11/1500
f 1922/11/1501 1913/9/1501 1923/10/1501
f 1911/11/1500 1922/11/1500 1910/10/1500
f 1923/10/1502 1913/9/1502 1924/8/1502
f 1923/10/1496 1924/8/1496 1910/10/1496
f 1924/8/1492 1913/9/1492 1912/8/1492
f 1912/8/1496 1910/10/1496 1924/8/1496
f 1925/12/1499 1916/5/1499 1920/13/1499
f 1920/13/1503 1926/7/1503 1925/12/1503
f 1926/7/1496 1920/13/1496 1919/7/1496
f 1926/7/1504 1927/15/1504 1925/12/1504
f 1927/15/1500 1926/7/1500 1928/15/1500
f 1919/7/1500 1928/15/1500 1926/7/1500
f 1928/15/1505 1915/12/1505 1927/15/1505
f 1915/12/1506 1928/15/1506 1919/7/1506
f 1925/12/1505 1927/15/1505 1915/12/1505
f 1925/12/1494 1915/12/1494 1916/5/1494
f 1932/8/1507 1929/9/1507 1930/10/1507
f 1929/9/1508 1931/11/1508 1930/10/1508
f 1929/9/1334 1934/5/1334 1931/11/1334
f 1929/9/1509 1932/8/1509 1933/9/1509
f 1929/9/1510 1933/9/1510 1934/5/1510
f 1935/12/1334 1938/13/1334 1934/5/1334
f 1934/5/1511 1936/5/1511 1935/12/1511
f 1936/5/1510 1934/5/1510 1933/9/1510
f 1937/14/1334 1931/11/1334 1934/5/1334
f 1938/13/1334 1937/14/1334 1934/5/1334
f 1935/12/1512 1939/7/1512 1938/13/1512
f 1938/13/1513 1939/7/1513 1940/13/1513
f 1940/13/1482 1941/14/1482 1938/13/1482
f 1937/14/1482 1938/13/1482 1941/14/1482
f 1942/11/1514 1931/11/1514 1941/14/1514
f 1942/11/1326 1941/14/1326 1933/9/1326
f 1936/5/1326 1933/9/1326 1941/14/1326
f 1940/13/1326 1936/5/1326 1941/14/1326
f 1937/14/1514 1941/14/1514 1931/11/1514
f 1943/10/1515 1930/10/1515 1942/11/1515
f 1942/11/1516 1933/9/1516 1943/10/1516
f 1931/11/1515 1942/11/1515 1930/10/1515
f 1943/10/1517 1933/9/1517 1944/8/1517
f 1943/10/1518 1944/8/1518 1930/10/1518
f 1944/8/1509 1933/9/1509 1932/8/1509
f 1932/8/1513 1930/10/1513 1944/8/1513
f 1945/12/1326 1936/5/1326 1940/13/1326
f 1940/13/1519 1946/7/1519 1945/12/1519
f 1946/7/1518 1940/13/1518 1939/7/1518
f 1946/7/1520 1947/15/1520 1945/12/1520
f 1947/15/1515 1946/7/1515 1948/15/1515
f 1939/7/1515 1948/15/1515 1946/7/1515
f 1948/15/1521 1935/12/1521 1947/15/1521
f 1935/12/1522 1948/15/1522 1939/7/1522
f 1945/12/1521 1947/15/1521 1935/12/1521
f 1945/12/1511 1935/12/1511 1936/5/1511
f 1952/8/1523 1949/9/1523 1950/10/1523
f 1949/9/1524 1951/11/1524 1950/10/1524
f 1949/9/1499 1954/5/1499 1951/11/1499
f 1949/9/1525 1952/8/1525 1953/9/1525
f 1949/9/1526 1953/9/1526 1954/5/1526
f 1955/12/1499 1958/13/1499 1954/5/1499
f 1954/5/1527 1956/5/1527 1955/12/1527
f 1956/5/1526 1954/5/1526 1953/9/1526
f 1957/14/1499 1951/11/1499 1954/5/1499
f 1958/13/1499 1957/14/1499 1954/5/1499
f 1955/12/1528 1959/7/1528 1958/13/1528
f 1958/13/1529 1959/7/1529 1960/13/1529
f 1960/13/1500 1961/14/1500 1958/13/1500
f 1957/14/1500 1958/13/1500 1961/14/1500
f 1962/11/1530 1951/11/1530 1961/14/1530
f 1962/11/1491 1961/14/1491 1953/9/1491
f 1956/5/1491 1953/9/1491 1961/14/1491
f 1960/13/1491 1956/5/1491 1961/14/1491
f 1957/14/1530 1961/14/1530 1951/11/1530
f 1963/10/1497 1950/10/1497 1962/11/1497
f 1962/11/1531 1953/9/1531 1963/10/1531
f 1951/11/1497 1962/11/1497 1950/10/1497
f 1963/10/1532 1953/9/1532 1964/8/1532
f 1963/10/1529 1964/8/1529 1950/10/1529
f 1964/8/1525 1953/9/1525 1952/8/1525
f 1952/8/1529 1950/10/1529 1964/8/1529
f 1965/12/1491 1956/5/1491 1960/13/1491
f 1960/13/1533 1966/7/1533 1965/12/1533
f 1966/7/1529 1960/13/1529 1959/7/1529
f 1966/7/1534 1967/15/1534 1965/12/1534
f 1967/15/1497 1966/7/1497 1968/15/1497
f 1959/7/1497 1968/15/1497 1966/7/1497
f 1968/15/1535 1955/12/1535 1967/15/1535
f 1955/12/1536 1968/15/1536 1959/7/1536
f 1965/12/1535 1967/15/1535 1955/12/1535
f 1965/12/1527 1955/12/1527 1956/5/1527
f 1972/16/1537 1969/17/1537 1970/18/1537
f 1969/17/1538 1971/19/1538 1970/18/1538
f 1969/17/1539 1974/7/1539 1971/19/1539
f 1969/17/1540 1972/16/1540 1973/17/1540
f 1969/17/1541 1973/17/1541 1974/7/1541
f 1975/20/1539 1978/21/1539 1974/7/1539
f 1974/7/1542 1976/7/1542 1975/20/1542
f 1976/7/1541 1974/7/1541 1973/17/1541
f 1977/22/1539 1971/19/1539 1974/7/1539
f 1978/21/1539 1977/22/1539 1974/7/1539
f 1975/20/1543 1979/23/1543 1978/21/1543
f 1978/21/1544 1979/23/1544 1980/21/1544
f 1980/21/1545 1981/22/1545 1978/21/1545
f 1977/22/1545 1978/21/1545 1981/22/1545
f 1982/19/1546 1971/19/1546 1981/22/1546
f 1982/19/1547 1981/22/1547 1973/17/1547
f 1976/7/1547 1973/17/1547 1981/22/1547
f 1980/21/1547 1976/7/1547 1981/22/1547
f 1977/22/1546 1981/22/1546 1971/19/1546
f 1983/18/1548 1970/18/1548 1982/19/1548
f 1982/19/1549 1973/17/1549 1983/18/1549
f 1971/19/1548 1982/19/1548 1970/18/1548
f 1983/18/1550 1973/17/1550 1984/16/1550
f 1983/18/1544 1984/16/1544 1970/18/1544
f 1984/16/1540 1973/17/1540 1972/16/1540
f 1972/16/1544 1970/18/1544 1984/16/1544
f 1985/20/1547 1976/7/1547 1980/21/1547
f 1980/21/1551 1986/23/1551 1985/20/1551
f 1986/23/1544 1980/21/1544 1979/23/1544
f 1986/23/1552 1987/24/1552 1985/20/1552
f 1987/24/1553 1986/23/1553 1988/24/1553
f 1979/23/1548 1988/24/1548 1986/23/1548
f 1988/24/1554 1975/20/1554 1987/24/1554
f 1975/20/1555 1988/24/1555 1979/23/1555
f 1985/20/1554 1987/24/1554 1975/20/1554
f 1985/20/1542 1975/20/1542 1976/7/1542
f 1992/16/1556 1989/17/1556 1990/18/1556
f 1989/17/1557 1991/19/1557 1990/18/1557
f 1989/17/1558 1994/7/1558 1991/19/1558
f 1989/17/1559 1992/16/1559 1993/17/1559
f 1989/17/1560 1993/17/1560 1994/7/1560
f 1995/20/1558 1998/21/1558 1994/7/1558
f 1994/7/1561 1996/7/1561 1995/20/1561
f 1996/7/1560 1994/7/1560 1993/17/1560
f 1997/22/1558 1991/19/1558 1994/7/1558
f 1998/21/1558 1997/22/1558 1994/7/1558
f 1995/20/1562 1999/23/1562 1998/21/1562
f 1998/21/1563 1999/23/1563 2000/21/1563
f 2000/21/1564 2001/22/1564 1998/21/1564
f 1997/22/1564 1998/21/1564 2001/22/1564
f 2002/19/1565 1991/19/1565 2001/22/1565
f 2002/19/1566 2001/22/1566 1993/17/1566
f 1996/7/1566 1993/17/1566 2001/22/1566
f 2000/21/1566 1996/7/1566 2001/22/1566
f 1997/22/1565 2001/22/1565 1991/19/1565
f 2003/18/1567 1990/18/1567 2002/19/1567
f 2002/19/1568 1993/17/1568 2003/18/1568
f 1991/19/1569 2002/19/1569 1990/18/1569
f 2003/18/1570 1993/17/1570 2004/16/1570
f 2003/18/1563 2004/16/1563 1990/18/1563
f 2004/16/1559 1993/17/1559 1992/16/1559
f 1992/16/1563 1990/18/1563 2004/16/1563
f 2005/20/1566 1996/7/1566 2000/21/1566
f 2000/21/1571 2006/23/1571 2005/20/1571
f 2006/23/1563 2000/21/1563 1999/23/1563
f 2006/23/1572 2007/24/1572 2005/20/1572
f 2007/24/1569 2006/23/1569 2008/24/1569
f 1999/23/1569 2008/24/1569 2006/23/1569
f 2008/24/1573 1995/20/1573 2007/24/1573
f 1995/20/1574 2008/24/1574 1999/23/1574
f 2005/20/1573 2007/24/1573 1995/20/1573
f 2005/20/1561 1995/20/1561 1996/7/1561
f 2012/16/1575 2009/17/1575 2010/18/1575
f 2009/17/1576 2011/19/1576 2010/18/1576
f 2009/17/1547 2014/7/1547 2011/19/1547
f 2009/17/1577 2012/16/1577 2013/17/1577
f 2009/17/1578 2013/17/1578 2014/7/1578
f 2015/20/1547 2018/21/1547 2014/7/1547
f 2014/7/1579 2016/7/1579 2015/20/1579
f 2016/7/1578 2014/7/1578 2013/17/1578
f 2017/22/1547 2011/19/1547 2014/7/1547
f 2018/21/1547 2017/22/1547 2014/7/1547
f 2015/20/1580 2019/23/1580 2018/21/1580
f 2018/21/1581 2019/23/1581 2020/21/1581
f 2020/21/1548 2021/22/1548 2018/21/1548
f 2017/22/1548 2018/21/1548 2021/22/1548
f 2022/19/1582 2011/19/1582 2021/22/1582
f 2022/19/1539 2021/22/1539 2013/17/1539
f 2016/7/1539 2013/17/1539 2021/22/1539
f 2020/21/1539 2016/7/1539 2021/22/1539
f 2017/22/1582 2021/22/1582 2011/19/1582
f 2023/18/1545 2010/18/1545 2022/19/1545
f 2022/19/1583 2013/17/1583 2023/18/1583
f 2011/19/1545 2022/19/1545 2010/18/1545
f 2023/18/1584 2013/17/1584 2024/16/1584
f 2023/18/1581 2024/16/1581 2010/18/1581
f 2024/16/1577 2013/17/1577 2012/16/1577
f 2012/16/1581 2010/18/1581 2024/16/1581
f 2025/20/1539 2016/7/1539 2020/21/1539
f 2020/21/1585 2026/23/1585 2025/20/1585
f 2026/23/1581 2020/21/1581 2019/23/1581
f 2026/23/1586 2027/24/1586 2025/20/1586
f 2027/24/1545 2026/23/1545 2028/24/1545
f 2019/23/1587 2028/24/1587 2026/23/1587
f 2028/24/1588 2015/20/1588 2027/24/1588
f 2015/20/1589 2028/24/1589 2019/23/1589
f 2025/20/1588 2027/24/1588 2015/20/1588
f 2025/20/1579 2015/20/1579 2016/7/1579
f 2032/16/1590 2029/17/1590 2030/18/1590
f 2029/17/1591 2031/19/1591 2030/18/1591
f 2029/17/1566 2034/7/1566 2031/19/1566
f 2029/17/1592 2032/16/1592 2033/17/1592
f 2029/17/1593 2033/17/1593 2034/7/1593
f 2035/20/1566 2038/21/1566 2034/7/1566
f 2034/7/1594 2036/7/1594 2035/20/1594
f 2036/7/1593 2034/7/1593 2033/17/1593
f 2037/22/1566 2031/19/1566 2034/7/1566
f 2038/21/1566 2037/22/1566 2034/7/1566
f 2035/20/1595 2039/23/1595 2038/21/1595
f 2038/21/1596 2039/23/1596 2040/21/1596
f 2040/21/1569 2041/22/1569 2038/21/1569
f 2037/22/1569 2038/21/1569 2041/22/1569
f 2042/19/1597 2031/19/1597 2041/22/1597
f 2042/19/1558 2041/22/1558 2033/17/1558
f 2036/7/1558 2033/17/1558 2041/22/1558
f 2040/21/1558 2036/7/1558 2041/22/1558
f 2037/22/1597 2041/22/1597 2031/19/1597
f 2043/18/1598 2030/18/1598 2042/19/1598
f 2042/19/1599 2033/17/1599 2043/18/1599
f 2031/19/1564 2042/19/1564 2030/18/1564
f 2043/18/1600 2033/17/1600 2044/16/1600
f 2043/18/1596 2044/16/1596 2030/18/1596
f 2044/16/1592 2033/17/1592 2032/16/1592
f 2032/16/1596 2030/18/1596 2044/16/1596
f 2045/20/1558 2036/7/1558 2040/21/1558
f 2040/21/1601 2046/23/1601 2045/20/1601
f 2046/23/1596 2040/21/1596 2039/23/1596
f 2046/23/1602 2047/24/1602 2045/20/1602
f 2047/24/1598 2046/23/1598 2048/24/1598
f 2039/23/1564 2048/24/1564 2046/23/1564
f 2048/24/1603 2035/20/1603 2047/24/1603
f 2035/20/1604 2048/24/1604 2039/23/1604
f 2045/20/1603 2047/24/1603 2035/20/1603
f 2045/20/1594 2035/20/1594 2036/7/1594
o BézierCurve
v -0.549150 -0.475738 -0.018981
v -0.384124 -0.285986 -0.018981
v -0.508708 -0.533036 0.150337
v -0.508708 -0.533036 -0.188299
v -0.411070 -0.671367 -0.258433
v -0.333571 -0.357609 -0.230628
v -0.211524 -0.530523 -0.318296
v 0.298780 0.088719 -0.230628
v 0.522736 0.194980 -0.188299
v 0.248227 0.160342 -0.018981
v 0.420827 -0.084195 -0.318296
v 0.542873 -0.257109 -0.230629
v 0.620373 0.056649 -0.258433
v -0.089477 -0.703437 -0.230629
v -0.313433 -0.809698 -0.188299
v -0.038924 -0.775060 -0.018981
v 0.593427 -0.328732 -0.018981
v 0.758453 -0.138980 -0.018981
v 0.718010 -0.081682 0.150337
v 0.542873 -0.257109 0.192666
v 0.718010 -0.081682 -0.188299
v 0.420827 -0.084195 0.280333
v -0.089477 -0.703437 0.192666
v -0.211524 -0.530523 0.280333
v -0.411070 -0.671368 0.220470
v -0.333571 -0.357609 0.192666
v 0.298780 0.088719 0.192666
v 0.620373 0.056649 0.220470
v 0.522736 0.194980 0.150337
v 0.482293 0.252279 -0.018981
v -0.313433 -0.809699 0.150336
v -0.272990 -0.866997 -0.018981
v 0.320403 0.065469 -0.018981
v 0.462499 0.272950 -0.018981
v 0.367171 0.013205 0.150337
v 0.367171 0.013205 -0.188299
v 0.480077 -0.112972 -0.258433
v 0.520958 0.207620 -0.230628
v 0.662091 0.049898 -0.318296
v 1.097750 0.723746 -0.230628
v 1.307991 0.855072 -0.188299
v 1.039291 0.789077 -0.018981
v 1.238883 0.566025 -0.318296
v 1.380016 0.408303 -0.230628
v 1.420897 0.728895 -0.258433
v 0.803224 -0.107824 -0.230628
v 0.592983 -0.239150 -0.188299
v 0.861683 -0.173154 -0.018981
v 1.438475 0.342973 -0.018981
v 1.580571 0.550453 -0.018981
v 1.533803 0.602718 0.150337
v 1.380016 0.408303 0.192666
v 1.533803 0.602718 -0.188299
v 1.238883 0.566025 0.280333
v 0.803224 -0.107824 0.192666
v 0.662091 0.049898 0.280333
v 0.480077 -0.112972 0.220470
v 0.520958 0.207620 0.192666
v 1.097750 0.723746 0.192666
v 1.420897 0.728895 0.220470
v 1.307991 0.855072 0.150337
v 1.261224 0.907336 -0.018981
v 0.592983 -0.239150 0.150337
v 0.639750 -0.291414 -0.018981
v 1.062124 0.735881 -0.018981
v 1.155377 0.969426 -0.018981
v 1.119194 0.695116 0.150337
v 1.119194 0.695116 -0.188299
v 1.256973 0.596701 -0.258433
v 1.226715 0.918470 -0.230628
v 1.398939 0.795451 -0.318295
v 1.676596 1.548297 -0.230628
v 1.853007 1.722444 -0.188299
v 1.605259 1.599253 -0.018981
v 1.848820 1.425279 -0.318295
v 2.021044 1.302261 -0.230628
v 1.990786 1.624029 -0.258433
v 1.571162 0.672433 -0.230628
v 1.394752 0.498287 -0.188299
v 1.642500 0.621477 -0.018981
v 2.092381 1.251305 -0.018981
v 2.185635 1.484849 -0.018981
v 2.128565 1.525614 0.150337
v 2.021044 1.302261 0.192666
v 2.128565 1.525614 -0.188299
v 1.848820 1.425279 0.280333
v 1.571162 0.672433 0.192666
v 1.398939 0.795451 0.280333
v 1.256973 0.596701 0.220470
v 1.226715 0.918470 0.192666
v 1.676596 1.548297 0.192666
v 1.990786 1.624029 0.220471
v 1.853007 1.722444 0.150337
v 1.795937 1.763208 -0.018981
v 1.394752 0.498287 0.150337
v 1.451822 0.457522 -0.018981
v 1.635051 1.564517 -0.018981
v 1.684480 1.811086 -0.018981
v 1.698558 1.534759 0.150337
v 1.698558 1.534759 -0.188299
v 1.851878 1.462916 -0.258432
v 1.763864 1.773888 -0.230628
v 1.955514 1.684084 -0.318295
v 2.092281 2.474758 -0.230628
v 2.234247 2.677965 -0.188299
v 2.012897 2.511956 -0.018981
v 2.283931 2.384954 -0.318295
v 2.475581 2.295149 -0.230628
v 2.387567 2.606122 -0.258432
v 2.147164 1.594280 -0.230628
v 2.005198 1.391072 -0.188299
v 2.226548 1.557081 -0.018981
v 2.554965 2.257951 -0.018981
v 2.604394 2.504520 -0.018981
v 2.540887 2.534278 0.150337
v 2.475581 2.295149 0.192666
v 2.540887 2.534278 -0.188299
v 2.283931 2.384953 0.280333
v 2.147164 1.594280 0.192666
v 1.955514 1.684084 0.280333
v 1.851878 1.462916 0.220471
v 1.763864 1.773888 0.192666
v 2.092281 2.474758 0.192666
v 2.387567 2.606122 0.220471
v 2.234247 2.677965 0.150337
v 2.170740 2.707724 -0.018981
v 2.005198 1.391072 0.150337
v 2.068706 1.361314 -0.018981
v 2.055202 2.493553 -0.018981
v 2.072371 2.744441 -0.018981
v 2.122021 2.472246 0.150337
v 2.122021 2.472246 -0.188299
v 2.283336 2.420807 -0.258432
v 2.155894 2.717807 -0.230628
v 2.357538 2.653509 -0.318295
v 2.391036 3.455225 -0.230628
v 2.505566 3.675066 -0.188299
v 2.307512 3.481858 -0.018981
v 2.592680 3.390926 -0.318295
v 2.794323 3.326628 -0.230628
v 2.666881 3.623628 -0.258432
v 2.559182 2.589211 -0.230628
v 2.444651 2.369369 -0.188299
v 2.642706 2.562577 -0.018981
v 2.877847 3.299995 -0.018981
v 2.895015 3.550882 -0.018981
v 2.828196 3.572189 0.150337
v 2.794323 3.326628 0.192666
v 2.828196 3.572189 -0.188299
v 2.592680 3.390926 0.280334
v 2.559182 2.589211 0.192666
v 2.357538 2.653509 0.280334
v 2.283336 2.420807 0.220471
v 2.155894 2.717807 0.192666
v 2.391036 3.455225 0.192666
v 2.666881 3.623628 0.220471
v 2.505566 3.675066 0.150337
v 2.438747 3.696373 -0.018981
v 2.444651 2.369369 0.150337
v 2.511470 2.348062 -0.018981
v 2.360710 3.475136 -0.018981
v 2.354207 3.726526 -0.018981
v 2.429236 3.460208 0.150337
v 2.429236 3.460208 -0.188298
v 2.594674 3.424168 -0.258432
v 2.439865 3.707866 -0.230628
v 2.646662 3.662817 -0.318295
v 2.604614 4.464129 -0.230628
v 2.697962 4.693768 -0.188298
v 2.518956 4.482790 -0.018981
v 2.811411 4.419080 -0.318295
v 3.018209 4.374030 -0.230628
v 2.863400 4.657728 -0.258432
v 2.853460 3.617767 -0.230628
v 2.760112 3.388128 -0.188298
v 2.939118 3.599106 -0.018981
v 3.103867 4.355370 -0.018981
v 3.097364 4.606760 -0.018981
v 3.028837 4.621688 0.150337
v 3.018209 4.374030 0.192667
v 3.028837 4.621688 -0.188298
v 2.811411 4.419080 0.280334
v 2.853460 3.617767 0.192667
v 2.646662 3.662817 0.280334
v 2.594674 3.424168 0.220471
v 2.439865 3.707866 0.192667
v 2.604614 4.464129 0.192667
v 2.863400 4.657728 0.220471
v 2.697962 4.693768 0.150337
v 2.629436 4.708696 -0.018981
v 2.760112 3.388128 0.150337
v 2.828638 3.373200 -0.018981
v 2.575943 4.484930 -0.018981
v 2.550312 4.735095 -0.018981
v 2.645408 4.475265 0.150337
v 2.645408 4.475265 -0.188298
v 2.813110 4.451930 -0.258432
v 2.637143 4.723013 -0.230628
v 2.846771 4.693845 -0.318295
v 2.743811 5.489628 -0.230628
v 2.819397 5.725709 -0.188298
v 2.656980 5.501709 -0.018980
v 2.953439 5.460460 -0.318295
v 3.163066 5.431292 -0.230628
v 2.987099 5.702375 -0.258432
v 3.056398 4.664677 -0.230628
v 2.980813 4.428596 -0.188298
v 3.143229 4.652596 -0.018981
v 3.249897 5.419210 -0.018981
v 3.224266 5.669375 -0.018980
v 3.154801 5.679040 0.150337
v 3.163066 5.431292 0.192667
v 3.154801 5.679040 -0.188298
v 2.953439 5.460460 0.280334
v 3.056398 4.664677 0.192667
v 2.846771 4.693845 0.280334
v 2.813110 4.451930 0.220471
v 2.637143 4.723013 0.192667
v 2.743811 5.489628 0.192667
v 2.987099 5.702375 0.220471
v 2.819397 5.725709 0.150337
v 2.749932 5.735374 -0.018980
v 2.980813 4.428596 0.150337
v 3.050277 4.418931 -0.018981
v 2.711868 5.512637 -0.018980
v 2.671741 5.760889 -0.018980
v 2.781777 5.507025 0.150337
v 2.781777 5.507025 -0.188298
v 2.950552 5.493476 -0.258432
v 2.759127 5.753874 -0.230628
v 2.970096 5.736938 -0.318295
v 2.821061 6.525393 -0.230628
v 2.882799 6.765468 -0.188298
v 2.733675 6.532407 -0.018980
v 3.032030 6.508457 -0.318295
v 3.242998 6.491521 -0.230628
v 3.051574 6.751919 -0.258432
v 3.181064 5.720003 -0.230628
v 3.119327 5.479928 -0.188298
v 3.268450 5.712988 -0.018980
v 3.330384 6.484506 -0.018980
v 3.290257 6.732759 -0.018980
v 3.220348 6.738370 0.150337
v 3.242998 6.491521 0.192667
v 3.220348 6.738370 -0.188298
v 3.032030 6.508457 0.280334
v 3.181064 5.720003 0.192667
v 2.970096 5.736938 0.280334
v 2.950552 5.493476 0.220471
v 2.759127 5.753874 0.192667
v 2.821061 6.525393 0.192667
v 3.051574 6.751919 0.220471
v 2.882799 6.765468 0.150337
v 2.812890 6.771079 -0.018980
v 3.119327 5.479928 0.150337
v 3.189235 5.474316 -0.018980
v 2.791663 6.550121 -0.018980
v 2.741248 6.796490 -0.018980
v 2.861744 6.547421 0.150337
v 2.861744 6.547421 -0.188298
v 3.030936 6.540902 -0.258432
v 2.828850 6.793115 -0.230628
v 3.040340 6.784966 -0.318295
v 2.858650 7.566541 -0.230627
v 2.910352 7.808976 -0.188298
v 2.771048 7.569917 -0.018980
v 3.070141 7.558393 -0.318295
v 3.281631 7.550244 -0.230627
v 3.079544 7.802457 -0.258432
v 3.251831 6.776818 -0.230628
v 3.200129 6.534383 -0.188298
v 3.339433 6.773442 -0.018980
v 3.369233 7.546868 -0.018980
v 3.318818 7.793238 -0.018980
v 3.248737 7.795938 0.150338
v 3.281631 7.550244 0.192667
v 3.248737 7.795938 -0.188298
v 3.070141 7.558393 0.280334
v 3.251831 6.776817 0.192667
v 3.040340 6.784966 0.280334
v 3.030936 6.540902 0.220471
v 2.828850 6.793115 0.192667
v 2.858650 7.566541 0.192667
v 3.079544 7.802457 0.220471
v 2.910352 7.808976 0.150338
v 2.840270 7.811676 -0.018980
v 3.200129 6.534383 0.150337
v 3.270211 6.531682 -0.018980
v 2.832039 7.590745 -0.018980
v 2.772195 7.834995 -0.018980
v 2.902173 7.590740 0.150338
v 2.902173 7.590740 -0.188298
v 3.071491 7.590727 -0.258432
v 2.859862 7.834988 -0.230627
v 3.071509 7.834972 -0.318294
v 2.859920 8.608989 -0.230627
v 2.902268 8.853230 -0.188298
v 2.772253 8.608995 -0.018980
v 3.071567 8.608973 -0.318294
v 3.283215 8.608956 -0.230627
v 3.071586 8.853218 -0.258432
v 3.283156 7.834957 -0.230627
v 3.240808 7.590714 -0.188298
v 3.370823 7.834950 -0.018980
v 3.370882 8.608950 -0.018980
v 3.311037 8.853200 -0.018980
v 3.240903 8.853205 0.150338
v 3.283215 8.608956 0.192667
v 3.240903 8.853205 -0.188298
v 3.071567 8.608973 0.280334
v 3.283156 7.834957 0.192667
v 3.071509 7.834972 0.280334
v 3.071491 7.590727 0.220471
v 2.859862 7.834988 0.192667
v 2.859920 8.608988 0.192667
v 3.071586 8.853218 0.220471
v 2.902268 8.853230 0.150338
v 2.832134 8.853235 -0.018980
v 3.240808 7.590714 0.150338
v 3.310942 7.590709 -0.018980
v 2.821452 8.617527 -0.018980
v 2.756686 8.860518 -0.018980
v 2.891571 8.618938 0.150338
v 2.891571 8.618938 -0.188298
v 3.060855 8.622345 -0.258432
v 2.844336 8.862283 -0.230627
v 3.055940 8.866542 -0.318294
v 2.828762 9.636127 -0.230627
v 2.866168 9.881174 -0.188298
v 2.741113 9.634362 -0.018980
v 3.040366 9.640385 -0.318294
v 3.251971 9.644644 -0.230627
v 3.035452 9.884581 -0.258431
v 3.267545 8.870800 -0.230627
v 3.230138 8.625752 -0.188298
v 3.355194 8.872564 -0.018980
v 3.339620 9.646407 -0.018980
v 3.274855 9.889399 -0.018980
v 3.204736 9.887987 0.150338
v 3.251971 9.644644 0.192667
v 3.204736 9.887987 -0.188298
v 3.040366 9.640385 0.280334
v 3.267545 8.870800 0.192667
v 3.055940 8.866541 0.280334
v 3.060855 8.622345 0.220472
v 2.844336 8.862283 0.192667
v 2.828762 9.636127 0.192667
v 3.035452 9.884581 0.220472
v 2.866168 9.881174 0.150338
v 2.796049 9.879763 -0.018980
v 3.230138 8.625752 0.150338
v 3.300258 8.627164 -0.018980
v 0.367449 -0.881358 -0.018981
v 0.121480 -0.829031 -0.018981
v 0.397953 -0.818206 0.150337
v 0.397953 -0.818206 -0.188299
v 0.471596 -0.665742 -0.258433
v 0.159609 -0.750090 -0.230628
v 0.251663 -0.559510 -0.318296
v -0.537347 -0.413447 -0.230629
v -0.738869 -0.269099 -0.188299
v -0.575477 -0.492388 -0.018981
v -0.445293 -0.222867 -0.318296
v -0.353239 -0.032287 -0.230629
v -0.665226 -0.116635 -0.258433
v 0.343717 -0.368930 -0.230629
v 0.545239 -0.513278 -0.188299
v 0.381847 -0.289989 -0.018981
v -0.315110 0.046653 -0.018981
v -0.561079 0.098981 -0.018981
v -0.591583 0.035829 0.150336
v -0.353239 -0.032287 0.192666
v -0.591583 0.035829 -0.188299
v -0.445293 -0.222867 0.280333
v 0.343717 -0.368930 0.192666
v 0.251663 -0.559510 0.280333
v 0.471596 -0.665742 0.220470
v 0.159609 -0.750090 0.192666
v -0.537347 -0.413447 0.192666
v -0.665226 -0.116635 0.220470
v -0.738869 -0.269099 0.150337
v -0.769373 -0.332252 -0.018981
v 0.545239 -0.513278 0.150337
v 0.575743 -0.450125 -0.018981
v -0.655637 -0.474144 -0.018981
v -0.889829 -0.382526 -0.018981
v -0.615273 -0.416790 0.150337
v -0.615273 -0.416790 -0.188299
v -0.517824 -0.278326 -0.258433
v -0.839373 -0.310834 -0.230628
v -0.717562 -0.137754 -0.318296
v -1.472332 0.134632 -0.230628
v -1.647708 0.309820 -0.188299
v -1.522788 0.062940 -0.018981
v -1.350521 0.307712 -0.318296
v -1.228710 0.480792 -0.230628
v -1.550259 0.448284 -0.258433
v -0.595752 0.035326 -0.230628
v -0.420376 -0.139862 -0.188299
v -0.545296 0.107018 -0.018981
v -1.178255 0.552484 -0.018981
v -1.412446 0.644102 -0.018981
v -1.452810 0.586748 0.150337
v -1.228710 0.480792 0.192666
v -1.452810 0.586748 -0.188299
v -1.350521 0.307712 0.280333
v -0.595752 0.035326 0.192666
v -0.717562 -0.137754 0.280333
v -0.517824 -0.278326 0.220470
v -0.839373 -0.310834 0.192666
v -1.472332 0.134632 0.192666
v -1.550259 0.448284 0.220470
v -1.647708 0.309820 0.150337
v -1.688072 0.252466 -0.018981
v -0.420376 -0.139862 0.150337
v -0.380011 -0.082508 -0.018981
v -1.560125 0.225359 -0.018981
v -1.761963 0.375362 -0.018981
v -1.506094 0.270073 0.150337
v -1.506094 0.270073 -0.188299
v -1.375650 0.378022 -0.258433
v -1.694424 0.431254 -0.230628
v -1.531369 0.566190 -0.318295
v -2.187889 1.027550 -0.230628
v -2.310997 1.242706 -0.188299
v -2.255428 0.971658 -0.018981
v -2.024834 1.162486 -0.318295
v -1.861779 1.297422 -0.230628
v -2.180553 1.350655 -0.258433
v -1.368314 0.701127 -0.230628
v -1.245206 0.485971 -0.188299
v -1.300775 0.757019 -0.018981
v -1.794240 1.353314 -0.018981
v -1.996078 1.503317 -0.018981
v -2.050109 1.458603 0.150337
v -1.861779 1.297422 0.192666
v -2.050109 1.458603 -0.188299
v -2.024834 1.162486 0.280333
v -1.368314 0.701126 0.192666
v -1.531369 0.566190 0.280333
v -1.375650 0.378022 0.220470
v -1.694424 0.431254 0.192666
v -2.187889 1.027550 0.192666
v -2.180553 1.350655 0.220470
v -2.310997 1.242706 0.150337
v -2.365028 1.197992 -0.018981
v -1.245206 0.485971 0.150337
v -1.191175 0.530684 -0.018981
v -2.266685 1.100455 -0.018981
v -2.433978 1.288211 -0.018981
v -2.204721 1.133305 0.150337
v -2.204721 1.133305 -0.188299
v -2.055125 1.212611 -0.258433
v -2.356522 1.329274 -0.230628
v -2.169527 1.428407 -0.318295
v -2.719057 2.013120 -0.230628
v -2.796060 2.248742 -0.188299
v -2.796512 1.972057 -0.018981
v -2.532062 2.112253 -0.318295
v -2.345067 2.211387 -0.230628
v -2.646464 2.328049 -0.258432
v -1.982532 1.527541 -0.230628
v -1.905529 1.291918 -0.188299
v -1.905077 1.568604 -0.018981
v -2.267611 2.252449 -0.018981
v -2.434903 2.440206 -0.018981
v -2.496868 2.407356 0.150337
v -2.345067 2.211387 0.192666
v -2.496868 2.407356 -0.188299
v -2.532062 2.112253 0.280333
v -1.982532 1.527541 0.192666
v -2.169527 1.428407 0.280333
v -2.055125 1.212611 0.220471
v -2.356522 1.329274 0.192666
v -2.719057 2.013120 0.192666
v -2.646464 2.328049 0.220471
v -2.796060 2.248742 0.150337
v -2.858024 2.215892 -0.018981
v -1.905529 1.291918 0.150337
v -1.843564 1.324768 -0.018981
v -2.755122 2.099446 -0.018981
v -2.892581 2.310027 -0.018981
v -2.688956 2.122700 0.150337
v -2.688956 2.122700 -0.188299
v -2.529216 2.178840 -0.258432
v -2.809874 2.339094 -0.230628
v -2.610198 2.409269 -0.318295
v -3.066504 3.069311 -0.230628
v -3.107552 3.313775 -0.188299
v -3.149212 3.040244 -0.018981
v -2.866829 3.139486 -0.318295
v -2.667154 3.209661 -0.230628
v -2.947812 3.369915 -0.258432
v -2.410524 2.479444 -0.230628
v -2.369476 2.234979 -0.188299
v -2.327816 2.508511 -0.018981
v -2.584446 3.238728 -0.018981
v -2.721905 3.449308 -0.018981
v -2.788072 3.426054 0.150337
v -2.667154 3.209661 0.192666
v -2.788072 3.426054 -0.188299
v -2.866829 3.139486 0.280334
v -2.410524 2.479443 0.192666
v -2.610198 2.409269 0.280334
v -2.529216 2.178839 0.220471
v -2.809874 2.339094 0.192666
v -3.066504 3.069311 0.192666
v -2.947812 3.369915 0.220471
v -3.107552 3.313775 0.150337
v -3.173718 3.290521 -0.018981
v -2.369476 2.234979 0.150337
v -2.303309 2.258233 -0.018981
v -3.109786 3.138156 -0.018981
v -3.228508 3.359842 -0.018981
v -3.041855 3.155597 0.150337
v -3.041855 3.155597 -0.188299
v -2.877857 3.197703 -0.258432
v -3.143594 3.381643 -0.230628
v -2.938596 3.434276 -0.318295
v -3.336073 4.131329 -0.230628
v -3.355813 4.378428 -0.188298
v -3.420986 4.109528 -0.018981
v -3.131075 4.183961 -0.318295
v -2.926076 4.236594 -0.230628
v -3.191814 4.420534 -0.258432
v -2.733597 3.486908 -0.230628
v -2.713858 3.239809 -0.188299
v -2.648684 3.508709 -0.018981
v -2.841163 4.258395 -0.018981
v -2.959884 4.480081 -0.018981
v -3.027815 4.462640 0.150337
v -2.926076 4.236594 0.192667
v -3.027815 4.462640 -0.188298
v -3.131075 4.183961 0.280334
v -2.733597 3.486908 0.192667
v -2.938596 3.434276 0.280334
v -2.877857 3.197703 0.220471
v -3.143594 3.381643 0.192667
v -3.336073 4.131329 0.192667
v -3.191814 4.420534 0.220471
v -3.355813 4.378428 0.150337
v -3.423743 4.360987 -0.018981
v -2.713858 3.239809 0.150337
v -2.645927 3.257250 -0.018981
v -3.371475 4.198023 -0.018981
v -3.476113 4.426694 -0.018981
v -3.302588 4.211185 0.150337
v -3.302588 4.211185 -0.188298
v -3.136279 4.242962 -0.258432
v -3.390003 4.443147 -0.230628
v -3.182117 4.482867 -0.318295
v -3.535262 5.203394 -0.230628
v -3.539523 5.451244 -0.188298
v -3.621371 5.186942 -0.018981
v -3.327375 5.243115 -0.318295
v -3.119489 5.282835 -0.230628
v -3.373214 5.483021 -0.258432
v -2.974230 4.522588 -0.230628
v -2.969969 4.274738 -0.188298
v -2.888121 4.539041 -0.018981
v -3.033379 5.299288 -0.018981
v -3.138017 5.527959 -0.018981
v -3.206904 5.514797 0.150337
v -3.119489 5.282835 0.192667
v -3.206904 5.514797 -0.188298
v -3.327375 5.243115 0.280334
v -2.974230 4.522588 0.192667
v -3.182117 4.482867 0.280334
v -3.136279 4.242962 0.220471
v -3.390003 4.443147 0.192667
v -3.535262 5.203394 0.192667
v -3.373214 5.483021 0.220471
v -3.539523 5.451244 0.150337
v -3.608410 5.438082 -0.018981
v -2.969969 4.274738 0.150337
v -2.901082 4.287900 -0.018981
v -3.571474 5.266887 -0.018980
v -3.665773 5.500011 -0.018980
v -3.502066 5.276953 0.150337
v -3.502066 5.276953 -0.188298
v -3.334502 5.301254 -0.258432
v -3.579013 5.512594 -0.230628
v -3.369557 5.542971 -0.318295
v -3.690103 6.278580 -0.230628
v -3.683267 6.526372 -0.188298
v -3.776862 6.265998 -0.018980
v -3.480647 6.308957 -0.318295
v -3.271191 6.339334 -0.230628
v -3.515703 6.550674 -0.258432
v -3.160101 5.573348 -0.230628
v -3.166937 5.325556 -0.188298
v -3.073342 5.585930 -0.018980
v -3.184432 6.351917 -0.018980
v -3.278730 6.585042 -0.018980
v -3.348138 6.574975 0.150337
v -3.271191 6.339334 0.192667
v -3.348138 6.574975 -0.188298
v -3.480647 6.308957 0.280334
v -3.160101 5.573348 0.192667
v -3.369557 5.542971 0.280334
v -3.334502 5.301254 0.220471
v -3.579013 5.512594 0.192667
v -3.690103 6.278580 0.192667
v -3.515703 6.550674 0.220471
v -3.683267 6.526372 0.150337
v -3.752675 6.516306 -0.018980
v -3.166937 5.325556 0.150337
v -3.097529 5.335622 -0.018980
v -3.726239 6.342522 -0.018980
v -3.810767 6.579365 -0.018980
v -3.656473 6.349694 0.150337
v -3.656473 6.349695 -0.188298
v -3.488043 6.367011 -0.258432
v -3.723560 6.588330 -0.230628
v -3.513022 6.609975 -0.318295
v -3.802716 7.358272 -0.230628
v -3.785587 7.605566 -0.188298
v -3.889923 7.349307 -0.018980
v -3.592178 7.379917 -0.318295
v -3.381641 7.401562 -0.230628
v -3.617157 7.622882 -0.258432
v -3.302485 6.631620 -0.230628
v -3.319613 6.384326 -0.188298
v -3.215277 6.640586 -0.018980
v -3.294433 7.410528 -0.018980
v -3.378961 7.647370 -0.018980
v -3.448727 7.640198 0.150338
v -3.381641 7.401562 0.192667
v -3.448727 7.640198 -0.188298
v -3.592178 7.379917 0.280334
v -3.302485 6.631620 0.192667
v -3.513022 6.609975 0.280334
v -3.488043 6.367011 0.220471
v -3.723560 6.588330 0.192667
v -3.802716 7.358272 0.192667
v -3.617157 7.622882 0.220471
v -3.785587 7.605566 0.150338
v -3.855353 7.598393 -0.018980
v -3.319613 6.384326 0.150337
v -3.249847 6.391499 -0.018980
v -3.836516 7.424306 -0.018980
v -3.910466 7.664662 -0.018980
v -3.766501 7.428381 0.150338
v -3.766501 7.428381 -0.188298
v -3.597469 7.438217 -0.258432
v -3.822948 7.669755 -0.230627
v -3.611658 7.682050 -0.318295
v -3.867911 8.442448 -0.230627
v -3.839842 8.688740 -0.188298
v -3.955430 8.437355 -0.018980
v -3.656621 8.454742 -0.318294
v -3.445331 8.467038 -0.230627
v -3.670810 8.698576 -0.258432
v -3.400368 7.694345 -0.230627
v -3.428437 7.448053 -0.188298
v -3.312849 7.699438 -0.018980
v -3.357812 8.472131 -0.018980
v -3.431763 8.712486 -0.018980
v -3.501778 8.708412 0.150338
v -3.445331 8.467038 0.192667
v -3.501778 8.708412 -0.188298
v -3.656621 8.454742 0.280334
v -3.400368 7.694345 0.192667
v -3.611658 7.682050 0.280334
v -3.597469 7.438217 0.220471
v -3.822948 7.669755 0.192667
v -3.867911 8.442448 0.192667
v -3.670810 8.698576 0.220471
v -3.839842 8.688740 0.150338
v -3.909857 8.684666 -0.018980
v -3.428437 7.448053 0.150338
v -3.358422 7.452127 -0.018980
v -3.886071 8.505141 -0.018980
v -3.954464 8.747137 -0.018980
v -3.815980 8.507602 0.150338
v -3.815980 8.507602 -0.188298
v -3.646766 8.513540 -0.258432
v -3.866851 8.750212 -0.230627
v -3.655334 8.757636 -0.318294
v -3.894001 9.523736 -0.230627
v -3.860264 9.769316 -0.188298
v -3.981614 9.520660 -0.018980
v -3.682483 9.531159 -0.318294
v -3.470966 9.538584 -0.230627
v -3.691051 9.775255 -0.258431
v -3.443817 8.765059 -0.230627
v -3.477553 8.519480 -0.188298
v -3.356204 8.768135 -0.018980
v -3.383353 9.541658 -0.018980
v -3.451747 9.783654 -0.018980
v -3.521837 9.781194 0.150338
v -3.470966 9.538584 0.192667
v -3.521837 9.781194 -0.188298
v -3.682483 9.531159 0.280334
v -3.443817 8.765059 0.192667
v -3.655334 8.757636 0.280334
v -3.646766 8.513540 0.220472
v -3.866851 8.750212 0.192667
v -3.894001 9.523736 0.192667
v -3.691051 9.775255 0.220472
v -3.860264 9.769316 0.150338
v -3.930355 9.766855 -0.018980
v -3.477553 8.519480 0.150338
v -3.407462 8.521940 -0.018980
v -0.251553 -0.724087 0.346044
v -0.311416 -0.578784 0.149721
v -0.181419 -0.587990 0.446772
v -0.181419 -0.860184 0.245316
v -0.012101 -0.916557 0.203593
v -0.223748 -0.748905 0.023811
v -0.012101 -0.819372 -0.028343
v -0.223748 -0.288448 -0.598327
v -0.181419 -0.109121 -0.769468
v -0.311416 -0.118327 -0.472417
v -0.012101 -0.358914 -0.650481
v 0.199546 -0.288448 -0.598327
v -0.012101 -0.165494 -0.811191
v 0.199546 -0.748905 0.023811
v 0.157217 -0.860184 0.245316
v 0.287213 -0.578784 0.149721
v 0.287213 -0.118327 -0.472417
v 0.227350 0.026976 -0.668740
v 0.157217 0.163073 -0.568012
v 0.199546 0.051794 -0.346507
v 0.157217 -0.109121 -0.769468
v -0.012101 0.122261 -0.294353
v 0.199546 -0.408663 0.275631
v -0.012101 -0.338197 0.327785
v -0.012101 -0.531617 0.488495
v -0.223748 -0.408663 0.275631
v -0.223748 0.051794 -0.346507
v -0.012101 0.219446 -0.526289
v -0.181419 0.163073 -0.568012
v -0.251553 0.026976 -0.668740
v 0.157217 -0.587990 0.446772
v 0.227350 -0.724087 0.346044
v -0.251553 -0.135560 -0.512879
v -0.311416 0.024180 -0.697647
v -0.181419 -0.007474 -0.402143
v -0.181419 -0.263646 -0.623615
v -0.012101 -0.316701 -0.669484
v -0.223748 -0.135927 -0.836067
v -0.012101 -0.202246 -0.893402
v -0.223748 0.370279 -1.421585
v -0.181419 0.562040 -1.578668
v -0.311416 0.530387 -1.283165
v -0.012101 0.303961 -1.478920
v 0.199546 0.370279 -1.421585
v -0.012101 0.508986 -1.624537
v 0.199546 -0.135927 -0.836067
v 0.157217 -0.263646 -0.623615
v 0.287213 0.024180 -0.697647
v 0.287213 0.530387 -1.283165
v 0.227350 0.690126 -1.467932
v 0.157217 0.818212 -1.357196
v 0.199546 0.690494 -1.144744
v 0.157217 0.562040 -1.578668
v -0.012101 0.756813 -1.087409
v 0.199546 0.184288 -0.559227
v -0.012101 0.250606 -0.501891
v -0.012101 0.045581 -0.356275
v -0.223748 0.184288 -0.559227
v -0.223748 0.690494 -1.144744
v -0.012101 0.871267 -1.311327
v -0.181419 0.818212 -1.357196
v -0.251553 0.690126 -1.467932
v 0.157217 -0.007474 -0.402143
v 0.227350 -0.135560 -0.512879
v -0.251553 0.562082 -1.290355
v -0.311416 0.742691 -1.454782
v -0.181419 0.676067 -1.165152
v -0.181419 0.448097 -1.415558
v -0.012101 0.400883 -1.467419
v -0.223748 0.600210 -1.611286
v -0.012101 0.541192 -1.676112
v -0.223748 1.172550 -2.132346
v -0.181419 1.381655 -2.265472
v -0.311416 1.315031 -1.975842
v -0.012101 1.113532 -2.197172
v 0.199546 1.172550 -2.132346
v -0.012101 1.334441 -2.317333
v 0.199546 0.600210 -1.611286
v 0.157217 0.448097 -1.415558
v 0.287213 0.742691 -1.454782
v 0.287213 1.315031 -1.975842
v 0.227350 1.495640 -2.140268
v 0.157217 1.609626 -2.015065
v 0.199546 1.457513 -1.819337
v 0.157217 1.381655 -2.265472
v -0.012101 1.516531 -1.754511
v 0.199546 0.885173 -1.298278
v -0.012101 0.944191 -1.233452
v -0.012101 0.723282 -1.113291
v -0.223748 0.885173 -1.298278
v -0.223748 1.457513 -1.819337
v -0.012101 1.656840 -1.963204
v -0.181419 1.609626 -2.015065
v -0.251553 1.495640 -2.140268
v 0.157217 0.676067 -1.165152
v 0.227350 0.562082 -1.290355
v -0.251553 1.337302 -1.991131
v -0.311416 1.531020 -2.139890
v -0.181419 1.440426 -1.856841
v -0.181419 1.234178 -2.125422
v -0.012101 1.191463 -2.181047
v -0.223748 1.402115 -2.307754
v -0.012101 1.348721 -2.377285
v -0.223748 2.015996 -2.779162
v -0.181419 2.235495 -2.894349
v -0.311416 2.144901 -2.611299
v -0.012101 1.962602 -2.848694
v 0.199546 2.015996 -2.779162
v -0.012101 2.192780 -2.949974
v 0.199546 1.402115 -2.307754
v 0.157217 1.234178 -2.125422
v 0.287213 1.531020 -2.139890
v 0.287213 2.144901 -2.611299
v 0.227350 2.338619 -2.760058
v 0.157217 2.441743 -2.625767
v 0.199546 2.273806 -2.443436
v 0.157217 2.235495 -2.894349
v -0.012101 2.327200 -2.373904
v 0.199546 1.659925 -1.972027
v -0.012101 1.713319 -1.902496
v -0.012101 1.483141 -1.801216
v -0.223748 1.659925 -1.972027
v -0.223748 2.273806 -2.443436
v -0.012101 2.484458 -2.570142
v -0.181419 2.441743 -2.625767
v -0.251553 2.338619 -2.760058
v 0.157217 1.440426 -1.856841
v 0.227350 1.337302 -1.991131
v -0.251553 2.142074 -2.668887
v -0.311416 2.359161 -2.780821
v -0.181419 2.219669 -2.518396
v -0.181419 2.064478 -2.819378
v -0.012101 2.032337 -2.881713
v -0.223748 2.262167 -2.968934
v -0.012101 2.221990 -3.046853
v -0.223748 2.950103 -3.323645
v -0.181419 3.186589 -3.397955
v -0.311416 3.047097 -3.135531
v -0.012101 2.909927 -3.401564
v 0.199546 2.950103 -3.323645
v -0.012101 3.154448 -3.460291
v 0.199546 2.262167 -2.968934
v 0.157217 2.064478 -2.819378
v 0.287213 2.359161 -2.780821
v 0.287213 3.047097 -3.135531
v 0.227350 3.264184 -3.247465
v 0.157217 3.341779 -3.096974
v 0.199546 3.144091 -2.947418
v 0.157217 3.186589 -3.397955
v -0.012101 3.184268 -2.869499
v 0.199546 2.456155 -2.592707
v -0.012101 2.496331 -2.514788
v -0.012101 2.251810 -2.456061
v -0.223748 2.456155 -2.592707
v -0.223748 3.144091 -2.947418
v -0.012101 3.373921 -3.034639
v -0.181419 3.341779 -3.096974
v -0.251553 3.264184 -3.247465
v 0.157217 2.219669 -2.518396
v 0.227350 2.142074 -2.668887
v -0.251553 3.078024 -3.124243
v -0.311416 3.315496 -3.181364
v -0.181419 3.117622 -2.959621
v -0.181419 3.038426 -3.288865
v -0.012101 3.022024 -3.357054
v -0.223748 3.265999 -3.387142
v -0.012101 3.245497 -3.472378
v -0.223748 4.018535 -3.568156
v -0.181419 4.265906 -3.584121
v -0.311416 4.068032 -3.362378
v -0.012101 3.998032 -3.653392
v 0.199546 4.018535 -3.568156
v -0.012101 4.249505 -3.652310
v 0.199546 3.265999 -3.387142
v 0.157217 3.038426 -3.288865
v 0.287213 3.315496 -3.181364
v 0.287213 4.068032 -3.362378
v 0.227350 4.305504 -3.419499
v 0.157217 4.345102 -3.254877
v 0.199546 4.117530 -3.156600
v 0.157217 4.265906 -3.584121
v -0.012101 4.138032 -3.071364
v 0.199546 3.364994 -2.975586
v -0.012101 3.385496 -2.890350
v -0.012101 3.134024 -2.891432
v -0.223748 3.364994 -2.975586
v -0.223748 4.117530 -3.156600
v -0.012101 4.361505 -3.186688
v -0.181419 4.345102 -3.254877
v -0.251553 4.305504 -3.419499
v 0.157217 3.117622 -2.959621
v 0.227350 3.078024 -3.124243
v -0.251553 4.101699 -3.327721
v -0.311416 4.344517 -3.354091
v -0.181419 4.119979 -3.159393
v -0.181419 4.083419 -3.496049
v -0.012101 4.075847 -3.565773
v -0.223748 4.321667 -3.564501
v -0.012101 4.312202 -3.651655
v -0.223748 5.091143 -3.648065
v -0.181419 5.338531 -3.632352
v -0.311416 5.113993 -3.437654
v -0.012101 5.081678 -3.735219
v 0.199546 5.091143 -3.648065
v -0.012101 5.330959 -3.702076
v 0.199546 4.321667 -3.564501
v 0.157217 4.083419 -3.496049
v 0.287213 4.344517 -3.354091
v 0.287213 5.113993 -3.437654
v 0.227350 5.356811 -3.464024
v 0.157217 5.375091 -3.295696
v 0.199546 5.136843 -3.227244
v 0.157217 5.338531 -3.632352
v -0.012101 5.146308 -3.140090
v 0.199546 4.367367 -3.143681
v -0.012101 4.376832 -3.056526
v -0.012101 4.127551 -3.089669
v -0.223748 4.367367 -3.143681
v -0.223748 5.136843 -3.227244
v -0.012101 5.382663 -3.225972
v -0.181419 5.375091 -3.295696
v -0.251553 5.356811 -3.464024
v 0.157217 4.119979 -3.159393
v 0.227350 4.101699 -3.327721
v -0.251553 5.140808 -3.433538
v -0.311416 5.384513 -3.449777
v -0.181419 5.152066 -3.264595
v -0.181419 5.129551 -3.602481
v -0.012101 5.124888 -3.672460
v -0.223748 5.370441 -3.660956
v -0.012101 5.364613 -3.748429
v -0.223748 6.142729 -3.712417
v -0.181419 6.389248 -3.686420
v -0.311416 6.156801 -3.501238
v -0.012101 6.136900 -3.799890
v 0.199546 6.142729 -3.712417
v -0.012101 6.384585 -3.756398
v 0.199546 5.370441 -3.660956
v 0.157217 5.129551 -3.602481
v 0.287213 5.384513 -3.449777
v 0.287213 6.156801 -3.501238
v 0.227350 6.400506 -3.517477
v 0.157217 6.411763 -3.348534
v 0.199546 6.170872 -3.290059
v 0.157217 6.389248 -3.686420
v -0.012101 6.176701 -3.202586
v 0.199546 5.398585 -3.238598
v -0.012101 5.404414 -3.151125
v -0.012101 5.156729 -3.194616
v -0.223748 5.398585 -3.238598
v -0.223748 6.170872 -3.290059
v -0.012101 6.416426 -3.278555
v -0.181419 6.411763 -3.348534
v -0.251553 6.400506 -3.517477
v 0.157217 5.152066 -3.264595
v 0.227350 5.140808 -3.433538
v -0.251553 6.183108 -3.501899
v -0.311416 6.427182 -3.511061
v -0.181419 6.189460 -3.332701
v -0.181419 6.176757 -3.671098
v -0.012101 6.174127 -3.741182
v -0.223748 6.419243 -3.722559
v -0.012101 6.415955 -3.810165
v -0.223748 7.192698 -3.751592
v -0.181419 7.438360 -3.718454
v -0.311416 7.200638 -3.540094
v -0.012101 7.189410 -3.839198
v 0.199546 7.192698 -3.751592
v -0.012101 7.435729 -3.788539
v 0.199546 6.419243 -3.722559
v 0.157217 6.176757 -3.671098
v 0.287213 6.427182 -3.511061
v 0.287213 7.200637 -3.540094
v 0.227350 7.444711 -3.549256
v 0.157217 7.451062 -3.380057
v 0.199546 7.208576 -3.328596
v 0.157217 7.438360 -3.718454
v -0.012101 7.211865 -3.240990
v 0.199546 6.435121 -3.299563
v -0.012101 6.438409 -3.211957
v -0.012101 6.192091 -3.262616
v -0.223748 6.435121 -3.299563
v -0.223748 7.208576 -3.328596
v -0.012101 7.453693 -3.309973
v -0.181419 7.451062 -3.380057
v -0.251553 7.444711 -3.549256
v 0.157217 6.189460 -3.332701
v 0.227350 6.183108 -3.501899
v -0.251553 7.227035 -3.533448
v -0.311416 7.471213 -3.539180
v -0.181419 7.231009 -3.364177
v -0.181419 7.223062 -3.702719
v -0.012101 7.221416 -3.772834
v -0.223748 7.466247 -3.750769
v -0.012101 7.464189 -3.838412
v -0.223748 8.240033 -3.768932
v -0.181419 8.485205 -3.732346
v -0.311416 8.245000 -3.557343
v -0.012101 8.237976 -3.856575
v 0.199546 8.240033 -3.768932
v -0.012101 8.483559 -3.802461
v 0.199546 7.466247 -3.750769
v 0.157217 7.223062 -3.702719
v 0.287213 7.471213 -3.539180
v 0.287213 8.245000 -3.557343
v 0.227350 8.489178 -3.563075
v 0.157217 8.493152 -3.393804
v 0.199546 8.249967 -3.345754
v 0.157217 8.485205 -3.732346
v -0.012101 8.252024 -3.258111
v 0.199546 7.476180 -3.327591
v -0.012101 7.478237 -3.239948
v -0.012101 7.232654 -3.294062
v -0.223748 7.476180 -3.327591
v -0.223748 8.249967 -3.345754
v -0.012101 8.494798 -3.323689
v -0.181419 8.493152 -3.393804
v -0.251553 8.489178 -3.563075
v 0.157217 7.231008 -3.364177
v 0.227350 7.227035 -3.533448
v -0.251553 -0.741218 -0.267001
v -0.311416 -0.598226 -0.068988
v -0.181419 -0.878486 -0.167875
v -0.181419 -0.603950 -0.366127
v -0.012101 -0.547091 -0.407187
v -0.223748 -0.426640 -0.192896
v -0.012101 -0.355568 -0.244220
v -0.223748 0.026493 0.434596
v -0.181419 0.135168 0.657390
v -0.311416 -0.145092 0.558504
v -0.012101 0.097566 0.383272
v 0.199546 0.026493 0.434596
v -0.012101 0.192027 0.616331
v 0.199546 -0.426640 -0.192896
v 0.157217 -0.603950 -0.366127
v 0.287213 -0.598226 -0.068988
v 0.287213 -0.145092 0.558504
v 0.227350 -0.002100 0.756516
v 0.157217 -0.139368 0.855642
v 0.199546 -0.316677 0.682411
v 0.157217 0.135168 0.657390
v -0.012101 -0.387750 0.733735
v 0.199546 -0.769811 0.054919
v -0.012101 -0.840884 0.106244
v -0.012101 -0.935344 -0.126816
v -0.223748 -0.769811 0.054919
v -0.223748 -0.316677 0.682411
v -0.012101 -0.196226 0.896702
v -0.181419 -0.139368 0.855643
v -0.251553 -0.002100 0.756516
v 0.157217 -0.878486 -0.167875
v 0.227350 -0.741218 -0.267001
v -0.251553 -0.161079 0.668025
v -0.311416 0.010662 0.841694
v -0.181419 -0.281471 0.787081
v -0.181419 -0.040687 0.548969
v -0.012101 0.009181 0.499655
v -0.223748 0.161152 0.692874
v -0.012101 0.223487 0.631231
v -0.223748 0.705390 1.243221
v -0.181419 0.847033 1.446653
v -0.311416 0.554900 1.392040
v -0.012101 0.767725 1.181577
v 0.199546 0.705390 1.243221
v -0.012101 0.896901 1.397339
v 0.199546 0.161152 0.692874
v 0.157217 -0.040687 0.548969
v 0.287213 0.010662 0.841694
v 0.287213 0.554900 1.392040
v 0.227350 0.726641 1.565709
v 0.157217 0.606249 1.684765
v 0.199546 0.404410 1.540860
v 0.157217 0.847033 1.446653
v -0.012101 0.342075 1.602503
v 0.199546 -0.139828 0.990513
v -0.012101 -0.202163 1.052157
v -0.012101 -0.331339 0.836395
v -0.223748 -0.139828 0.990513
v -0.223748 0.404410 1.540860
v -0.012101 0.556381 1.734079
v -0.181419 0.606249 1.684765
v -0.251553 0.726641 1.565709
v 0.157217 -0.281471 0.787081
v 0.227350 -0.161079 0.668025
v -0.251553 0.674161 1.411107
v -0.311416 0.877276 1.546754
v -0.181419 0.580127 1.551912
v -0.181419 0.768196 1.270302
v -0.012101 0.807146 1.211979
v -0.223748 0.994819 1.370748
v -0.012101 1.043507 1.297844
v -0.223748 1.638479 1.800607
v -0.181419 1.818085 1.971455
v -0.311416 1.520936 1.976613
v -0.012101 1.687167 1.727703
v 0.199546 1.638479 1.800607
v -0.012101 1.857035 1.913132
v 0.199546 0.994819 1.370748
v 0.157217 0.768196 1.270302
v 0.287213 0.877276 1.546754
v 0.287213 1.520936 1.976613
v 0.227350 1.724050 2.112260
v 0.157217 1.630016 2.253065
v 0.199546 1.403392 2.152619
v 0.157217 1.818085 1.971455
v -0.012101 1.354704 2.225523
v 0.199546 0.759733 1.722761
v -0.012101 0.711045 1.795665
v -0.012101 0.541176 1.610235
v -0.223748 0.759733 1.722761
v -0.223748 1.403392 2.152619
v -0.012101 1.591066 2.311388
v -0.181419 1.630016 2.253065
v -0.251553 1.724050 2.112260
v 0.157217 0.580126 1.551912
v 0.227350 0.674161 1.411107
v -0.251553 1.605945 2.032199
v -0.311416 1.822133 2.145859
v -0.181419 1.527153 2.182067
v -0.181419 1.684737 1.882332
v -0.012101 1.717374 1.820254
v -0.223748 1.920624 1.958524
v -0.012101 1.961419 1.880928
v -0.223748 2.605711 2.318706
v -0.181419 2.802202 2.469832
v -0.311416 2.507221 2.506040
v -0.012101 2.646508 2.241109
v 0.199546 2.605711 2.318706
v -0.012101 2.834838 2.407755
v 0.199546 1.920624 1.958524
v 0.157217 1.684737 1.882332
v 0.287213 1.822133 2.145859
v 0.287213 2.507221 2.506040
v 0.227350 2.723409 2.619700
v 0.157217 2.644617 2.769567
v 0.199546 2.408731 2.693375
v 0.157217 2.802202 2.469832
v -0.012101 2.367935 2.770971
v 0.199546 1.723643 2.333194
v -0.012101 1.682847 2.410790
v -0.012101 1.494516 2.244144
v -0.223748 1.723643 2.333194
v -0.223748 2.408731 2.693375
v -0.012101 2.611981 2.831645
v -0.181419 2.644617 2.769567
v -0.251553 2.723409 2.619700
v 0.157217 1.527153 2.182067
v 0.227350 1.605945 2.032199
v -0.251553 2.601357 2.544984
v -0.311416 2.828602 2.634514
v -0.181419 2.539293 2.702517
v -0.181419 2.663422 2.387452
v -0.012101 2.689130 2.322200
v -0.223748 2.906183 2.437599
v -0.012101 2.938318 2.356034
v -0.223748 3.626309 2.721314
v -0.181419 3.838038 2.850228
v -0.311416 3.548728 2.918230
v -0.012101 3.658444 2.639749
v 0.199546 3.626309 2.721314
v -0.012101 3.863746 2.784976
v 0.199546 2.906183 2.437599
v 0.157217 2.663422 2.387452
v 0.287213 2.828602 2.634514
v 0.287213 3.548728 2.918230
v 0.227350 3.775973 3.007760
v 0.157217 3.713908 3.165292
v 0.199546 3.471147 3.115146
v 0.157217 3.838038 2.850227
v -0.012101 3.439012 3.196711
v 0.199546 2.751021 2.831430
v -0.012101 2.718886 2.912995
v -0.012101 2.513585 2.767769
v -0.223748 2.751021 2.831430
v -0.223748 3.471147 3.115146
v -0.012101 3.688200 3.230545
v -0.181419 3.713908 3.165293
v -0.251553 3.775973 3.007760
v 0.157217 2.539293 2.702517
v 0.227350 2.601357 2.544984
v -0.251553 3.646049 2.948005
v -0.311416 3.881073 3.014485
v -0.181419 3.599963 3.110931
v -0.181419 3.692134 2.785080
v -0.012101 3.711223 2.717594
v -0.223748 3.938679 2.810828
v -0.012101 3.962541 2.726471
v -0.223748 4.683457 3.021497
v -0.181419 4.906960 3.128708
v -0.311416 4.625851 3.225154
v -0.012101 4.707319 2.937140
v 0.199546 4.683457 3.021497
v -0.012101 4.926050 3.061222
v 0.199546 3.938679 2.810828
v 0.157217 3.692134 2.785080
v 0.287213 3.881073 3.014485
v 0.287213 4.625851 3.225154
v 0.227350 4.860875 3.291633
v 0.157217 4.814790 3.454558
v 0.199546 4.568244 3.428811
v 0.157217 4.906960 3.128708
v -0.012101 4.544383 3.513168
v 0.199546 3.823466 3.218141
v -0.012101 3.799604 3.302499
v -0.012101 3.580874 3.178417
v -0.223748 3.823466 3.218141
v -0.223748 4.568244 3.428811
v -0.012101 4.795701 3.522044
v -0.181419 4.814790 3.454558
v -0.251553 4.860875 3.291633
v 0.157217 3.599963 3.110931
v 0.227350 3.646049 2.948005
v -0.251553 4.725365 3.246305
v -0.311416 4.965575 3.290518
v -0.181419 4.694715 3.412825
v -0.181419 4.756015 3.079784
v -0.012101 4.768711 3.010809
v -0.223748 5.003888 3.082367
v -0.012101 5.019757 2.996148
v -0.223748 5.765101 3.222476
v -0.181419 5.997649 3.308320
v -0.311416 5.726789 3.430627
v -0.012101 5.780971 3.136258
v 0.199546 5.765101 3.222476
v -0.012101 6.010345 3.239345
v 0.199546 5.003888 3.082367
v 0.157217 4.756015 3.079784
v 0.287213 4.965575 3.290518
v 0.287213 5.726789 3.430627
v 0.227350 5.966999 3.474840
v 0.157217 5.936349 3.641361
v 0.199546 5.688476 3.638778
v 0.157217 5.997649 3.308320
v -0.012101 5.672606 3.724997
v 0.199546 4.927263 3.498668
v -0.012101 4.911394 3.584887
v -0.012101 4.682019 3.481800
v -0.223748 4.927263 3.498668
v -0.223748 5.688476 3.638778
v -0.012101 5.923654 3.710336
v -0.181419 5.936349 3.641361
v -0.251553 5.966999 3.474840
v 0.157217 4.694715 3.412825
v 0.227350 4.725365 3.246305
v -0.251553 5.827731 3.443466
v -0.311416 6.070962 3.465699
v -0.181419 5.812318 3.612081
v -0.181419 5.843144 3.274851
v -0.012101 5.849528 3.205009
v -0.223748 6.090229 3.254930
v -0.012101 6.098208 3.167627
v -0.223748 6.861015 3.325386
v -0.181419 7.100393 3.389773
v -0.311416 6.841749 3.536155
v -0.012101 6.868995 3.238083
v 0.199546 6.861015 3.325386
v -0.012101 7.106778 3.319931
v 0.199546 6.090229 3.254930
v 0.157217 5.843144 3.274851
v 0.287213 6.070962 3.465699
v 0.287213 6.841749 3.536155
v 0.227350 7.084980 3.558388
v 0.157217 7.069568 3.727003
v 0.199546 6.822483 3.746923
v 0.157217 7.100393 3.389773
v -0.012101 6.814503 3.834227
v 0.199546 6.051697 3.676468
v -0.012101 6.043716 3.763771
v -0.012101 5.805934 3.681923
v -0.223748 6.051697 3.676468
v -0.223748 6.822483 3.746923
v -0.012101 7.063184 3.796845
v -0.181419 7.069568 3.727003
v -0.251553 7.084980 3.558388
v 0.157217 5.812318 3.612081
v 0.227350 5.827731 3.443466
v -0.251553 6.943994 3.517498
v -0.311416 7.187981 3.528729
v -0.181419 6.936209 3.686637
v -0.181419 6.951779 3.348359
v -0.012101 6.955004 3.278300
v -0.223748 7.197713 3.317305
v -0.012101 7.201744 3.229731
v -0.223748 7.970894 3.352895
v -0.181419 8.212934 3.406410
v -0.311416 7.961163 3.564318
v -0.012101 7.974925 3.265320
v 0.199546 7.970894 3.352895
v -0.012101 8.216160 3.336350
v 0.199546 7.197713 3.317305
v 0.157217 6.951779 3.348359
v 0.287213 7.187981 3.528729
v 0.287213 7.961163 3.564318
v 0.227350 8.205150 3.575548
v 0.157217 8.197364 3.744687
v 0.199546 7.951431 3.775741
v 0.157217 8.212934 3.406410
v -0.012101 7.947400 3.863316
v 0.199546 7.178249 3.740152
v -0.012101 7.174218 3.827726
v -0.012101 6.932984 3.756696
v -0.223748 7.178249 3.740152
v -0.223748 7.951431 3.775741
v -0.012101 8.194139 3.814747
v -0.181419 8.197364 3.744687
v -0.251553 8.205150 3.575548
v 0.157217 6.936209 3.686637
v 0.227350 6.943994 3.517498
v 2.651716 10.141112 -0.019024
v 2.762552 10.143343 -0.286662
v 2.762552 10.143343 0.248613
v 3.030136 10.148727 0.359473
v 3.030136 10.148727 -0.397521
v 3.297719 10.154113 0.248613
v 3.297719 10.154113 -0.286662
v 3.408556 10.156343 -0.019024
v 2.570098 10.074199 -0.480469
v 3.031449 10.083483 -0.671605
v 2.570098 10.074199 0.442420
v 3.031449 10.083483 0.633557
v 3.492800 10.092768 0.442420
v 3.683898 10.096614 -0.019024
v 2.379000 10.070353 -0.019024
v 3.492800 10.092768 -0.480469
v 3.045818 9.369519 0.599622
v 2.608457 9.360718 0.418425
v 3.483178 9.378322 0.418425
v 2.427296 9.357072 -0.019024
v 2.608457 9.360718 -0.456474
v 3.045818 9.369519 -0.637671
v 3.483178 9.378322 -0.456474
v 3.664339 9.381968 -0.019024
v 2.569908 10.132509 -0.420856
v 2.812004 9.545240 -0.079052
v 2.577849 9.737907 -0.420856
v 2.808565 9.716107 0.019618
v 3.490644 10.151039 -0.420856
v 2.564656 10.393489 -1.315972
v 2.573661 9.946021 -2.091166
v 3.485392 10.412019 -1.315972
v 2.572597 9.998888 -1.210218
v 2.580539 9.604286 -1.893825
v 2.824477 8.925450 -2.288506
v 3.501274 9.622816 -1.893825
v 3.493333 10.017418 -1.210218
v 3.498585 9.756437 -0.420856
v 3.272372 9.554504 -0.079052
v 3.268933 9.725372 0.019618
v 3.494397 9.964551 -2.091166
v 3.284845 8.934715 -2.288506
v 3.282860 9.033365 -2.459408
v 2.822492 9.024100 -2.459408
v 2.628525 10.133689 0.441437
v 2.982172 9.548664 0.211206
v 2.636467 9.739087 0.441437
v 3.077384 9.721518 0.211206
v 2.628526 10.133689 -0.479485
v 1.728338 10.376657 0.441437
v 0.962307 9.913592 0.441437
v 1.728338 10.376657 -0.479485
v 1.842013 9.984184 0.441437
v 1.166485 9.575829 0.441437
v 0.785639 8.884418 0.211206
v 1.166485 9.575829 -0.479485
v 1.842013 9.984184 -0.479485
v 2.636467 9.739087 -0.479485
v 2.982172 9.548665 -0.249255
v 3.077384 9.721518 -0.249255
v 0.962307 9.913592 -0.479485
v 0.785639 8.884418 -0.249255
v 0.612786 8.979630 -0.249255
v 0.612786 8.979630 0.211206
v 3.490644 10.151039 0.382808
v 3.272372 9.554504 0.041004
v 3.498585 9.756437 0.382808
v 3.268933 9.725372 -0.057666
v 2.569908 10.132509 0.382808
v 3.485392 10.412018 1.277924
v 3.494397 9.964551 2.053118
v 2.564656 10.393488 1.277924
v 3.493333 10.017418 1.172170
v 3.501274 9.622816 1.855777
v 3.284845 8.934715 2.250458
v 2.580539 9.604286 1.855777
v 2.572597 9.998888 1.172170
v 2.577849 9.737907 0.382808
v 2.812004 9.545240 0.041004
v 2.808565 9.716107 -0.057666
v 2.573661 9.946021 2.053118
v 2.824477 8.925450 2.250458
v 2.822492 9.024100 2.421360
v 3.282860 9.033365 2.421360
v 3.432026 10.149859 -0.479485
v 3.102204 9.551081 -0.249255
v 3.439968 9.755258 -0.479485
v 3.000115 9.719962 -0.249255
v 3.432026 10.149859 0.441437
v 4.321709 10.428849 -0.479485
v 5.105751 9.996979 -0.479486
v 4.321710 10.428849 0.441437
v 4.223917 10.032121 -0.479485
v 4.915328 9.651274 -0.479486
v 5.323684 8.975747 -0.249255
v 4.915328 9.651274 0.441437
v 4.223917 10.032121 0.441437
v 3.439968 9.755258 0.441437
v 3.102204 9.551080 0.211206
v 3.000115 9.719962 0.211206
v 5.105751 9.996979 0.441437
v 5.323684 8.975747 0.211206
v 5.492566 9.077835 0.211206
v 5.492566 9.077835 -0.249255
v 3.071876 9.805439 0.493152
v 3.148139 9.309574 0.153380
v 3.078547 9.473973 0.493152
v 3.203846 9.454282 0.094773
v 2.524987 9.794433 -0.053848
v 2.535900 10.013964 1.024824
v 2.083116 9.628826 1.485265
v 1.989010 10.002957 0.477824
v 2.605372 9.683763 0.962009
v 2.206083 9.344128 1.368051
v 1.846534 8.762545 1.465729
v 1.659194 9.333121 0.821051
v 2.058483 9.672756 0.415009
v 2.531657 9.462967 -0.053848
v 2.874695 9.304071 -0.120119
v 2.930402 9.448779 -0.178726
v 1.536227 9.617820 0.938265
v 1.573090 8.757042 1.192230
v 1.469932 8.837866 1.293740
v 1.743377 8.843369 1.567240
v 2.524987 9.794433 0.015800
v 2.874695 9.304071 0.082071
v 2.531657 9.462967 0.015800
v 2.930402 9.448779 0.140678
v 3.071876 9.805439 -0.531200
v 1.989010 10.002957 -0.515872
v 1.536227 9.617820 -0.976314
v 2.535900 10.013964 -1.062872
v 2.058483 9.672756 -0.453057
v 1.659194 9.333121 -0.859100
v 1.573090 8.757042 -1.230278
v 2.206083 9.344128 -1.406099
v 2.605372 9.683763 -1.000057
v 3.078547 9.473973 -0.531200
v 3.148139 9.309574 -0.191429
v 3.203846 9.454282 -0.132822
v 2.083116 9.628826 -1.523314
v 1.846534 8.762546 -1.503778
v 1.743377 8.843369 -1.605288
v 1.469932 8.837866 -1.331789
v 3.002242 9.804037 -0.531200
v 2.945990 9.305506 -0.191429
v 3.008913 9.472572 -0.531200
v 2.884507 9.447855 -0.132822
v 3.549131 9.815043 0.015800
v 3.529394 10.033957 -1.062872
v 3.997307 9.667349 -1.523314
v 4.076283 10.044964 -0.515872
v 3.473263 9.701229 -1.000057
v 3.885893 9.377934 -1.406099
v 4.268551 8.811289 -1.503778
v 4.432783 9.388940 -0.859100
v 4.020152 9.712234 -0.453057
v 3.555802 9.483579 0.015800
v 3.219435 9.311009 0.082071
v 3.157951 9.453359 0.140678
v 4.544196 9.678355 -0.976314
v 4.541996 8.816792 -1.230278
v 4.641818 8.901700 -1.331789
v 4.368373 8.896197 -1.605289
v 3.549131 9.815043 -0.053848
v 3.219435 9.311009 -0.120119
v 3.555802 9.483579 -0.053848
v 3.157951 9.453359 -0.178727
v 3.002242 9.804037 0.493152
v 4.076283 10.044964 0.477824
v 4.544196 9.678355 0.938265
v 3.529394 10.033957 1.024824
v 4.020152 9.712234 0.415009
v 4.432783 9.388940 0.821051
v 4.541996 8.816792 1.192229
v 3.885893 9.377934 1.368051
v 3.473263 9.701229 0.962009
v 3.008913 9.472572 0.493152
v 2.945990 9.305506 0.153380
v 2.884507 9.447855 0.094773
v 3.997307 9.667349 1.485265
v 4.268551 8.811288 1.465729
v 4.368373 8.896196 1.567240
v 4.641818 8.901700 1.293740
v -4.079535 10.028344 -0.019024
v -3.968490 10.032242 -0.287278
v -3.968490 10.032242 0.249229
v -3.700401 10.041652 0.360344
v -3.700401 10.041652 -0.398392
v -3.432312 10.051061 0.249229
v -3.432312 10.051061 -0.287278
v -3.321266 10.054958 -0.019024
v -4.160328 9.960060 -0.481531
v -3.698107 9.976284 -0.673107
v -4.160328 9.960060 0.443482
v -3.698107 9.976283 0.635058
v -3.235885 9.992507 0.443482
v -3.044426 9.999227 -0.019024
v -4.351787 9.953341 -0.019024
v -3.235885 9.992507 -0.481531
v -3.673000 9.260972 0.601046
v -4.111187 9.245593 0.419432
v -3.234814 9.276352 0.419432
v -4.292689 9.239223 -0.019024
v -4.111187 9.245593 -0.457480
v -3.673000 9.260972 -0.639095
v -3.234814 9.276352 -0.457480
v -3.053311 9.282722 -0.019024
v -4.161393 10.018496 -0.421781
v -3.909961 9.433571 -0.079191
v -4.147517 9.623150 -0.421781
v -3.915969 9.604761 0.019707
v -3.238920 10.050874 -0.421781
v -4.170570 10.279968 -1.318957
v -4.154835 9.831656 -2.095935
v -3.248097 10.312346 -1.318957
v -4.156694 9.884623 -1.212960
v -4.142818 9.489276 -1.898140
v -3.888166 8.812612 -2.293729
v -3.220345 9.521653 -1.898140
v -3.234221 9.917000 -1.212960
v -3.225044 9.655527 -0.421781
v -3.448724 9.449760 -0.079191
v -3.454732 9.620950 0.019707
v -3.232362 9.864033 -2.095935
v -3.426929 8.828800 -2.293729
v -3.430398 8.927637 -2.465024
v -3.891635 8.911448 -2.465024
v -4.102665 10.020557 0.442497
v -3.739471 9.439555 0.211736
v -4.088789 9.625211 0.442497
v -3.646644 9.614214 0.211736
v -4.102665 10.020557 -0.480545
v -5.008467 10.250559 0.442497
v -5.769231 9.774993 0.442497
v -5.008467 10.250559 -0.480545
v -4.888658 9.858932 0.442497
v -5.559541 9.439550 0.442496
v -5.930853 8.740916 0.211736
v -5.559541 9.439551 -0.480545
v -4.888658 9.858932 -0.480545
v -4.088789 9.625211 -0.480545
v -3.739471 9.439555 -0.249785
v -3.646644 9.614214 -0.249785
v -5.769231 9.774993 -0.480545
v -5.930853 8.740916 -0.249785
v -6.105512 8.833744 -0.249785
v -6.105512 8.833744 0.211736
v -3.238920 10.050874 0.383732
v -3.448724 9.449760 0.041142
v -3.225044 9.655527 0.383732
v -3.454732 9.620950 -0.057755
v -4.161393 10.018496 0.383732
v -3.248097 10.312346 1.280909
v -3.232362 9.864033 2.057886
v -4.170570 10.279967 1.280909
v -3.234221 9.917000 1.174911
v -3.220345 9.521653 1.860092
v -3.426929 8.828800 2.255681
v -4.142818 9.489276 1.860092
v -4.156694 9.884623 1.174911
v -4.147517 9.623150 0.383732
v -3.909961 9.433571 0.041142
v -3.915969 9.604761 -0.057755
v -4.154835 9.831656 2.057886
v -3.888166 8.812612 2.255681
v -3.891635 8.911448 2.426976
v -3.430398 8.927636 2.426976
v -3.297648 10.048812 -0.480545
v -3.619213 9.443776 -0.249785
v -3.283772 9.653465 -0.480545
v -3.724058 9.611497 -0.249785
v -3.297648 10.048812 0.442497
v -2.410201 10.341754 -0.480545
v -1.617966 9.920696 -0.480545
v -2.410201 10.341754 0.442497
v -2.502257 9.942691 -0.480545
v -1.803622 9.571379 -0.480545
v -1.384242 8.900496 -0.249785
v -1.803622 9.571378 0.442496
v -2.502257 9.942691 0.442497
v -3.283772 9.653465 0.442497
v -3.619213 9.443776 0.211736
v -3.724058 9.611497 0.211736
v -1.617966 9.920696 0.442496
v -1.384242 8.900496 0.211736
v -1.216521 9.005341 0.211736
v -1.216521 9.005341 -0.249785
v -3.653422 9.698236 0.494330
v -3.569556 9.202431 0.153777
v -3.641766 9.366146 0.494330
v -3.515897 9.348290 0.095035
v -4.201344 9.679006 -0.053928
v -4.193698 9.899180 1.027226
v -4.641698 9.506411 1.488727
v -4.741620 9.879950 0.478967
v -4.119122 9.569299 0.964266
v -4.514192 9.222933 1.371243
v -4.865808 8.634685 1.469146
v -5.062114 9.203701 0.822984
v -4.667043 9.550067 0.416008
v -4.189688 9.346914 -0.053928
v -3.843516 9.192815 -0.120352
v -3.789857 9.338675 -0.179094
v -5.189620 9.487179 0.940468
v -5.139768 8.625070 1.195017
v -5.244363 8.704523 1.296761
v -4.970403 8.714138 1.570891
v -4.201344 9.679006 0.015880
v -3.843516 9.192815 0.082304
v -4.189688 9.346914 0.015880
v -3.789857 9.338675 0.141045
v -3.653422 9.698236 -0.532379
v -4.741620 9.879950 -0.517016
v -5.189620 9.487179 -0.978517
v -4.193698 9.899181 -1.065274
v -4.667043 9.550067 -0.454056
v -5.062114 9.203701 -0.861033
v -5.139768 8.625070 -1.233066
v -4.514192 9.222933 -1.409292
v -4.119122 9.569299 -1.002315
v -3.641766 9.366146 -0.532379
v -3.569555 9.202431 -0.191826
v -3.515897 9.348290 -0.133084
v -4.641698 9.506411 -1.526775
v -4.865808 8.634686 -1.507195
v -4.970403 8.714139 -1.608939
v -5.244364 8.704523 -1.334810
v -3.723187 9.695788 -0.532379
v -3.772086 9.195322 -0.191826
v -3.711531 9.363697 -0.532379
v -3.835839 9.337061 -0.133084
v -3.175266 9.715019 0.015880
v -3.198329 9.934117 -1.065274
v -2.723894 9.573723 -1.526776
v -2.650407 9.953348 -0.517016
v -3.249593 9.599817 -1.002315
v -2.831211 9.282002 -1.409292
v -2.439219 8.719855 -1.507195
v -2.283290 9.301234 -0.861033
v -2.701672 9.619049 -0.454056
v -3.163610 9.382929 0.015880
v -3.498126 9.204937 0.082304
v -3.561878 9.346676 0.141045
v -2.175972 9.592954 -0.978517
v -2.165258 8.729470 -1.233066
v -2.066491 8.816062 -1.334810
v -2.340451 8.806446 -1.608939
v -3.175266 9.715019 -0.053928
v -3.498126 9.204938 -0.120352
v -3.163610 9.382929 -0.053928
v -3.561878 9.346676 -0.179094
v -3.723187 9.695788 0.494330
v -2.650407 9.953348 0.478967
v -2.175972 9.592954 0.940468
v -3.198328 9.934116 1.027226
v -2.701672 9.619049 0.416008
v -2.283290 9.301234 0.822984
v -2.165258 8.729470 1.195017
v -2.831211 9.282002 1.371243
v -3.249593 9.599817 0.964266
v -3.711531 9.363697 0.494330
v -3.772086 9.195322 0.153777
v -3.835839 9.337061 0.095035
v -2.723894 9.573722 1.488727
v -2.439219 8.719854 1.469146
v -2.340451 8.806446 1.570891
v -2.066491 8.816062 1.296761
v -0.339552 8.615045 -3.566074
v -0.243644 8.609612 -3.797552
v -0.243644 8.620479 -3.334595
v -0.012101 8.622729 -3.238714
v -0.012101 8.607361 -3.893434
v 0.219441 8.620479 -3.334595
v 0.219441 8.609612 -3.797552
v 0.315349 8.615045 -3.566074
v -0.411312 8.549235 -3.963850
v -0.012101 8.545355 -4.129163
v -0.411312 8.567972 -3.165648
v -0.012101 8.571853 -3.000335
v 0.387110 8.567972 -3.165648
v 0.552468 8.558603 -3.564749
v -0.576671 8.558603 -3.564749
v 0.387110 8.549235 -3.963850
v -0.012101 7.953535 -3.015186
v -0.390553 7.949856 -3.171903
v 0.366351 7.949856 -3.171903
v -0.547313 7.940975 -3.550251
v -0.390553 7.932094 -3.928599
v -0.012101 7.928415 -4.085316
v 0.366351 7.932094 -3.928599
v 0.523111 7.940975 -3.550251
v -0.410462 8.600871 -3.913475
v -0.211281 8.095775 -3.605831
v -0.410462 8.259513 -3.905462
v -0.211281 8.245590 -3.523962
v 0.386259 8.600871 -3.913475
v -0.410462 8.808464 -4.692956
v -0.410462 8.405635 -5.354331
v 0.386259 8.808464 -4.692956
v -0.410462 8.469254 -4.593477
v -0.410462 8.114017 -5.176713
v -0.211281 7.514756 -5.504191
v 0.386259 8.114017 -5.176713
v 0.386259 8.469254 -4.593477
v 0.386259 8.259513 -3.905462
v 0.187079 8.095775 -3.605831
v 0.187079 8.245590 -3.523962
v 0.386259 8.405635 -5.354331
v 0.187079 7.514756 -5.504191
v 0.187079 7.596625 -5.654007
v -0.211281 7.596625 -5.654007
v -0.359739 8.618378 -3.167682
v -0.064033 8.101667 -3.354788
v -0.359739 8.277020 -3.159669
v 0.021329 8.249479 -3.358257
v -0.359739 8.599681 -3.964183
v -1.134135 8.844143 -3.172981
v -1.804780 8.457052 -3.163895
v -1.134135 8.825447 -3.969483
v -1.042643 8.502786 -3.164968
v -1.634055 8.161427 -3.156956
v -1.975506 7.565505 -3.342202
v -1.634055 8.142731 -3.953457
v -1.042643 8.484089 -3.961470
v -0.359739 8.258323 -3.956170
v -0.064033 8.092319 -3.753038
v 0.021329 8.240131 -3.756508
v -1.804780 8.438355 -3.960396
v -1.975506 7.556157 -3.740453
v -2.123359 7.641496 -3.742456
v -2.123359 7.650845 -3.344206
v 0.386259 8.617188 -3.218390
v 0.187079 8.098211 -3.501995
v 0.386259 8.275829 -3.210377
v 0.187079 8.244020 -3.590804
v -0.410462 8.617188 -3.218390
v 0.386259 8.861126 -2.449508
v 0.386259 8.489773 -1.769960
v -0.410462 8.861126 -2.449508
v 0.386259 8.517621 -2.532961
v 0.386259 8.190142 -1.933700
v 0.187079 7.606906 -1.578464
v -0.410462 8.190142 -1.933700
v -0.410462 8.517621 -2.532961
v -0.410462 8.275829 -3.210377
v -0.211281 8.098211 -3.501995
v -0.211281 8.244020 -3.590804
v -0.410462 8.489773 -1.769960
v -0.211281 7.606906 -1.578464
v -0.211281 7.695715 -1.432655
v 0.187079 7.695715 -1.432655
v 0.335537 8.599681 -3.964183
v 0.039831 8.092319 -3.753038
v 0.335537 8.258323 -3.956170
v -0.045532 8.240131 -3.756508
v 0.335537 8.618378 -3.167682
v 1.109932 8.825447 -3.969483
v 1.780578 8.438355 -3.960396
v 1.109932 8.844143 -3.172982
v 1.018440 8.484089 -3.961470
v 1.609852 8.142731 -3.953457
v 1.951304 7.556157 -3.740453
v 1.609852 8.161427 -3.156956
v 1.018440 8.502786 -3.164968
v 0.335537 8.277020 -3.159669
v 0.039831 8.101667 -3.354788
v -0.045532 8.249479 -3.358258
v 1.780578 8.457052 -3.163895
v 1.951304 7.565505 -3.342202
v 2.099157 7.650845 -3.344206
v 2.099157 7.641496 -3.742456
v 0.018026 8.327868 -3.116110
v 0.075359 7.890859 -3.399880
v 0.018026 8.041127 -3.109379
v 0.126062 8.013831 -3.453484
v -0.455202 8.316763 -3.589208
v -0.441941 8.528305 -2.660721
v -0.840284 8.212497 -2.254855
v -0.915169 8.517200 -3.133819
v -0.387598 8.240289 -2.708319
v -0.738878 7.961792 -2.350404
v -1.059997 7.467126 -2.254264
v -1.212106 7.950687 -2.823502
v -0.860826 8.229184 -3.181416
v -0.455202 8.030022 -3.582477
v -0.161254 7.885306 -3.636429
v -0.110552 8.008279 -3.690032
v -1.313512 8.201391 -2.727952
v -1.296611 7.461574 -2.490813
v -1.384431 7.535319 -2.404699
v -1.147817 7.540872 -2.168151
v -0.455202 8.318176 -3.528969
v -0.161254 7.889411 -3.461555
v -0.455202 8.031436 -3.522238
v -0.110552 8.014763 -3.413781
v 0.018026 8.307072 -4.002067
v -0.915169 8.497025 -3.993262
v -1.313512 8.162521 -4.383862
v -0.441941 8.485920 -4.466359
v -0.860826 8.211560 -3.932202
v -1.212106 7.916576 -4.276656
v -1.296611 7.412392 -4.586028
v -0.738878 7.905471 -4.749753
v -0.387598 8.200455 -4.405300
v 0.018026 8.020330 -3.995336
v 0.075360 7.883858 -3.698104
v 0.126062 8.009211 -3.650330
v -0.840284 8.151416 -4.856960
v -1.059997 7.406839 -4.822577
v -1.147817 7.476463 -4.912055
v -1.384431 7.482016 -4.675507
v -0.042229 8.307072 -4.002067
v -0.099562 7.883858 -3.698104
v -0.042229 8.020330 -3.995336
v -0.150265 8.009211 -3.650330
v 0.430999 8.318176 -3.528970
v 0.417739 8.485920 -4.466359
v 0.816082 8.151416 -4.856960
v 0.890967 8.497025 -3.993262
v 0.363395 8.200455 -4.405300
v 0.714676 7.905471 -4.749753
v 1.035795 7.406839 -4.822577
v 1.187904 7.916576 -4.276656
v 0.836623 8.211560 -3.932203
v 0.430999 8.031436 -3.522238
v 0.137052 7.889411 -3.461555
v 0.086349 8.014763 -3.413781
v 1.289310 8.162521 -4.383862
v 1.272409 7.412392 -4.586028
v 1.360229 7.482016 -4.675507
v 1.123615 7.476463 -4.912055
v 0.430999 8.316763 -3.589208
v 0.137052 7.885306 -3.636429
v 0.430999 8.030022 -3.582477
v 0.086349 8.008279 -3.690032
v -0.042229 8.327868 -3.116110
v 0.890967 8.517200 -3.133819
v 1.289310 8.201391 -2.727952
v 0.417739 8.528305 -2.660721
v 0.836623 8.229184 -3.181416
v 1.187904 7.950687 -2.823502
v 1.272409 7.461574 -2.490813
v 0.714676 7.961792 -2.350404
v 0.363395 8.240289 -2.708319
v -0.042229 8.041127 -3.109379
v -0.099562 7.890859 -3.399880
v -0.150265 8.013831 -3.453484
v 0.816082 8.212497 -2.254855
v 1.035795 7.467126 -2.254264
v 1.123615 7.540872 -2.168151
v 1.360229 7.535319 -2.404699
v -0.380926 8.442895 3.586447
v -0.272900 8.454887 3.325925
v -0.272900 8.430903 3.846970
v -0.012101 8.425937 3.954882
v -0.012101 8.459854 3.218013
v 0.248697 8.430903 3.846970
v 0.248697 8.454887 3.325925
v 0.356723 8.442895 3.586447
v -0.461753 8.400047 3.134347
v -0.012101 8.408611 2.948292
v -0.461753 8.358697 4.032700
v -0.012101 8.350133 4.218755
v 0.437551 8.358697 4.032700
v 0.623803 8.379373 3.583524
v -0.648005 8.379373 3.583524
v 0.437551 8.400047 3.134347
v -0.012101 7.656530 4.153727
v -0.438372 7.664649 3.977347
v 0.414169 7.664649 3.977347
v -0.614938 7.684249 3.551527
v -0.438372 7.703849 3.125708
v -0.012101 7.711968 2.949328
v 0.414169 7.703849 3.125708
v 0.590736 7.684249 3.551527
v -0.460795 8.454129 3.194987
v -0.236448 7.862532 3.501178
v -0.460795 8.069941 3.177303
v -0.236448 8.024469 3.604882
v 0.436593 8.454129 3.194987
v -0.460795 8.748328 2.335363
v -0.460795 8.347402 1.560725
v 0.436593 8.748328 2.335363
v -0.460795 8.359402 2.420622
v -0.460795 8.005843 1.737505
v -0.236448 7.358094 1.322687
v 0.436593 8.005843 1.737505
v 0.436593 8.359402 2.420622
v 0.436593 8.069941 3.177303
v 0.212246 7.862532 3.501178
v 0.212246 8.024469 3.604882
v 0.436593 8.347402 1.560725
v 0.212246 7.358094 1.322687
v 0.212246 7.461798 1.160750
v -0.236448 7.461798 1.160750
v -0.403664 8.415494 4.034356
v -0.070595 7.849527 3.783720
v -0.403664 8.031305 4.016671
v 0.025553 8.015885 3.791377
v -0.403664 8.456757 3.137916
v -1.275906 8.669586 4.046051
v -2.031290 8.233927 4.025998
v -1.275906 8.710849 3.149612
v -1.172854 8.285398 4.028367
v -1.838992 7.901210 4.010683
v -2.223587 7.246092 3.755944
v -1.838992 7.942472 3.114244
v -1.172854 8.326661 3.131928
v -0.403664 8.072568 3.120232
v -0.070595 7.870158 3.335500
v 0.025553 8.036517 3.343158
v -2.031290 8.275189 3.129559
v -2.223587 7.266724 3.307724
v -2.390122 7.362771 3.312145
v -2.390122 7.342139 3.760365
v 0.436593 8.418120 3.977285
v 0.212246 7.857153 3.618042
v 0.436593 8.033932 3.959601
v 0.212246 8.027932 3.529652
v -0.460795 8.418120 3.977285
v 0.436593 8.632107 4.860300
v 0.436593 8.161714 5.594831
v -0.460795 8.632107 4.860300
v 0.436593 8.252657 4.739673
v 0.436593 7.837839 5.387422
v 0.212246 7.154722 5.740980
v -0.460795 7.837839 5.387422
v -0.460795 8.252657 4.739673
v -0.460795 8.033932 3.959601
v -0.236448 7.857153 3.618042
v -0.236448 8.027932 3.529652
v -0.460795 8.161714 5.594831
v -0.236448 7.154722 5.740980
v -0.236448 7.243112 5.911760
v 0.212246 7.243112 5.911760
v 0.379462 8.456757 3.137916
v 0.046393 7.870158 3.335500
v 0.379462 8.072568 3.120232
v -0.049756 8.036517 3.343158
v 0.379462 8.415494 4.034355
v 1.251704 8.710849 3.149612
v 2.007087 8.275189 3.129559
v 1.251704 8.669586 4.046051
v 1.148652 8.326661 3.131928
v 1.814790 7.942472 3.114244
v 2.199385 7.266724 3.307724
v 1.814790 7.901210 4.010683
v 1.148652 8.285398 4.028367
v 0.379462 8.031305 4.016671
v 0.046393 7.849527 3.783720
v -0.049756 8.015885 3.791377
v 2.007087 8.233927 4.025998
v 2.199385 7.246092 3.755944
v 2.365919 7.342139 3.760365
v 2.365919 7.362771 3.312145
v 0.021833 8.085034 4.069591
v 0.086410 7.616180 3.716571
v 0.021833 7.762316 4.054737
v 0.143520 7.758547 3.665954
v -0.511189 8.109543 3.537133
v -0.496252 8.274651 4.596953
v -0.944927 7.888065 5.028308
v -1.029274 8.299159 4.064495
v -0.435043 7.954746 4.520953
v -0.830708 7.613835 4.901346
v -1.192401 7.050495 4.970699
v -1.363730 7.638344 4.368888
v -0.968064 7.979255 3.988496
v -0.511189 7.786825 3.522279
v -0.180100 7.628435 3.450342
v -0.122991 7.770802 3.399725
v -1.477949 7.912574 4.495851
v -1.458912 7.062749 4.704470
v -1.557828 7.138880 4.806995
v -1.291318 7.126626 5.073224
v -0.511189 8.106422 3.604930
v -0.180100 7.619376 3.647157
v -0.511189 7.783704 3.590075
v -0.122991 7.756491 3.710639
v 0.021833 8.130931 3.072472
v -1.029274 8.343682 3.097217
v -1.477949 7.998358 2.632172
v -0.496252 8.368191 2.564759
v -0.968064 8.018149 3.143507
v -1.363730 7.713624 2.733406
v -1.458912 7.171291 2.346366
v -0.830708 7.738133 2.200948
v -0.435043 8.042658 2.611050
v 0.021833 7.808213 3.057618
v 0.086410 7.631630 3.380929
v 0.143520 7.768745 3.444410
v -0.944927 8.022867 2.099714
v -1.192401 7.183546 2.080137
v -1.291318 7.268773 1.985039
v -1.557829 7.256519 2.251268
v -0.046035 8.130931 3.072472
v -0.110613 7.631630 3.380929
v -0.046035 7.808213 3.057618
v -0.167722 7.768745 3.444410
v 0.486986 8.106422 3.604930
v 0.472050 8.368191 2.564759
v 0.920725 8.022867 2.099714
v 1.005071 8.343682 3.097217
v 0.410840 8.042658 2.611050
v 0.806506 7.738133 2.200948
v 1.168199 7.183546 2.080137
v 1.339527 7.713624 2.733405
v 0.943862 8.018149 3.143507
v 0.486986 7.783704 3.590075
v 0.155898 7.619376 3.647157
v 0.098789 7.756491 3.710638
v 1.453746 7.998358 2.632172
v 1.434710 7.171291 2.346366
v 1.533626 7.256519 2.251268
v 1.267115 7.268773 1.985039
v 0.486986 8.109543 3.537133
v 0.155898 7.628435 3.450342
v 0.486986 7.786825 3.522279
v 0.098789 7.770802 3.399725
v -0.046035 8.085034 4.069591
v 1.005071 8.299159 4.064495
v 1.453746 7.912574 4.495851
v 0.472050 8.274651 4.596953
v 0.943862 7.979255 3.988496
v 1.339527 7.638344 4.368888
v 1.434710 7.062749 4.704470
v 0.806506 7.613835 4.901346
v 0.410840 7.954746 4.520953
v -0.046035 7.762316 4.054737
v -0.110613 7.616180 3.716571
v -0.167722 7.758547 3.665954
v 0.920725 7.888065 5.028308
v 1.168199 7.050495 4.970699
v 1.267115 7.126626 5.073224
v 1.533626 7.138880 4.806995
vn -0.7000 0.6088 -0.3732
vn -0.7000 0.6088 0.3732
vn -0.3957 0.1776 -0.9011
vn -0.2207 0.3126 -0.9239
vn -0.5328 0.7548 -0.3827
vn -0.0348 0.4323 -0.9011
vn -0.3392 0.8635 -0.3732
vn 0.2207 -0.3126 -0.9239
vn 0.3957 -0.1776 -0.9011
vn 0.0348 -0.4323 -0.9011
vn 0.3392 -0.8635 -0.3732
vn 0.5328 -0.7548 -0.3827
vn 0.7000 -0.6088 -0.3732
vn 0.7000 -0.6088 0.3732
vn 0.5328 -0.7548 0.3827
vn 0.3957 -0.1776 0.9011
vn 0.2207 -0.3126 0.9239
vn 0.0348 -0.4323 0.9011
vn -0.3957 0.1776 0.9011
vn -0.2207 0.3126 0.9239
vn -0.5328 0.7548 0.3827
vn -0.0348 0.4323 0.9011
vn -0.3392 0.8635 0.3732
vn 0.3392 -0.8635 0.3732
vn -0.7654 0.5242 -0.3732
vn -0.7654 0.5242 0.3732
vn -0.4135 0.1309 -0.9011
vn -0.2552 0.2852 -0.9239
vn -0.6161 0.6885 -0.3827
vn -0.0843 0.4254 -0.9011
vn -0.4363 0.8188 -0.3732
vn 0.2552 -0.2852 -0.9239
vn 0.4135 -0.1309 -0.9011
vn 0.0843 -0.4254 -0.9011
vn 0.4363 -0.8188 -0.3732
vn 0.6161 -0.6885 -0.3827
vn 0.7654 -0.5242 -0.3732
vn 0.7654 -0.5242 0.3732
vn 0.6161 -0.6885 0.3827
vn 0.4135 -0.1309 0.9011
vn 0.2552 -0.2852 0.9239
vn 0.0843 -0.4254 0.9011
vn -0.4135 0.1309 0.9011
vn -0.2552 0.2852 0.9239
vn -0.6161 0.6885 0.3827
vn -0.0843 0.4254 0.9011
vn -0.4363 0.8188 0.3732
vn 0.4363 -0.8188 0.3732
vn -0.8616 0.3440 -0.3732
vn -0.8616 0.3440 0.3732
vn -0.4321 0.0372 -0.9011
vn -0.3114 0.2224 -0.9239
vn -0.7518 0.5370 -0.3827
vn -0.1753 0.3966 -0.9011
vn -0.6049 0.7034 -0.3732
vn 0.3114 -0.2224 -0.9239
vn 0.4321 -0.0372 -0.9011
vn 0.1753 -0.3966 -0.9011
vn 0.6049 -0.7034 -0.3732
vn 0.7518 -0.5370 -0.3827
vn 0.8616 -0.3440 -0.3732
vn 0.8616 -0.3440 0.3732
vn 0.7518 -0.5370 0.3827
vn 0.4321 -0.0372 0.9011
vn 0.3114 -0.2224 0.9239
vn 0.1753 -0.3966 0.9011
vn -0.4321 0.0372 0.9011
vn -0.3114 0.2224 0.9239
vn -0.7518 0.5370 0.3827
vn -0.1753 0.3966 0.9011
vn -0.6049 0.7034 0.3732
vn 0.6049 -0.7034 0.3732
vn -0.9096 0.1824 -0.3732
vn -0.9096 0.1824 0.3732
vn -0.4317 -0.0416 -0.9011
vn -0.3465 0.1624 -0.9239
vn -0.8366 0.3920 -0.3827
vn -0.2443 0.3583 -0.9011
vn -0.7222 0.5823 -0.3732
vn 0.3465 -0.1624 -0.9239
vn 0.4317 0.0416 -0.9011
vn 0.2443 -0.3583 -0.9011
vn 0.7222 -0.5823 -0.3732
vn 0.8366 -0.3920 -0.3827
vn 0.9096 -0.1824 -0.3732
vn 0.9096 -0.1824 0.3732
vn 0.8366 -0.3920 0.3827
vn 0.4317 0.0416 0.9011
vn 0.3465 -0.1624 0.9239
vn 0.2443 -0.3583 0.9011
vn -0.4317 -0.0416 0.9011
vn -0.3465 0.1624 0.9239
vn -0.8366 0.3920 0.3827
vn -0.2443 0.3583 0.9011
vn -0.7222 0.5823 0.3732
vn 0.7222 -0.5823 0.3732
vn -0.9256 0.0633 -0.3732
vn -0.9256 0.0633 0.3732
vn -0.4227 -0.0970 -0.9011
vn -0.3646 0.1163 -0.9239
vn -0.8802 0.2807 -0.3827
vn -0.2885 0.3238 -0.9011
vn -0.7914 0.4842 -0.3732
vn 0.3646 -0.1163 -0.9239
vn 0.4227 0.0970 -0.9011
vn 0.2885 -0.3238 -0.9011
vn 0.7914 -0.4842 -0.3732
vn 0.8802 -0.2807 -0.3827
vn 0.9256 -0.0633 -0.3732
vn 0.9256 -0.0633 0.3732
vn 0.8802 -0.2807 0.3827
vn 0.4227 0.0970 0.9011
vn 0.3646 -0.1163 0.9239
vn 0.2885 -0.3238 0.9011
vn -0.4227 -0.0970 0.9011
vn -0.3646 0.1163 0.9239
vn -0.8802 0.2807 0.3827
vn -0.2885 0.3238 0.9011
vn -0.7914 0.4842 0.3732
vn 0.7914 -0.4842 0.3732
vn -0.9274 -0.0240 -0.3732
vn -0.9274 -0.0240 0.3732
vn -0.4117 -0.1363 -0.9011
vn -0.3739 0.0815 -0.9239
vn -0.9027 0.1967 -0.3827
vn -0.3177 0.2952 -0.9011
vn -0.8334 0.4076 -0.3732
vn 0.3739 -0.0815 -0.9239
vn 0.4117 0.1363 -0.9011
vn 0.3177 -0.2952 -0.9011
vn 0.8334 -0.4076 -0.3732
vn 0.9027 -0.1967 -0.3827
vn 0.9274 0.0240 -0.3732
vn 0.9274 0.0240 0.3732
vn 0.9027 -0.1967 0.3827
vn 0.4117 0.1363 0.9011
vn 0.3739 -0.0815 0.9239
vn 0.3177 -0.2952 0.9011
vn -0.4117 -0.1363 0.9011
vn -0.3739 0.0815 0.9239
vn -0.9027 0.1967 0.3827
vn -0.3177 0.2952 0.9011
vn -0.8334 0.4076 0.3732
vn 0.8334 -0.4076 0.3732
vn -0.9229 -0.0946 -0.3732
vn -0.9229 -0.0946 0.3732
vn -0.4001 -0.1673 -0.9011
vn -0.3790 0.0527 -0.9239
vn -0.9151 0.1273 -0.3827
vn -0.3392 0.2702 -0.9011
vn -0.8620 0.3429 -0.3732
vn 0.3790 -0.0527 -0.9239
vn 0.4001 0.1673 -0.9011
vn 0.3392 -0.2702 -0.9011
vn 0.8620 -0.3429 -0.3732
vn 0.9151 -0.1273 -0.3827
vn 0.9229 0.0946 -0.3732
vn 0.9229 0.0946 0.3732
vn 0.9151 -0.1273 0.3827
vn 0.4001 0.1673 0.9011
vn 0.3790 -0.0527 0.9239
vn 0.3392 -0.2702 0.9011
vn -0.4001 -0.1673 0.9011
vn -0.3790 0.0527 0.9239
vn -0.9151 0.1273 0.3827
vn -0.3392 0.2702 0.9011
vn -0.8620 0.3429 0.3732
vn 0.8620 -0.3429 0.3732
vn -0.9159 -0.1480 -0.3732
vn -0.9159 -0.1480 0.3732
vn -0.3897 -0.1903 -0.9011
vn -0.9158 -0.1480 -0.3732
vn -0.3815 0.0306 -0.9239
vn -0.9209 0.0739 -0.3827
vn -0.3544 0.2500 -0.9011
vn -0.8805 0.2922 -0.3732
vn 0.3815 -0.0306 -0.9239
vn 0.3897 0.1903 -0.9011
vn 0.3544 -0.2500 -0.9011
vn 0.8805 -0.2922 -0.3732
vn 0.9209 -0.0739 -0.3827
vn 0.9158 0.1480 -0.3732
vn 0.9158 0.1480 0.3732
vn 0.9159 0.1480 0.3732
vn 0.9209 -0.0739 0.3827
vn 0.9159 0.1480 -0.3732
vn 0.3897 0.1903 0.9011
vn 0.3815 -0.0306 0.9239
vn 0.3544 -0.2500 0.9011
vn -0.3897 -0.1903 0.9011
vn -0.3815 0.0306 0.9239
vn -0.9158 -0.1480 0.3732
vn -0.9209 0.0739 0.3827
vn -0.3544 0.2500 0.9011
vn -0.8805 0.2922 0.3732
vn 0.8805 -0.2922 0.3732
vn -0.9089 -0.1860 -0.3732
vn -0.9089 -0.1860 0.3732
vn -0.3815 -0.2063 -0.9011
vn -0.3824 0.0147 -0.9239
vn -0.9232 0.0356 -0.3827
vn -0.3645 0.2351 -0.9011
vn -0.8919 0.2554 -0.3732
vn 0.3824 -0.0147 -0.9239
vn 0.3815 0.2063 -0.9011
vn 0.3645 -0.2351 -0.9011
vn 0.8919 -0.2554 -0.3732
vn 0.9232 -0.0356 -0.3827
vn 0.9089 0.1860 -0.3732
vn 0.9089 0.1860 0.3732
vn 0.9232 -0.0356 0.3827
vn 0.3815 0.2063 0.9011
vn 0.3824 -0.0147 0.9239
vn 0.3645 -0.2351 0.9011
vn -0.3815 -0.2063 0.9011
vn -0.3824 0.0147 0.9239
vn -0.9232 0.0356 0.3827
vn -0.3645 0.2351 0.9011
vn -0.8919 0.2554 0.3732
vn 0.8919 -0.2554 0.3732
vn -0.9011 -0.2208 -0.3732
vn -0.9011 -0.2208 0.3732
vn -0.3732 -0.2208 -0.9011
vn -0.3733 -0.2208 -0.9011
vn -0.3827 -0.0000 -0.9239
vn -0.9239 0.0001 -0.3827
vn -0.3732 0.2209 -0.9011
vn -0.9011 0.2209 -0.3732
vn 0.3827 -0.0000 -0.9239
vn 0.3732 0.2208 -0.9011
vn 0.3732 -0.2209 -0.9011
vn 0.9011 -0.2209 -0.3732
vn 0.9239 -0.0001 -0.3827
vn 0.9011 0.2208 -0.3732
vn 0.9011 0.2208 0.3732
vn 0.9239 -0.0001 0.3827
vn 0.3733 0.2208 -0.9011
vn 0.3732 0.2208 0.9011
vn 0.3827 -0.0000 0.9239
vn 0.3732 -0.2209 0.9011
vn -0.3733 -0.2208 0.9011
vn -0.3732 -0.2208 0.9011
vn -0.3827 -0.0000 0.9239
vn -0.9239 0.0001 0.3827
vn -0.3732 0.2209 0.9011
vn -0.9011 0.2209 0.3732
vn 0.3733 0.2208 0.9011
vn 0.9011 -0.2209 0.3732
vn -0.8964 -0.2389 -0.3732
vn -0.8964 -0.2389 0.3732
vn -0.3687 -0.2283 -0.9011
vn -0.3826 -0.0077 -0.9239
vn -0.9237 -0.0186 -0.3827
vn -0.3776 0.2133 -0.9011
vn -0.9053 0.2027 -0.3732
vn 0.3826 0.0077 -0.9239
vn 0.3687 0.2283 -0.9011
vn 0.3776 -0.2133 -0.9011
vn 0.9053 -0.2027 -0.3732
vn 0.9237 0.0186 -0.3827
vn 0.8964 0.2389 -0.3732
vn 0.8964 0.2389 0.3732
vn 0.9237 0.0186 0.3827
vn 0.3687 0.2283 0.9011
vn 0.3826 0.0077 0.9239
vn 0.3776 -0.2133 0.9011
vn -0.3687 -0.2283 0.9011
vn -0.3826 -0.0077 0.9239
vn -0.9237 -0.0186 0.3827
vn -0.3776 0.2133 0.9011
vn -0.9053 0.2027 0.3732
vn 0.9053 -0.2027 0.3732
vn -0.1930 -0.9074 -0.3732
vn -0.1930 -0.9074 0.3732
vn 0.0365 -0.4321 -0.9011
vn -0.1664 -0.3446 -0.9239
vn -0.4018 -0.8319 -0.3827
vn -0.3612 -0.2400 -0.9011
vn -0.5908 -0.7153 -0.3732
vn 0.1664 0.3446 -0.9239
vn -0.0365 0.4321 -0.9011
vn 0.3612 0.2400 -0.9011
vn 0.5908 0.7153 -0.3732
vn 0.4018 0.8319 -0.3827
vn 0.1930 0.9074 -0.3732
vn 0.1930 0.9074 0.3732
vn 0.4018 0.8319 0.3827
vn -0.0365 0.4321 0.9011
vn 0.1664 0.3446 0.9239
vn 0.3612 0.2400 0.9011
vn 0.0365 -0.4321 0.9011
vn -0.1664 -0.3446 0.9239
vn -0.4018 -0.8319 0.3827
vn -0.3612 -0.2400 0.9011
vn -0.5908 -0.7153 0.3732
vn 0.5908 0.7153 0.3732
vn -0.3380 -0.8640 -0.3732
vn -0.3380 -0.8640 0.3732
vn -0.0342 -0.4323 -0.9011
vn -0.2202 -0.3129 -0.9239
vn -0.5317 -0.7555 -0.3827
vn -0.3954 -0.1781 -0.9011
vn -0.6992 -0.6098 -0.3732
vn 0.2202 0.3129 -0.9239
vn 0.0342 0.4323 -0.9011
vn 0.3954 0.1781 -0.9011
vn 0.6992 0.6098 -0.3732
vn 0.5317 0.7555 -0.3827
vn 0.3380 0.8640 -0.3732
vn 0.3380 0.8640 0.3732
vn 0.5317 0.7555 0.3827
vn 0.0342 0.4323 0.9011
vn 0.2202 0.3129 0.9239
vn 0.3954 0.1781 0.9011
vn -0.0342 -0.4323 0.9011
vn -0.2202 -0.3129 0.9239
vn -0.5317 -0.7555 0.3827
vn -0.3954 -0.1781 0.9011
vn -0.6992 -0.6098 0.3732
vn 0.6992 0.6098 0.3732
vn -0.5534 -0.7446 -0.3732
vn -0.5534 -0.7446 0.3732
vn -0.1467 -0.4081 -0.9011
vn -0.2948 -0.2440 -0.9239
vn -0.7118 -0.5890 -0.3827
vn -0.4283 -0.0678 -0.9011
vn -0.8350 -0.4043 -0.3732
vn 0.2948 0.2440 -0.9239
vn 0.1467 0.4081 -0.9011
vn 0.4283 0.0678 -0.9011
vn 0.8350 0.4043 -0.3732
vn 0.7118 0.5890 -0.3827
vn 0.5534 0.7446 -0.3732
vn 0.5534 0.7446 0.3732
vn 0.7118 0.5890 0.3827
vn 0.1467 0.4081 0.9011
vn 0.2948 0.2440 0.9239
vn 0.4283 0.0678 0.9011
vn -0.1467 -0.4081 0.9011
vn -0.2948 -0.2440 0.9239
vn -0.7118 -0.5890 0.3827
vn -0.4283 -0.0678 0.9011
vn -0.8350 -0.4043 0.3732
vn 0.8350 0.4043 0.3732
vn -0.6927 -0.6172 -0.3732
vn -0.6927 -0.6172 0.3732
vn -0.2263 -0.3699 -0.9011
vn -0.3381 -0.1792 -0.9239
vn -0.8163 -0.4327 -0.3827
vn -0.4332 0.0203 -0.9011
vn -0.8996 -0.2269 -0.3732
vn 0.3381 0.1792 -0.9239
vn 0.2263 0.3699 -0.9011
vn 0.4332 -0.0203 -0.9011
vn 0.8996 0.2269 -0.3732
vn 0.8163 0.4327 -0.3827
vn 0.6927 0.6172 -0.3732
vn 0.6927 0.6172 0.3732
vn 0.8163 0.4327 0.3827
vn 0.2263 0.3699 0.9011
vn 0.3381 0.1792 0.9239
vn 0.4332 -0.0203 0.9011
vn -0.2263 -0.3699 0.9011
vn -0.3381 -0.1792 0.9239
vn -0.8163 -0.4327 0.3827
vn -0.4332 0.0203 0.9011
vn -0.8996 -0.2269 0.3732
vn 0.8996 0.2269 0.3732
vn -0.7769 -0.5071 -0.3732
vn -0.7769 -0.5071 0.3732
vn -0.2789 -0.3321 -0.9011
vn -0.3610 -0.1269 -0.9239
vn -0.8716 -0.3063 -0.3827
vn -0.4253 0.0846 -0.9011
vn -0.9233 -0.0904 -0.3732
vn 0.3610 0.1269 -0.9239
vn 0.2789 0.3321 -0.9011
vn 0.4253 -0.0846 -0.9011
vn 0.9233 0.0904 -0.3732
vn 0.8716 0.3063 -0.3827
vn 0.7769 0.5071 -0.3732
vn 0.7769 0.5071 0.3732
vn 0.8716 0.3063 0.3827
vn 0.2789 0.3321 0.9011
vn 0.3610 0.1269 0.9239
vn 0.4253 -0.0846 0.9011
vn -0.2789 -0.3321 0.9011
vn -0.3610 -0.1269 0.9239
vn -0.8716 -0.3063 0.3827
vn -0.4253 0.0846 0.9011
vn -0.9233 -0.0904 0.3732
vn 0.9233 0.0904 0.3732
vn -0.8178 -0.4380 -0.3732
vn -0.8178 -0.4380 0.3732
vn -0.3066 -0.3067 -0.9011
vn -0.3707 -0.0952 -0.9239
vn -0.8949 -0.2298 -0.3827
vn -0.4164 0.1211 -0.9011
vn -0.9277 -0.0102 -0.3732
vn 0.3707 0.0952 -0.9239
vn 0.3066 0.3067 -0.9011
vn 0.4164 -0.1211 -0.9011
vn 0.9277 0.0102 -0.3732
vn 0.8949 0.2298 -0.3827
vn 0.8178 0.4380 -0.3732
vn 0.8178 0.4380 0.3732
vn 0.8949 0.2298 0.3827
vn 0.3066 0.3067 0.9011
vn 0.3707 0.0952 0.9239
vn 0.4164 -0.1211 0.9011
vn -0.3066 -0.3067 0.9011
vn -0.3707 -0.0952 0.9239
vn -0.8949 -0.2298 0.3827
vn -0.4164 0.1211 0.9011
vn -0.9277 -0.0102 0.3732
vn 0.9277 0.0102 0.3732
vn -0.8436 -0.3860 -0.3732
vn -0.8436 -0.3860 0.3732
vn -0.3252 -0.2870 -0.9011
vn -0.3759 -0.0718 -0.9239
vn -0.9075 -0.1734 -0.3827
vn -0.4080 0.1469 -0.9011
vn -0.9265 0.0478 -0.3732
vn 0.3759 0.0718 -0.9239
vn 0.3252 0.2870 -0.9011
vn -0.4081 0.1469 -0.9011
vn 0.4080 -0.1469 -0.9011
vn 0.9265 -0.0478 -0.3732
vn 0.9075 0.1734 -0.3827
vn 0.8436 0.3860 -0.3732
vn 0.8436 0.3860 0.3732
vn 0.9075 0.1734 0.3827
vn 0.3252 0.2870 0.9011
vn 0.3759 0.0718 0.9239
vn 0.4081 -0.1469 0.9011
vn -0.3252 -0.2870 0.9011
vn -0.3759 -0.0718 0.9239
vn -0.9075 -0.1734 0.3827
vn -0.4080 0.1469 0.9011
vn -0.4081 0.1469 0.9011
vn -0.9265 0.0478 0.3732
vn 0.4080 -0.1469 0.9011
vn 0.9265 -0.0478 0.3732
vn -0.8600 -0.3479 -0.3732
vn -0.8600 -0.3479 0.3732
vn -0.3377 -0.2721 -0.9011
vn -0.3787 -0.0549 -0.9239
vn -0.9143 -0.1326 -0.3827
vn -0.4011 0.1650 -0.9011
vn -0.9234 0.0892 -0.3732
vn 0.3787 0.0549 -0.9239
vn 0.3377 0.2721 -0.9011
vn 0.4011 -0.1650 -0.9011
vn 0.9234 -0.0892 -0.3732
vn 0.9143 0.1326 -0.3827
vn 0.8600 0.3479 -0.3732
vn 0.8600 0.3479 0.3732
vn 0.9143 0.1326 0.3827
vn 0.3377 0.2721 0.9011
vn 0.3787 0.0549 0.9239
vn 0.4011 -0.1650 0.9011
vn -0.3377 -0.2721 0.9011
vn -0.3787 -0.0549 0.9239
vn -0.9143 -0.1326 0.3827
vn -0.4011 0.1650 0.9011
vn -0.9234 0.0892 0.3732
vn 0.9234 -0.0892 0.3732
vn -0.8738 -0.3118 -0.3732
vn -0.8738 -0.3118 0.3732
vn -0.3487 -0.2579 -0.9011
vn -0.3807 -0.0391 -0.9239
vn -0.9190 -0.0945 -0.3827
vn -0.3939 0.1815 -0.9011
vn -0.9189 0.1275 -0.3732
vn 0.3807 0.0391 -0.9239
vn 0.3487 0.2579 -0.9011
vn 0.3939 -0.1815 -0.9011
vn 0.9189 -0.1275 -0.3732
vn 0.9190 0.0945 -0.3827
vn 0.8738 0.3118 -0.3732
vn 0.8738 0.3118 0.3732
vn 0.9190 0.0945 0.3827
vn 0.3487 0.2579 0.9011
vn 0.3807 0.0391 0.9239
vn 0.3939 -0.1815 0.9011
vn -0.3487 -0.2579 0.9011
vn -0.3807 -0.0391 0.9239
vn -0.9190 -0.0945 0.3827
vn -0.3939 0.1815 0.9011
vn -0.9189 0.1275 0.3732
vn 0.9189 -0.1275 0.3732
vn -0.8867 -0.2728 -0.3732
vn -0.8867 -0.2728 0.3732
vn -0.3598 -0.2422 -0.9011
vn -0.3820 -0.0222 -0.9239
vn -0.9223 -0.0537 -0.3827
vn -0.3854 0.1988 -0.9011
vn -0.9124 0.1681 -0.3732
vn 0.3820 0.0222 -0.9239
vn 0.3598 0.2422 -0.9011
vn 0.3854 -0.1988 -0.9011
vn 0.9124 -0.1681 -0.3732
vn 0.9223 0.0537 -0.3827
vn 0.8867 0.2728 -0.3732
vn 0.8867 0.2728 0.3732
vn 0.9223 0.0537 0.3827
vn 0.3598 0.2422 0.9011
vn 0.3820 0.0222 0.9239
vn 0.3854 -0.1988 0.9011
vn -0.3598 -0.2422 0.9011
vn -0.3820 -0.0222 0.9239
vn -0.9223 -0.0537 0.3827
vn -0.3854 0.1988 0.9011
vn -0.9124 0.1681 0.3732
vn 0.9124 -0.1681 0.3732
vn -0.8928 -0.2523 -0.3732
vn -0.8928 -0.2523 0.3732
vn -0.3653 -0.2338 -0.9011
vn -0.3824 -0.0134 -0.9239
vn -0.9233 -0.0324 -0.3827
vn -0.3808 0.2076 -0.9011
vn -0.9083 0.1891 -0.3732
vn 0.3824 0.0134 -0.9239
vn 0.3653 0.2338 -0.9011
vn -0.3807 0.2076 -0.9011
vn 0.3808 -0.2076 -0.9011
vn 0.9083 -0.1891 -0.3732
vn 0.9233 0.0324 -0.3827
vn 0.8928 0.2523 -0.3732
vn 0.8928 0.2523 0.3732
vn 0.9233 0.0324 0.3827
vn 0.3653 0.2338 0.9011
vn 0.3824 0.0134 0.9239
vn 0.3808 -0.2076 0.9011
vn -0.3653 -0.2338 0.9011
vn -0.3824 -0.0134 0.9239
vn -0.9233 -0.0324 0.3827
vn -0.3808 0.2076 0.9011
vn -0.9083 0.1891 0.3732
vn 0.9083 -0.1891 0.3732
vn -0.9011 -0.4314 -0.0445
vn -0.9011 0.1686 0.3996
vn -0.3732 -0.8557 -0.3585
vn -0.3827 -0.7426 -0.5496
vn -0.9239 -0.3076 -0.2277
vn -0.3732 -0.5929 -0.7136
vn -0.9011 -0.1686 -0.3996
vn 0.3827 -0.7426 -0.5496
vn 0.3732 -0.5929 -0.7136
vn 0.3732 -0.8557 -0.3585
vn 0.9011 -0.4314 -0.0445
vn 0.9239 -0.3076 -0.2277
vn 0.9011 -0.1686 -0.3996
vn 0.9011 0.4314 0.0445
vn 0.9239 0.3076 0.2277
vn 0.3732 0.8557 0.3585
vn 0.3827 0.7426 0.5496
vn 0.3732 0.5929 0.7136
vn -0.3732 0.5929 0.7136
vn -0.3827 0.7426 0.5496
vn -0.9239 0.3076 0.2277
vn -0.3732 0.8557 0.3585
vn -0.9011 0.4314 0.0445
vn 0.9011 0.1686 0.3996
vn -0.9011 -0.4268 -0.0770
vn -0.9011 0.1379 0.4112
vn -0.3732 -0.8261 -0.4222
vn -0.3827 -0.6989 -0.6042
vn -0.9239 -0.2895 -0.2503
vn -0.3732 -0.5372 -0.7564
vn -0.9011 -0.1379 -0.4112
vn 0.3827 -0.6989 -0.6042
vn 0.3732 -0.5372 -0.7564
vn 0.3732 -0.8261 -0.4222
vn 0.9011 -0.4268 -0.0770
vn 0.9239 -0.2895 -0.2503
vn 0.9011 -0.1379 -0.4112
vn 0.9011 0.4268 0.0770
vn 0.9239 0.2895 0.2503
vn 0.3732 0.8261 0.4222
vn 0.3827 0.6989 0.6042
vn 0.3732 0.5372 0.7564
vn -0.3732 0.5372 0.7564
vn -0.3827 0.6989 0.6042
vn -0.9239 0.2895 0.2503
vn -0.3732 0.8261 0.4222
vn -0.9011 0.4268 0.0770
vn 0.9011 0.1379 0.4112
vn -0.9011 -0.4146 -0.1273
vn -0.9011 0.0880 0.4247
vn -0.3732 -0.7699 -0.5176
vn -0.3827 -0.6220 -0.6832
vn -0.9239 -0.2576 -0.2830
vn -0.3732 -0.4433 -0.8150
vn -0.9011 -0.0880 -0.4247
vn 0.3827 -0.6220 -0.6832
vn 0.3732 -0.4433 -0.8150
vn 0.3732 -0.7699 -0.5176
vn 0.9011 -0.4146 -0.1273
vn 0.9239 -0.2576 -0.2830
vn 0.9011 -0.0880 -0.4247
vn 0.9011 0.4146 0.1273
vn 0.9239 0.2576 0.2830
vn 0.3732 0.7699 0.5176
vn 0.3827 0.6220 0.6832
vn 0.3732 0.4433 0.8150
vn -0.3732 0.4433 0.8150
vn -0.3827 0.6220 0.6832
vn -0.9239 0.2576 0.2830
vn -0.3732 0.7699 0.5176
vn -0.9011 0.4146 0.1273
vn 0.9011 0.0880 0.4247
vn -0.9011 -0.4025 -0.1615
vn -0.9011 0.0522 0.4305
vn -0.3732 -0.7240 -0.5802
vn -0.3827 -0.5627 -0.7328
vn -0.9239 -0.2331 -0.3035
vn -0.3732 -0.3736 -0.8492
vn -0.9011 -0.0522 -0.4305
vn 0.3827 -0.5627 -0.7328
vn 0.3732 -0.3736 -0.8492
vn 0.3732 -0.7240 -0.5802
vn 0.9011 -0.4025 -0.1615
vn 0.9239 -0.2331 -0.3035
vn 0.9011 -0.0522 -0.4305
vn 0.9011 0.4025 0.1615
vn 0.9239 0.2331 0.3035
vn 0.3732 0.7240 0.5802
vn 0.3827 0.5627 0.7328
vn 0.3732 0.3736 0.8492
vn -0.3732 0.3736 0.8492
vn -0.3827 0.5627 0.7328
vn -0.9239 0.2331 0.3035
vn -0.3732 0.7240 0.5802
vn -0.9011 0.4025 0.1615
vn 0.9011 0.0522 0.4305
vn -0.9011 -0.3673 -0.2305
vn -0.9011 -0.0252 0.4329
vn -0.3732 -0.6092 -0.6997
vn -0.3827 -0.4234 -0.8212
vn -0.9239 -0.1754 -0.3401
vn -0.3732 -0.2167 -0.9021
vn -0.9011 0.0252 -0.4329
vn 0.3827 -0.4234 -0.8211
vn 0.3732 -0.2167 -0.9021
vn 0.3827 -0.4234 -0.8212
vn 0.3732 -0.6092 -0.6997
vn 0.9011 -0.3673 -0.2305
vn 0.9239 -0.1754 -0.3401
vn 0.9011 0.0252 -0.4329
vn 0.9011 0.3673 0.2305
vn 0.9239 0.1754 0.3401
vn 0.3732 0.6092 0.6997
vn 0.3827 0.4234 0.8212
vn 0.3732 0.2167 0.9021
vn -0.3732 0.2167 0.9021
vn -0.3827 0.4234 0.8211
vn -0.9239 0.1754 0.3401
vn -0.3827 0.4234 0.8212
vn -0.3732 0.6092 0.6997
vn -0.9011 0.3673 0.2305
vn 0.9011 -0.0252 0.4329
vn -0.9011 -0.3020 -0.3112
vn -0.9011 -0.1274 0.4145
vn -0.3732 -0.4255 -0.8244
vn -0.3732 -0.4254 -0.8244
vn -0.3827 -0.2161 -0.8983
vn -0.9239 -0.0895 -0.3721
vn -0.3732 0.0040 -0.9277
vn -0.9011 0.1274 -0.4145
vn 0.3827 -0.2161 -0.8983
vn 0.3732 0.0040 -0.9277
vn 0.3732 -0.4255 -0.8244
vn 0.9011 -0.3020 -0.3112
vn 0.9239 -0.0895 -0.3721
vn 0.9011 0.1274 -0.4145
vn 0.9011 0.3020 0.3112
vn 0.9239 0.0895 0.3721
vn 0.3732 0.4255 0.8244
vn 0.3827 0.2161 0.8983
vn 0.3732 -0.0040 0.9277
vn -0.3732 -0.0040 0.9277
vn -0.3827 0.2161 0.8983
vn -0.9239 0.0895 0.3721
vn -0.3732 0.4255 0.8244
vn -0.9011 0.3020 0.3112
vn 0.9011 -0.1274 0.4145
vn -0.9011 -0.2598 -0.3472
vn -0.9011 -0.1793 0.3949
vn -0.3732 -0.3168 -0.8720
vn -0.9011 -0.2599 -0.3472
vn -0.3827 -0.0997 -0.9185
vn -0.9239 -0.0413 -0.3804
vn -0.3732 0.1223 -0.9196
vn -0.9011 0.1793 -0.3949
vn 0.3827 -0.0997 -0.9185
vn 0.3732 0.1223 -0.9196
vn 0.3732 -0.3168 -0.8720
vn 0.9011 -0.2599 -0.3472
vn 0.9239 -0.0413 -0.3804
vn 0.9011 0.1793 -0.3949
vn 0.9011 0.2599 0.3472
vn 0.9011 0.2598 0.3472
vn 0.9239 0.0413 0.3804
vn 0.3732 0.3168 0.8720
vn 0.3827 0.0997 0.9185
vn 0.3732 -0.1223 0.9196
vn -0.3732 -0.1223 0.9196
vn -0.3827 0.0997 0.9185
vn -0.9239 0.0413 0.3804
vn -0.3732 0.3168 0.8720
vn -0.9011 0.2599 0.3472
vn 0.9011 -0.1793 0.3949
vn 0.9011 -0.2598 -0.3472
vn -0.9011 -0.2452 -0.3577
vn -0.9011 -0.1955 0.3871
vn -0.3732 -0.2803 -0.8844
vn -0.3827 -0.0614 -0.9218
vn -0.9239 -0.0254 -0.3818
vn -0.3732 0.1604 -0.9138
vn -0.9011 0.1955 -0.3871
vn 0.3827 -0.0614 -0.9218
vn 0.3732 0.1604 -0.9138
vn 0.3732 -0.2803 -0.8844
vn 0.9011 -0.2452 -0.3577
vn 0.9239 -0.0254 -0.3818
vn 0.9011 0.1955 -0.3871
vn 0.9011 0.2452 0.3577
vn 0.9239 0.0254 0.3818
vn 0.3732 0.2803 0.8844
vn 0.3827 0.0614 0.9218
vn 0.3732 -0.1604 0.9138
vn -0.3732 -0.1604 0.9138
vn -0.3732 -0.1605 0.9138
vn -0.3827 0.0614 0.9218
vn -0.9239 0.0254 0.3818
vn -0.3732 0.2803 0.8844
vn -0.9011 0.2452 0.3577
vn 0.9011 -0.1955 0.3871
vn -0.9011 -0.2347 -0.3647
vn -0.9011 -0.2067 0.3813
vn -0.3732 -0.2545 -0.8921
vn -0.3827 -0.0347 -0.9232
vn -0.9239 -0.0144 -0.3824
vn -0.3732 0.1869 -0.9087
vn -0.9011 0.2067 -0.3813
vn 0.3827 -0.0347 -0.9232
vn 0.3732 0.1869 -0.9087
vn 0.3732 -0.2545 -0.8922
vn 0.9011 -0.2347 -0.3647
vn 0.9239 -0.0144 -0.3824
vn 0.9011 0.2067 -0.3813
vn 0.9011 0.2347 0.3647
vn 0.9239 0.0144 0.3824
vn 0.3732 0.2545 0.8921
vn 0.3827 0.0347 0.9232
vn 0.3732 -0.1869 0.9087
vn -0.3732 -0.1869 0.9087
vn -0.3827 0.0347 0.9232
vn -0.9239 0.0144 0.3824
vn -0.3732 0.2545 0.8921
vn -0.9011 0.2347 0.3647
vn 0.9011 -0.2067 0.3813
vn 0.3732 -0.2545 -0.8921
vn -0.9011 -0.2295 -0.3679
vn -0.9011 -0.2120 0.3783
vn -0.3732 -0.2419 -0.8956
vn -0.3827 -0.0217 -0.9236
vn -0.9239 -0.0090 -0.3826
vn -0.3732 0.1996 -0.9060
vn -0.9011 0.2120 -0.3783
vn 0.3827 -0.0217 -0.9236
vn 0.3732 0.1996 -0.9060
vn 0.3732 -0.2419 -0.8956
vn 0.9011 -0.2295 -0.3679
vn 0.9239 -0.0090 -0.3826
vn 0.9011 0.2120 -0.3783
vn 0.9011 0.2295 0.3679
vn 0.9011 0.2295 0.3680
vn 0.9239 0.0090 0.3826
vn 0.3732 0.2419 0.8956
vn 0.3827 0.0217 0.9236
vn 0.3732 -0.1996 0.9060
vn -0.3732 -0.1996 0.9060
vn -0.3827 0.0217 0.9236
vn -0.9239 0.0090 0.3826
vn -0.3732 0.2419 0.8956
vn -0.9011 0.2295 0.3679
vn 0.9011 -0.2120 0.3783
vn -0.9011 0.1733 -0.3976
vn -0.9011 -0.4319 0.0395
vn -0.3732 0.6012 -0.7066
vn -0.3827 0.7490 -0.5409
vn -0.9239 0.3102 -0.2240
vn -0.3732 0.8598 -0.3485
vn -0.9011 0.4319 -0.0395
vn 0.3827 0.7490 -0.5409
vn 0.3732 0.8598 -0.3485
vn 0.3732 0.6012 -0.7066
vn 0.9011 0.1733 -0.3976
vn 0.9239 0.3102 -0.2240
vn 0.9011 0.4319 -0.0395
vn 0.9011 -0.1733 0.3976
vn 0.9239 -0.3102 0.2240
vn 0.3732 -0.6012 0.7066
vn 0.3827 -0.7490 0.5409
vn 0.3732 -0.8598 0.3485
vn -0.3732 -0.8598 0.3485
vn -0.3827 -0.7490 0.5409
vn -0.9239 -0.3102 0.2240
vn -0.3732 -0.6012 0.7066
vn -0.9011 -0.1733 0.3976
vn 0.9011 -0.4319 0.0395
vn -0.9011 0.1101 -0.4195
vn -0.9011 -0.4207 0.1054
vn -0.3732 0.4854 -0.7906
vn -0.3827 0.6569 -0.6496
vn -0.9239 0.2721 -0.2691
vn -0.3732 0.7960 -0.4766
vn -0.9011 0.4207 -0.1054
vn 0.3827 0.6569 -0.6496
vn 0.3732 0.7960 -0.4766
vn 0.3732 0.4854 -0.7906
vn 0.9011 0.1101 -0.4195
vn 0.9239 0.2721 -0.2691
vn 0.9011 0.4207 -0.1054
vn 0.9011 -0.1101 0.4195
vn 0.9239 -0.2721 0.2691
vn 0.3732 -0.4854 0.7906
vn 0.3827 -0.6569 0.6496
vn 0.3732 -0.7960 0.4766
vn -0.3732 -0.7960 0.4766
vn -0.3827 -0.6569 0.6496
vn -0.9239 -0.2721 0.2691
vn -0.3732 -0.4854 0.7906
vn -0.9011 -0.1101 0.4195
vn 0.9011 -0.4207 0.1054
vn -0.9011 0.0236 -0.4330
vn -0.9011 -0.3909 0.1877
vn -0.3732 0.3168 -0.8720
vn -0.3827 0.5131 -0.7683
vn -0.9239 0.2125 -0.3182
vn -0.3732 0.6841 -0.6267
vn -0.9011 0.3909 -0.1877
vn 0.3827 0.5131 -0.7683
vn 0.3732 0.6841 -0.6267
vn 0.3732 0.3168 -0.8720
vn 0.9011 0.0236 -0.4330
vn 0.9239 0.2125 -0.3182
vn 0.9011 0.3909 -0.1877
vn 0.9011 -0.0236 0.4330
vn 0.9239 -0.2125 0.3182
vn 0.3732 -0.3168 0.8720
vn 0.3827 -0.5131 0.7683
vn 0.3732 -0.6841 0.6267
vn -0.3732 -0.6841 0.6267
vn -0.3827 -0.5131 0.7683
vn -0.9239 -0.2125 0.3182
vn -0.3732 -0.3168 0.8720
vn -0.9011 -0.0236 0.4330
vn 0.9011 -0.3909 0.1877
vn -0.9011 -0.0218 -0.4331
vn -0.9011 -0.3692 0.2276
vn -0.3732 0.2238 -0.9003
vn -0.3827 0.4299 -0.8178
vn -0.9239 0.1781 -0.3387
vn -0.3732 0.6148 -0.6948
vn -0.9011 0.3692 -0.2276
vn 0.3827 0.4299 -0.8177
vn 0.3732 0.6148 -0.6948
vn 0.3827 0.4299 -0.8178
vn 0.3732 0.2238 -0.9003
vn 0.9011 -0.0218 -0.4331
vn 0.9239 0.1781 -0.3387
vn 0.9011 0.3692 -0.2276
vn 0.9011 0.0218 0.4331
vn 0.9239 -0.1781 0.3387
vn 0.3732 -0.2238 0.9003
vn 0.3827 -0.4299 0.8178
vn 0.3732 -0.6148 0.6948
vn -0.3732 -0.6148 0.6948
vn -0.3827 -0.4299 0.8178
vn -0.9239 -0.1781 0.3387
vn -0.3732 -0.2238 0.9003
vn -0.9011 0.0218 0.4331
vn 0.9011 -0.3692 0.2276
vn -0.9011 -0.0687 -0.4282
vn -0.9011 -0.3423 0.2663
vn -0.3732 0.1248 -0.9193
vn -0.3827 0.3387 -0.8596
vn -0.9239 0.1403 -0.3560
vn -0.3732 0.5358 -0.7574
vn -0.9011 0.3423 -0.2663
vn 0.3827 0.3387 -0.8596
vn 0.3732 0.5358 -0.7574
vn 0.3732 0.1248 -0.9193
vn 0.9011 -0.0687 -0.4282
vn 0.9239 0.1403 -0.3560
vn 0.9011 0.3423 -0.2663
vn 0.9011 0.0687 0.4282
vn 0.9239 -0.1403 0.3560
vn 0.3732 -0.1248 0.9193
vn 0.3827 -0.3387 0.8596
vn 0.3732 -0.5358 0.7574
vn -0.3732 -0.5358 0.7574
vn -0.3827 -0.3387 0.8596
vn -0.9239 -0.1403 0.3560
vn -0.3732 -0.1248 0.9193
vn -0.9011 0.0687 0.4282
vn 0.9011 -0.3423 0.2663
vn -0.9011 -0.1109 -0.4193
vn -0.9011 -0.3141 0.2990
vn -0.3732 0.0327 -0.9272
vn -0.3732 0.0328 -0.9272
vn -0.3827 0.2515 -0.8890
vn -0.9239 0.1042 -0.3682
vn -0.3732 0.4578 -0.8069
vn -0.9011 0.3141 -0.2990
vn 0.3827 0.2515 -0.8890
vn 0.3732 0.4578 -0.8069
vn 0.3732 0.0327 -0.9272
vn 0.9011 -0.1109 -0.4193
vn 0.9239 0.1042 -0.3682
vn 0.9011 0.3141 -0.2990
vn 0.9011 0.1109 0.4193
vn 0.9239 -0.1042 0.3682
vn 0.3732 -0.0327 0.9272
vn 0.3827 -0.2515 0.8890
vn 0.3732 -0.4578 0.8069
vn -0.3732 -0.4578 0.8069
vn -0.3827 -0.2515 0.8890
vn -0.9239 -0.1042 0.3682
vn -0.3732 -0.0327 0.9272
vn -0.9011 0.1109 0.4193
vn 0.9011 -0.3141 0.2990
vn -0.9011 -0.1496 -0.4070
vn -0.9011 -0.2848 0.3271
vn -0.3732 -0.0541 -0.9262
vn -0.3827 0.1672 -0.9086
vn -0.9239 0.0693 -0.3764
vn -0.3732 0.3803 -0.8462
vn -0.9011 0.2848 -0.3271
vn 0.3827 0.1672 -0.9086
vn 0.3732 0.3803 -0.8462
vn 0.3732 -0.0541 -0.9262
vn 0.9011 -0.1496 -0.4070
vn 0.9239 0.0693 -0.3764
vn 0.9011 0.2848 -0.3271
vn 0.9011 0.1496 0.4070
vn 0.9239 -0.0693 0.3764
vn 0.3732 0.0541 0.9262
vn 0.3827 -0.1672 0.9086
vn 0.3732 -0.3803 0.8462
vn -0.3732 -0.3803 0.8462
vn -0.3827 -0.1672 0.9086
vn -0.9239 -0.0693 0.3764
vn -0.3732 0.0541 0.9262
vn -0.9011 0.1496 0.4070
vn 0.9011 -0.2848 0.3271
vn -0.9011 -0.1860 -0.3918
vn -0.9011 -0.2539 0.3516
vn -0.3732 -0.1379 -0.9174
vn -0.3827 0.0841 -0.9200
vn -0.9239 0.0348 -0.3811
vn -0.3732 0.3020 -0.8772
vn -0.9011 0.2539 -0.3516
vn 0.3827 0.0841 -0.9200
vn 0.3732 0.3020 -0.8772
vn -0.3732 0.3019 -0.8772
vn 0.3732 -0.1379 -0.9174
vn 0.9011 -0.1860 -0.3918
vn 0.9239 0.0348 -0.3811
vn 0.9011 0.2539 -0.3516
vn 0.9011 0.1860 0.3918
vn 0.9239 -0.0348 0.3811
vn 0.3732 0.1379 0.9174
vn 0.3827 -0.0841 0.9200
vn 0.3732 -0.3020 0.8772
vn -0.3732 -0.3019 0.8772
vn -0.3732 -0.3020 0.8772
vn -0.3827 -0.0841 0.9200
vn -0.9239 -0.0348 0.3811
vn -0.3732 0.1379 0.9174
vn -0.9011 0.1860 0.3918
vn 0.9011 -0.2539 0.3516
vn -0.9011 -0.2034 -0.3830
vn -0.9011 -0.2378 0.3627
vn -0.3732 -0.1792 -0.9103
vn -0.3827 0.0425 -0.9229
vn -0.9239 0.0176 -0.3823
vn -0.3732 0.2620 -0.8900
vn -0.9011 0.2378 -0.3627
vn 0.3827 0.0425 -0.9229
vn 0.3732 0.2620 -0.8900
vn 0.3732 -0.1792 -0.9103
vn 0.9011 -0.2034 -0.3830
vn 0.9239 0.0176 -0.3823
vn 0.9011 0.2378 -0.3627
vn 0.9011 0.2035 0.3830
vn 0.9239 -0.0176 0.3823
vn 0.3732 0.1792 0.9103
vn 0.3827 -0.0425 0.9229
vn 0.3732 -0.2620 0.8900
vn -0.3732 -0.2620 0.8900
vn -0.3827 -0.0425 0.9229
vn -0.9239 -0.0176 0.3823
vn -0.3732 0.1792 0.9103
vn -0.9011 0.2035 0.3830
vn 0.9011 -0.2378 0.3627
vn -0.0201 0.9998 -0.0000
vn -0.1150 0.9662 -0.2306
vn -0.1150 0.9662 0.2306
vn 0.0760 0.9701 0.2306
vn 0.2110 0.9728 0.0955
vn -0.2500 0.9635 -0.0955
vn 0.2110 0.9728 -0.0955
vn 0.0760 0.9701 -0.2306
vn -0.2500 0.9635 0.0955
vn -0.3814 -0.0515 0.9230
vn 0.3831 -0.0362 0.9230
vn -0.9219 -0.0624 -0.3823
vn 0.3831 -0.0362 -0.9230
vn 0.9237 -0.0253 -0.3823
vn 0.9237 -0.0253 0.3823
vn -0.3814 -0.0515 -0.9230
vn -0.9219 -0.0624 0.3823
vn 0.0201 -0.9998 -0.0000
vn -0.9282 -0.1999 0.3139
vn -0.8292 -0.0167 0.5587
vn -0.9998 -0.0201 -0.0000
vn -0.0145 0.7227 0.6910
vn -0.0193 0.9598 0.2800
vn -0.0174 0.8659 -0.5000
vn -0.9443 -0.1786 -0.2764
vn 0.0101 -0.4999 0.8660
vn 0.0174 -0.8658 0.5000
vn 0.0191 -0.9492 -0.3140
vn 0.9998 0.0201 -0.0000
vn 0.0174 -0.8658 -0.5000
vn 0.8292 0.0167 0.5587
vn 0.0174 -0.8659 -0.5000
vn 0.9355 -0.1624 0.3139
vn 0.9507 -0.1405 -0.2764
vn 0.9776 -0.1772 -0.1136
vn -0.0074 0.3692 -0.9293
vn -0.9697 -0.2163 -0.1136
vn 0.3175 -0.1749 0.9320
vn 0.5585 0.0112 0.8294
vn -0.0000 -0.0000 1.0000
vn 0.6764 0.7366 -0.0000
vn 0.2606 0.9655 -0.0000
vn -0.5173 0.8558 -0.0000
vn -0.2731 -0.1651 0.9477
vn 0.8759 -0.4825 -0.0000
vn 0.5173 -0.8558 -0.0000
vn -0.2948 -0.9556 -0.0000
vn -0.0000 -0.0000 -1.0000
vn -0.4825 -0.8759 -0.0000
vn 0.5585 0.0112 -0.8294
vn 0.3175 -0.1749 -0.9320
vn -0.2731 -0.1651 -0.9477
vn -0.1096 -0.1990 -0.9738
vn -0.9366 0.3505 -0.0000
vn -0.1096 -0.1990 0.9738
vn 0.9355 -0.1624 -0.3139
vn 0.8292 0.0167 -0.5587
vn -0.0145 0.7227 -0.6910
vn -0.0193 0.9598 -0.2800
vn -0.0174 0.8659 0.5000
vn 0.9507 -0.1405 0.2764
vn 0.0101 -0.4999 -0.8660
vn 0.0191 -0.9492 0.3140
vn 0.0174 -0.8659 0.5000
vn -0.8292 -0.0167 -0.5587
vn -0.9282 -0.1999 -0.3139
vn -0.9443 -0.1786 0.2764
vn -0.9697 -0.2163 0.1136
vn -0.0074 0.3692 0.9293
vn 0.9776 -0.1772 0.1136
vn -0.3102 -0.1875 -0.9320
vn -0.5585 -0.0112 -0.8294
vn -0.7055 0.7088 -0.0000
vn -0.2992 0.9542 -0.0000
vn 0.4825 0.8759 -0.0000
vn 0.2796 -0.1540 -0.9477
vn -0.8558 -0.5173 -0.0000
vn 0.3330 -0.9429 -0.0000
vn -0.5585 -0.0112 0.8294
vn -0.3102 -0.1875 0.9320
vn 0.2796 -0.1540 0.9477
vn 0.1176 -0.1945 0.9738
vn 0.9217 0.3879 -0.0000
vn 0.1176 -0.1945 -0.9738
vn 0.8844 -0.1635 0.4371
vn 0.9813 0.0197 0.1914
vn 0.7070 0.0142 0.7071
vn 0.4740 0.7325 -0.4886
vn 0.1786 0.9638 -0.1980
vn -0.3709 0.8587 0.3536
vn 0.4778 -0.1500 0.8656
vn 0.6223 -0.4876 -0.6124
vn 0.3709 -0.8587 -0.3536
vn -0.2029 -0.9537 0.2220
vn -0.7070 -0.0142 -0.7071
vn -0.3361 -0.8730 0.3536
vn -0.1914 -0.0039 -0.9815
vn -0.4333 -0.1900 -0.8810
vn -0.8622 -0.1770 -0.4747
vn -0.7648 -0.2122 -0.6083
vn -0.6644 0.3560 0.6571
vn 0.6121 -0.1845 0.7689
vn -0.4333 -0.1900 0.8810
vn -0.1914 -0.0039 0.9815
vn -0.7070 -0.0142 0.7071
vn 0.4740 0.7325 0.4886
vn 0.1786 0.9638 0.1980
vn -0.3709 0.8587 -0.3536
vn -0.8622 -0.1770 0.4747
vn 0.6223 -0.4876 0.6124
vn 0.3709 -0.8587 0.3536
vn -0.2029 -0.9537 -0.2220
vn 0.7070 0.0142 -0.7071
vn -0.3361 -0.8730 -0.3536
vn 0.9813 0.0197 -0.1914
vn 0.8844 -0.1635 -0.4371
vn 0.4778 -0.1500 -0.8656
vn 0.6121 -0.1845 -0.7689
vn -0.6644 0.3560 -0.6571
vn -0.7648 -0.2122 0.6083
vn -0.8772 -0.1989 -0.4371
vn -0.9813 -0.0197 -0.1914
vn -0.5031 0.7128 0.4886
vn -0.2172 0.9558 0.1980
vn 0.3361 0.8730 -0.3536
vn -0.4714 -0.1691 -0.8656
vn -0.6022 -0.5122 0.6124
vn 0.2411 -0.9448 -0.2220
vn 0.1914 0.0039 0.9815
vn 0.4406 -0.1724 0.8810
vn 0.8686 -0.1421 0.4747
vn 0.7728 -0.1813 0.6083
vn 0.6496 0.3824 -0.6571
vn -0.6042 -0.2090 -0.7689
vn 0.4406 -0.1724 -0.8810
vn 0.1914 0.0039 -0.9815
vn -0.5031 0.7128 -0.4886
vn -0.2172 0.9558 -0.1980
vn 0.3361 0.8730 0.3536
vn 0.8686 -0.1421 -0.4747
vn -0.6022 -0.5122 -0.6124
vn 0.2411 -0.9448 0.2220
vn -0.9813 -0.0197 0.1914
vn -0.8772 -0.1989 0.4371
vn -0.4714 -0.1691 0.8656
vn -0.6042 -0.2090 0.7689
vn 0.6496 0.3824 0.6571
vn 0.7727 -0.1813 -0.6083
vn -0.0351 0.9994 -0.0000
vn -0.1294 0.9644 -0.2306
vn -0.1294 0.9644 0.2306
vn 0.0615 0.9711 0.2306
vn 0.1964 0.9759 0.0955
vn 0.1965 0.9759 0.0955
vn -0.2644 0.9597 -0.0955
vn 0.1964 0.9759 -0.0955
vn 0.1965 0.9759 -0.0955
vn 0.0615 0.9711 -0.2306
vn -0.2644 0.9597 0.0955
vn -0.3805 -0.0572 0.9230
vn 0.3836 -0.0304 0.9230
vn -0.9209 -0.0762 -0.3823
vn 0.3836 -0.0304 -0.9230
vn 0.9240 -0.0115 -0.3823
vn 0.9240 -0.0115 0.3823
vn -0.3805 -0.0572 -0.9230
vn -0.9209 -0.0762 0.3823
vn 0.0351 -0.9994 -0.0000
vn -0.9251 -0.2138 0.3139
vn -0.8289 -0.0291 0.5587
vn -0.9994 -0.0351 -0.0000
vn -0.0254 0.7224 0.6910
vn -0.0337 0.9594 0.2800
vn -0.0304 0.8655 -0.5000
vn -0.9415 -0.1927 -0.2764
vn 0.0175 -0.4997 0.8660
vn 0.0304 -0.8655 0.5000
vn 0.0333 -0.9488 -0.3140
vn 0.9994 0.0351 -0.0000
vn 0.0304 -0.8655 -0.5000
vn 0.8289 0.0291 0.5587
vn 0.9378 -0.1484 0.3139
vn -0.0253 0.7224 0.6910
vn 0.9527 -0.1262 -0.2764
vn 0.9801 -0.1625 -0.1136
vn -0.0130 0.3690 -0.9293
vn -0.9663 -0.2308 -0.1136
vn 0.3200 -0.1701 0.9320
vn 0.5583 0.0196 0.8294
vn 0.6653 0.7466 -0.0000
vn 0.2461 0.9692 -0.0000
vn -0.5301 0.8480 -0.0000
vn -0.2706 -0.1692 0.9477
vn 0.8830 -0.4693 -0.0000
vn 0.5301 -0.8480 -0.0000
vn -0.2805 -0.9599 -0.0000
vn -0.4693 -0.8830 -0.0000
vn 0.5583 0.0196 -0.8294
vn 0.3201 -0.1701 -0.9320
vn -0.2706 -0.1692 -0.9477
vn -0.1066 -0.2007 -0.9738
vn -0.9417 0.3364 -0.0000
vn -0.1066 -0.2007 0.9738
vn 0.9378 -0.1484 -0.3139
vn 0.8289 0.0291 -0.5587
vn -0.0254 0.7224 -0.6910
vn -0.0337 0.9594 -0.2800
vn -0.0304 0.8655 0.5000
vn 0.9527 -0.1262 0.2764
vn 0.0175 -0.4997 -0.8660
vn 0.0333 -0.9488 0.3140
vn -0.8289 -0.0291 -0.5587
vn -0.9251 -0.2138 -0.3139
vn -0.9415 -0.1927 0.2764
vn -0.9663 -0.2308 0.1136
vn -0.0130 0.3690 0.9293
vn 0.9801 -0.1625 0.1136
vn -0.3073 -0.1921 -0.9320
vn -0.5583 -0.0196 -0.8294
vn -0.7160 0.6981 -0.0000
vn -0.3135 0.9496 -0.0000
vn 0.4693 0.8830 -0.0000
vn 0.2818 -0.1498 -0.9477
vn -0.8480 -0.5301 -0.0000
vn 0.3471 -0.9378 -0.0000
vn -0.5583 -0.0196 0.8294
vn -0.3073 -0.1921 0.9320
vn 0.2818 -0.1498 0.9477
vn 0.1204 -0.1927 0.9738
vn 0.9158 0.4016 -0.0000
vn 0.1204 -0.1927 -0.9738
vn 0.8868 -0.1502 0.4371
vn 0.9809 0.0344 0.1914
vn 0.7067 0.0248 0.7071
vn 0.4630 0.7395 -0.4886
vn 0.1642 0.9664 -0.1980
vn -0.3837 0.8531 0.3536
vn 0.4800 -0.1428 0.8656
vn 0.6295 -0.4782 -0.6124
vn 0.3837 -0.8531 -0.3536
vn -0.1886 -0.9566 0.2220
vn -0.7067 -0.0248 -0.7071
vn -0.3230 -0.8779 0.3536
vn -0.1913 -0.0067 -0.9815
vn -0.4305 -0.1964 -0.8810
vn -0.8594 -0.1898 -0.4747
vn -0.7616 -0.2236 -0.6083
vn -0.6697 0.3460 0.6571
vn 0.6148 -0.1753 0.7689
vn -0.4304 -0.1964 0.8810
vn -0.1913 -0.0067 0.9815
vn -0.7067 -0.0248 0.7071
vn 0.4630 0.7395 0.4886
vn 0.1642 0.9664 0.1980
vn -0.3837 0.8531 -0.3536
vn -0.8594 -0.1898 0.4747
vn 0.6295 -0.4782 0.6124
vn 0.3837 -0.8531 0.3536
vn -0.1886 -0.9566 -0.2220
vn 0.7067 0.0248 -0.7071
vn -0.3229 -0.8779 -0.3536
vn 0.9809 0.0344 -0.1914
vn -0.3230 -0.8779 -0.3536
vn 0.8868 -0.1502 -0.4371
vn 0.4800 -0.1428 -0.8656
vn 0.6148 -0.1753 -0.7689
vn -0.6697 0.3460 -0.6571
vn -0.7616 -0.2236 0.6083
vn -0.8741 -0.2120 -0.4371
vn -0.9809 -0.0344 -0.1914
vn -0.5137 0.7052 0.4886
vn -0.2315 0.9525 0.1980
vn 0.3230 0.8779 -0.3536
vn -0.4688 -0.1761 -0.8656
vn -0.5945 -0.5212 0.6124
vn 0.2552 -0.9411 -0.2220
vn 0.1913 0.0067 0.9815
vn 0.4432 -0.1658 0.8810
vn 0.8706 -0.1291 0.4747
vn 0.7754 -0.1697 0.6083
vn 0.6438 0.3921 -0.6571
vn -0.6010 -0.2180 -0.7689
vn 0.4432 -0.1658 -0.8810
vn 0.1913 0.0067 -0.9815
vn -0.5137 0.7052 -0.4886
vn -0.2315 0.9525 -0.1980
vn 0.3230 0.8779 0.3536
vn 0.8706 -0.1291 -0.4747
vn -0.5945 -0.5212 -0.6124
vn 0.2552 -0.9411 0.2220
vn -0.9809 -0.0344 0.1914
vn -0.8741 -0.2120 0.4371
vn -0.4688 -0.1761 0.8656
vn -0.6010 -0.2180 0.7689
vn 0.6438 0.3921 0.6571
vn 0.7754 -0.1697 -0.6083
vn -0.0000 0.9997 -0.0235
vn -0.0955 0.9627 -0.2532
vn -0.0955 0.9735 0.2078
vn 0.0955 0.9735 0.2078
vn 0.2306 0.9703 0.0727
vn -0.2306 0.9659 -0.1182
vn 0.2306 0.9659 -0.1182
vn 0.0955 0.9627 -0.2532
vn -0.2306 0.9703 0.0727
vn -0.3823 -0.0222 0.9238
vn 0.3823 -0.0222 0.9238
vn -0.9230 -0.0528 -0.3812
vn 0.3823 -0.0655 -0.9217
vn 0.9230 -0.0528 -0.3812
vn 0.9230 -0.0349 0.3832
vn -0.3823 -0.0655 -0.9217
vn -0.9230 -0.0349 0.3832
vn -0.0000 -0.9997 0.0235
vn -0.9320 -0.1738 0.3181
vn -0.8294 0.0131 0.5585
vn -1.0000 -0.0000 -0.0000
vn -0.0000 0.7388 0.6739
vn -0.0000 0.9663 0.2574
vn -0.0000 0.8541 -0.5202
vn -0.9477 -0.1660 -0.2726
vn -0.0000 -0.4795 0.8775
vn -0.0000 -0.8541 0.5202
vn -0.0000 -0.9565 -0.2916
vn 1.0000 -0.0000 -0.0000
vn -0.0000 -0.8775 -0.4795
vn 0.8294 0.0131 0.5585
vn 0.9320 -0.1738 0.3181
vn 0.9477 -0.1660 -0.2726
vn 0.9738 -0.1994 -0.1090
vn -0.0000 0.3474 -0.9377
vn -0.9738 -0.1994 -0.1090
vn 0.3139 -0.1593 0.9360
vn 0.5587 0.0195 0.8292
vn -0.0000 0.0235 0.9997
vn 0.6911 0.7226 -0.0170
vn 0.2800 0.9597 -0.0225
vn -0.5000 0.8658 -0.0203
vn -0.2764 -0.1373 0.9512
vn 0.8660 -0.4999 0.0117
vn 0.5000 -0.8658 0.0203
vn -0.3140 -0.9492 0.0223
vn -0.0000 -0.0235 -0.9997
vn -0.5000 -0.8658 0.0203
vn 0.5587 -0.0195 -0.8292
vn 0.3139 -0.2030 -0.9275
vn 0.6910 0.7226 -0.0170
vn -0.2764 -0.1818 -0.9437
vn -0.1136 -0.2196 -0.9690
vn -0.9293 0.3692 -0.0087
vn -0.1136 -0.1739 0.9782
vn 0.9320 -0.1885 -0.3095
vn 0.8294 -0.0131 -0.5585
vn -0.0000 0.7064 -0.7078
vn -0.0000 0.9532 -0.3024
vn -0.0000 0.8775 0.4795
vn 0.9477 -0.1531 0.2801
vn -0.0000 -0.5202 -0.8541
vn -0.0000 -0.9418 0.3362
vn -0.8294 -0.0131 -0.5585
vn -0.9320 -0.1885 -0.3095
vn -0.9477 -0.1531 0.2801
vn -0.9738 -0.1941 0.1182
vn -0.0000 0.3910 0.9204
vn 0.9738 -0.1941 0.1182
vn -0.3139 -0.2030 -0.9275
vn -0.5587 -0.0195 -0.8292
vn -0.6910 0.7226 -0.0170
vn -0.2800 0.9597 -0.0225
vn 0.5000 0.8658 -0.0203
vn 0.2764 -0.1818 -0.9437
vn -0.8660 -0.4999 0.0117
vn 0.3140 -0.9492 0.0223
vn -0.5587 0.0195 0.8292
vn -0.3139 -0.1593 0.9360
vn 0.2764 -0.1373 0.9512
vn 0.1136 -0.1739 0.9782
vn 0.9293 0.3692 -0.0087
vn 0.1136 -0.2196 -0.9690
vn 0.8810 -0.1709 0.4412
vn 0.9815 0.0045 0.1914
vn 0.7071 0.0166 0.7069
vn 0.4886 0.7111 -0.5055
vn 0.1980 0.9551 -0.2204
vn -0.3536 0.8741 0.3331
vn 0.4747 -0.1392 0.8691
vn 0.6124 -0.5142 -0.6005
vn 0.3536 -0.8741 -0.3331
vn -0.2220 -0.9440 0.2442
vn -0.7071 -0.0166 -0.7069
vn -0.3536 -0.8575 0.3738
vn -0.1914 -0.0230 -0.9812
vn -0.4371 -0.2018 -0.8765
vn -0.8656 -0.1707 -0.4708
vn -0.7689 -0.2110 -0.6035
vn -0.3535 -0.8575 0.3738
vn -0.6571 0.3846 0.6483
vn 0.6083 -0.1787 0.7734
vn -0.4371 -0.1605 0.8850
vn -0.1914 0.0230 0.9812
vn -0.7071 0.0166 0.7069
vn 0.4886 0.7341 0.4715
vn 0.1980 0.9644 0.1754
vn -0.3536 0.8575 -0.3738
vn -0.8656 -0.1484 0.4783
vn 0.6124 -0.4855 0.6239
vn 0.3536 -0.8575 0.3738
vn -0.2220 -0.9544 -0.1997
vn 0.7071 -0.0166 -0.7069
vn -0.3536 -0.8741 -0.3331
vn 0.9815 -0.0045 -0.1914
vn 0.8810 -0.1914 -0.4327
vn 0.4747 -0.1799 -0.8616
vn 0.6083 -0.2148 -0.7641
vn -0.6571 0.3537 -0.6656
vn -0.7689 -0.1825 0.6127
vn -0.8810 -0.1914 -0.4327
vn -0.9815 -0.0045 -0.1914
vn -0.4886 0.7341 0.4715
vn -0.1980 0.9644 0.1754
vn 0.3536 0.8575 -0.3738
vn -0.4747 -0.1799 -0.8616
vn -0.6124 -0.4855 0.6239
vn 0.2220 -0.9544 -0.1997
vn 0.1914 0.0230 0.9812
vn 0.4371 -0.1605 0.8850
vn 0.8656 -0.1484 0.4783
vn 0.7689 -0.1825 0.6127
vn 0.6571 0.3537 -0.6656
vn -0.6083 -0.2148 -0.7641
vn 0.4371 -0.2018 -0.8765
vn 0.1914 -0.0230 -0.9812
vn -0.4886 0.7111 -0.5055
vn -0.1980 0.9551 -0.2204
vn 0.3536 0.8741 0.3331
vn 0.8656 -0.1707 -0.4708
vn -0.6124 -0.5142 -0.6005
vn 0.2220 -0.9440 0.2442
vn -0.9815 0.0045 0.1914
vn -0.8810 -0.1709 0.4412
vn -0.4747 -0.1392 0.8691
vn -0.6083 -0.1787 0.7734
vn 0.3535 -0.8575 0.3738
vn 0.6571 0.3846 0.6483
vn 0.7689 -0.2110 -0.6035
vn -0.0000 0.9989 0.0460
vn -0.0955 0.9779 -0.1858
vn -0.0955 0.9567 0.2748
vn 0.0955 0.9567 0.2748
vn 0.2306 0.9629 0.1399
vn -0.2306 0.9717 -0.0509
vn 0.2306 0.9717 -0.0509
vn 0.0955 0.9779 -0.1858
vn -0.2306 0.9629 0.1399
vn -0.3823 -0.0863 0.9200
vn 0.3823 -0.0863 0.9200
vn -0.9230 -0.0262 -0.3839
vn 0.3823 -0.0014 -0.9240
vn 0.9230 -0.0262 -0.3839
vn 0.9230 -0.0614 0.3799
vn -0.3823 -0.0014 -0.9240
vn -0.9230 -0.0614 0.3799
vn -0.0000 -0.9989 -0.0460
vn -0.9320 -0.1955 0.3052
vn -0.8294 -0.0257 0.5581
vn -0.0000 0.6903 0.7236
vn -0.0000 0.9461 0.3238
vn -0.0000 0.8881 -0.4597
vn -0.9477 -0.1467 -0.2835
vn -0.0000 -0.5393 0.8421
vn -0.0000 -0.8881 0.4597
vn -0.0000 -0.9340 -0.3573
vn -0.0000 -0.8421 -0.5393
vn 0.8294 -0.0257 0.5581
vn 0.9320 -0.1955 0.3052
vn 0.9477 -0.1467 -0.2835
vn 0.9738 -0.1914 -0.1225
vn -0.0000 0.4116 -0.9114
vn -0.9738 -0.1914 -0.1225
vn 0.3139 -0.2239 0.9227
vn 0.5587 -0.0381 0.8285
vn -0.0000 -0.0460 0.9989
vn 0.6910 0.7220 0.0332
vn 0.2800 0.9590 0.0441
vn -0.5000 0.8651 0.0398
vn -0.2764 -0.2030 0.9394
vn 0.8660 -0.4995 -0.0230
vn 0.5000 -0.8651 -0.0398
vn -0.3140 -0.9484 -0.0437
vn -0.0000 0.0460 -0.9989
vn -0.5000 -0.8651 -0.0398
vn 0.5587 0.0381 -0.8285
vn 0.3139 -0.1382 -0.9394
vn -0.2764 -0.1158 -0.9540
vn -0.1136 -0.1518 -0.9819
vn -0.9293 0.3689 0.0170
vn -0.1136 -0.2414 0.9638
vn 0.9320 -0.1666 -0.3219
vn 0.8294 0.0257 -0.5581
vn -0.0000 0.7538 -0.6571
vn -0.0000 0.9719 -0.2355
vn -0.0000 0.8421 0.5393
vn 0.9477 -0.1721 0.2688
vn -0.0000 -0.4597 -0.8881
vn -0.0000 -0.9629 0.2700
vn -0.0000 -0.8881 0.4596
vn -0.8294 0.0257 -0.5581
vn -0.9320 -0.1666 -0.3219
vn -0.0000 -0.4596 -0.8881
vn -0.9477 -0.1721 0.2688
vn -0.9738 -0.2018 0.1044
vn -0.0000 0.3261 0.9453
vn 0.9738 -0.2018 0.1044
vn -0.3139 -0.1382 -0.9394
vn -0.5587 0.0381 -0.8285
vn -0.6910 0.7220 0.0332
vn -0.2800 0.9590 0.0441
vn 0.5000 0.8651 0.0398
vn 0.2764 -0.1158 -0.9540
vn -0.8660 -0.4995 -0.0230
vn 0.3140 -0.9484 -0.0437
vn -0.5587 -0.0381 0.8285
vn -0.3139 -0.2239 0.9227
vn 0.2764 -0.2030 0.9394
vn 0.1136 -0.2414 0.9638
vn 0.9293 0.3689 0.0170
vn 0.1136 -0.1518 -0.9819
vn 0.8810 -0.2011 0.4283
vn 0.9815 -0.0088 0.1912
vn 0.7071 -0.0325 0.7064
vn 0.4886 0.7445 -0.4549
vn 0.1980 0.9681 -0.1536
vn -0.3536 0.8489 0.3930
vn 0.4747 -0.1992 0.8573
vn 0.6124 -0.4713 -0.6347
vn 0.3536 -0.8489 -0.3930
vn -0.2220 -0.9586 0.1781
vn -0.7071 0.0325 -0.7064
vn -0.3536 -0.8814 0.3134
vn -0.1914 0.0451 -0.9805
vn -0.4371 -0.1405 -0.8884
vn -0.8656 -0.1376 -0.4815
vn -0.7689 -0.1686 -0.6167
vn -0.3535 -0.8814 0.3134
vn -0.6571 0.3387 0.6734
vn 0.6083 -0.2319 0.7591
vn -0.4371 -0.2215 0.8717
vn -0.1914 -0.0451 0.9805
vn -0.7071 -0.0325 0.7064
vn 0.4886 0.6996 0.5214
vn 0.1980 0.9499 0.2419
vn -0.3536 0.8814 -0.3134
vn -0.8656 -0.1812 0.4668
vn 0.6124 -0.5276 0.5887
vn 0.3536 -0.8814 0.3134
vn -0.2220 -0.9382 -0.2654
vn 0.7071 0.0325 -0.7064
vn -0.3535 -0.8489 -0.3930
vn 0.9815 0.0088 -0.1912
vn -0.3536 -0.8489 -0.3930
vn 0.8810 -0.1609 -0.4449
vn 0.4747 -0.1196 -0.8720
vn 0.6083 -0.1612 -0.7772
vn -0.6571 0.3991 -0.6395
vn -0.7689 -0.2245 0.5986
vn -0.8810 -0.1609 -0.4449
vn -0.9815 0.0088 -0.1912
vn -0.4886 0.6996 0.5214
vn -0.1980 0.9499 0.2419
vn 0.3536 0.8814 -0.3134
vn -0.4747 -0.1196 -0.8720
vn -0.6124 -0.5276 0.5887
vn 0.2220 -0.9382 -0.2654
vn 0.1914 -0.0451 0.9805
vn 0.4371 -0.2215 0.8717
vn 0.8656 -0.1812 0.4668
vn 0.7689 -0.2245 0.5986
vn 0.3535 -0.8489 -0.3930
vn 0.6571 0.3991 -0.6395
vn -0.6083 -0.1612 -0.7772
vn 0.4371 -0.1405 -0.8884
vn 0.1914 0.0451 -0.9805
vn -0.4886 0.7445 -0.4549
vn -0.1980 0.9681 -0.1536
vn 0.3536 0.8489 0.3930
vn 0.8656 -0.1376 -0.4815
vn -0.6124 -0.4713 -0.6347
vn 0.2220 -0.9586 0.1781
vn 0.3535 -0.8814 0.3134
vn -0.9815 -0.0088 0.1912
vn -0.8810 -0.2011 0.4283
vn -0.4747 -0.1992 0.8573
vn -0.6083 -0.2319 0.7591
vn 0.6571 0.3387 0.6734
vn 0.7689 -0.1686 -0.6167
vt 0.718750 0.075000
vt 0.718750 0.094346
vt 0.718750 0.155654
vt 0.718750 0.175000
vt 0.218750 0.475000
vt 0.218750 0.458254
vt 0.218750 0.275000
vt 0.218750 0.382377
vt 0.218750 0.439557
vt 0.218750 0.359172
vt 0.218750 0.385967
vt 0.218750 0.414230
vt 0.218750 0.367820
vt 0.218750 0.421410
vt 0.218750 0.288397
vt 0.218750 0.312049
vt 0.218750 0.289177
vt 0.218750 0.321331
vt 0.218750 0.310613
vt 0.218750 0.299308
vt 0.218750 0.317872
vt 0.218750 0.296436
vt 0.218750 0.355000
vt 0.218750 0.349641
s 0
usemtl colormap
f 2049/25/1605 2050/26/1605 2052/25/1605
f 2049/25/1606 2051/25/1606 2050/26/1606
f 2052/25/1607 2054/26/1607 2053/25/1607
f 2054/26/1605 2052/25/1605 2050/26/1605
f 2055/26/1607 2053/25/1607 2054/26/1607
f 2054/26/1608 2056/27/1608 2055/26/1608
f 2054/26/1609 2050/26/1609 2056/27/1609
f 2056/27/1610 2057/28/1610 2059/27/1610
f 2056/27/1611 2058/27/1611 2057/28/1611
f 2058/27/1609 2056/27/1609 2050/26/1609
f 2059/27/1608 2055/26/1608 2056/27/1608
f 2060/27/1612 2062/26/1612 2059/27/1612
f 2059/27/1613 2061/28/1613 2060/27/1613
f 2061/28/1610 2059/27/1610 2057/28/1610
f 2055/26/1612 2059/27/1612 2062/26/1612
f 2062/26/1614 2063/25/1614 2055/26/1614
f 2062/26/1615 2064/26/1615 2063/25/1615
f 2064/26/1616 2062/26/1616 2065/27/1616
f 2060/27/1616 2065/27/1616 2062/26/1616
f 2066/28/1617 2065/27/1617 2069/28/1617
f 2066/28/1618 2067/28/1618 2065/27/1618
f 2068/27/1618 2065/27/1618 2067/28/1618
f 2065/27/1619 2068/27/1619 2064/26/1619
f 2060/27/1617 2069/28/1617 2065/27/1617
f 2069/28/1613 2060/27/1613 2061/28/1613
f 2068/27/1620 2067/28/1620 2070/27/1620
f 2070/27/1621 2072/26/1621 2068/27/1621
f 2071/26/1619 2064/26/1619 2068/27/1619
f 2071/26/1621 2068/27/1621 2072/26/1621
f 2072/26/1622 2073/25/1622 2071/26/1622
f 2073/25/1623 2072/26/1623 2051/25/1623
f 2074/26/1623 2051/25/1623 2072/26/1623
f 2072/26/1624 2070/27/1624 2074/26/1624
f 2074/26/1606 2050/26/1606 2051/25/1606
f 2050/26/1625 2074/26/1625 2058/27/1625
f 2075/27/1624 2074/26/1624 2070/27/1624
f 2075/27/1625 2058/27/1625 2074/26/1625
f 2070/27/1626 2076/28/1626 2075/27/1626
f 2077/28/1626 2075/27/1626 2076/28/1626
f 2077/28/1627 2078/28/1627 2075/27/1627
f 2058/27/1627 2075/27/1627 2078/28/1627
f 2078/28/1611 2057/28/1611 2058/27/1611
f 2076/28/1620 2070/27/1620 2067/28/1620
f 2079/25/1622 2071/26/1622 2073/25/1622
f 2079/25/1628 2080/25/1628 2071/26/1628
f 2080/25/1615 2063/25/1615 2064/26/1615
f 2064/26/1628 2071/26/1628 2080/25/1628
f 2053/25/1614 2055/26/1614 2063/25/1614
f 2081/25/1629 2082/26/1629 2084/25/1629
f 2081/25/1630 2083/25/1630 2082/26/1630
f 2084/25/1631 2086/26/1631 2085/25/1631
f 2086/26/1629 2084/25/1629 2082/26/1629
f 2087/26/1631 2085/25/1631 2086/26/1631
f 2086/26/1632 2088/27/1632 2087/26/1632
f 2086/26/1633 2082/26/1633 2088/27/1633
f 2088/27/1634 2089/28/1634 2091/27/1634
f 2088/27/1635 2090/27/1635 2089/28/1635
f 2090/27/1633 2088/27/1633 2082/26/1633
f 2091/27/1632 2087/26/1632 2088/27/1632
f 2092/27/1636 2094/26/1636 2091/27/1636
f 2091/27/1637 2093/28/1637 2092/27/1637
f 2093/28/1634 2091/27/1634 2089/28/1634
f 2087/26/1636 2091/27/1636 2094/26/1636
f 2094/26/1638 2095/25/1638 2087/26/1638
f 2094/26/1639 2096/26/1639 2095/25/1639
f 2096/26/1640 2094/26/1640 2097/27/1640
f 2092/27/1640 2097/27/1640 2094/26/1640
f 2098/28/1641 2097/27/1641 2101/28/1641
f 2098/28/1642 2099/28/1642 2097/27/1642
f 2100/27/1642 2097/27/1642 2099/28/1642
f 2097/27/1643 2100/27/1643 2096/26/1643
f 2092/27/1641 2101/28/1641 2097/27/1641
f 2101/28/1637 2092/27/1637 2093/28/1637
f 2100/27/1644 2099/28/1644 2102/27/1644
f 2102/27/1645 2104/26/1645 2100/27/1645
f 2103/26/1643 2096/26/1643 2100/27/1643
f 2103/26/1645 2100/27/1645 2104/26/1645
f 2104/26/1646 2105/25/1646 2103/26/1646
f 2105/25/1647 2104/26/1647 2083/25/1647
f 2106/26/1647 2083/25/1647 2104/26/1647
f 2104/26/1648 2102/27/1648 2106/26/1648
f 2106/26/1630 2082/26/1630 2083/25/1630
f 2082/26/1649 2106/26/1649 2090/27/1649
f 2107/27/1648 2106/26/1648 2102/27/1648
f 2107/27/1649 2090/27/1649 2106/26/1649
f 2102/27/1650 2108/28/1650 2107/27/1650
f 2109/28/1650 2107/27/1650 2108/28/1650
f 2109/28/1651 2110/28/1651 2107/27/1651
f 2090/27/1651 2107/27/1651 2110/28/1651
f 2110/28/1635 2089/28/1635 2090/27/1635
f 2108/28/1644 2102/27/1644 2099/28/1644
f 2111/25/1646 2103/26/1646 2105/25/1646
f 2111/25/1652 2112/25/1652 2103/26/1652
f 2112/25/1639 2095/25/1639 2096/26/1639
f 2096/26/1652 2103/26/1652 2112/25/1652
f 2085/25/1638 2087/26/1638 2095/25/1638
f 2113/25/1653 2114/26/1653 2116/25/1653
f 2113/25/1654 2115/25/1654 2114/26/1654
f 2116/25/1655 2118/26/1655 2117/25/1655
f 2118/26/1653 2116/25/1653 2114/26/1653
f 2119/26/1655 2117/25/1655 2118/26/1655
f 2118/26/1656 2120/27/1656 2119/26/1656
f 2118/26/1657 2114/26/1657 2120/27/1657
f 2120/27/1658 2121/28/1658 2123/27/1658
f 2120/27/1659 2122/27/1659 2121/28/1659
f 2122/27/1657 2120/27/1657 2114/26/1657
f 2123/27/1656 2119/26/1656 2120/27/1656
f 2124/27/1660 2126/26/1660 2123/27/1660
f 2123/27/1661 2125/28/1661 2124/27/1661
f 2125/28/1658 2123/27/1658 2121/28/1658
f 2119/26/1660 2123/27/1660 2126/26/1660
f 2126/26/1662 2127/25/1662 2119/26/1662
f 2126/26/1663 2128/26/1663 2127/25/1663
f 2128/26/1664 2126/26/1664 2129/27/1664
f 2124/27/1664 2129/27/1664 2126/26/1664
f 2130/28/1665 2129/27/1665 2133/28/1665
f 2130/28/1666 2131/28/1666 2129/27/1666
f 2132/27/1666 2129/27/1666 2131/28/1666
f 2129/27/1667 2132/27/1667 2128/26/1667
f 2124/27/1665 2133/28/1665 2129/27/1665
f 2133/28/1661 2124/27/1661 2125/28/1661
f 2132/27/1668 2131/28/1668 2134/27/1668
f 2134/27/1669 2136/26/1669 2132/27/1669
f 2135/26/1667 2128/26/1667 2132/27/1667
f 2135/26/1669 2132/27/1669 2136/26/1669
f 2136/26/1670 2137/25/1670 2135/26/1670
f 2137/25/1671 2136/26/1671 2115/25/1671
f 2138/26/1671 2115/25/1671 2136/26/1671
f 2136/26/1672 2134/27/1672 2138/26/1672
f 2138/26/1654 2114/26/1654 2115/25/1654
f 2114/26/1673 2138/26/1673 2122/27/1673
f 2139/27/1672 2138/26/1672 2134/27/1672
f 2139/27/1673 2122/27/1673 2138/26/1673
f 2134/27/1674 2140/28/1674 2139/27/1674
f 2141/28/1674 2139/27/1674 2140/28/1674
f 2141/28/1675 2142/28/1675 2139/27/1675
f 2122/27/1675 2139/27/1675 2142/28/1675
f 2142/28/1659 2121/28/1659 2122/27/1659
f 2140/28/1668 2134/27/1668 2131/28/1668
f 2143/25/1670 2135/26/1670 2137/25/1670
f 2143/25/1676 2144/25/1676 2135/26/1676
f 2144/25/1663 2127/25/1663 2128/26/1663
f 2128/26/1676 2135/26/1676 2144/25/1676
f 2117/25/1662 2119/26/1662 2127/25/1662
f 2145/25/1677 2146/26/1677 2148/25/1677
f 2145/25/1678 2147/25/1678 2146/26/1678
f 2148/25/1679 2150/26/1679 2149/25/1679
f 2150/26/1677 2148/25/1677 2146/26/1677
f 2151/26/1679 2149/25/1679 2150/26/1679
f 2150/26/1680 2152/27/1680 2151/26/1680
f 2150/26/1681 2146/26/1681 2152/27/1681
f 2152/27/1682 2153/28/1682 2155/27/1682
f 2152/27/1683 2154/27/1683 2153/28/1683
f 2154/27/1681 2152/27/1681 2146/26/1681
f 2155/27/1680 2151/26/1680 2152/27/1680
f 2156/27/1684 2158/26/1684 2155/27/1684
f 2155/27/1685 2157/28/1685 2156/27/1685
f 2157/28/1682 2155/27/1682 2153/28/1682
f 2151/26/1684 2155/27/1684 2158/26/1684
f 2158/26/1686 2159/25/1686 2151/26/1686
f 2158/26/1687 2160/26/1687 2159/25/1687
f 2160/26/1688 2158/26/1688 2161/27/1688
f 2156/27/1688 2161/27/1688 2158/26/1688
f 2162/28/1689 2161/27/1689 2165/28/1689
f 2162/28/1690 2163/28/1690 2161/27/1690
f 2164/27/1690 2161/27/1690 2163/28/1690
f 2161/27/1691 2164/27/1691 2160/26/1691
f 2156/27/1689 2165/28/1689 2161/27/1689
f 2165/28/1685 2156/27/1685 2157/28/1685
f 2164/27/1692 2163/28/1692 2166/27/1692
f 2166/27/1693 2168/26/1693 2164/27/1693
f 2167/26/1691 2160/26/1691 2164/27/1691
f 2167/26/1693 2164/27/1693 2168/26/1693
f 2168/26/1694 2169/25/1694 2167/26/1694
f 2169/25/1695 2168/26/1695 2147/25/1695
f 2170/26/1695 2147/25/1695 2168/26/1695
f 2168/26/1696 2166/27/1696 2170/26/1696
f 2170/26/1678 2146/26/1678 2147/25/1678
f 2146/26/1697 2170/26/1697 2154/27/1697
f 2171/27/1696 2170/26/1696 2166/27/1696
f 2171/27/1697 2154/27/1697 2170/26/1697
f 2166/27/1698 2172/28/1698 2171/27/1698
f 2173/28/1698 2171/27/1698 2172/28/1698
f 2173/28/1699 2174/28/1699 2171/27/1699
f 2154/27/1699 2171/27/1699 2174/28/1699
f 2174/28/1683 2153/28/1683 2154/27/1683
f 2172/28/1692 2166/27/1692 2163/28/1692
f 2175/25/1694 2167/26/1694 2169/25/1694
f 2175/25/1700 2176/25/1700 2167/26/1700
f 2176/25/1687 2159/25/1687 2160/26/1687
f 2160/26/1700 2167/26/1700 2176/25/1700
f 2149/25/1686 2151/26/1686 2159/25/1686
f 2177/25/1701 2178/26/1701 2180/25/1701
f 2177/25/1702 2179/25/1702 2178/26/1702
f 2180/25/1703 2182/26/1703 2181/25/1703
f 2182/26/1701 2180/25/1701 2178/26/1701
f 2183/26/1703 2181/25/1703 2182/26/1703
f 2182/26/1704 2184/27/1704 2183/26/1704
f 2182/26/1705 2178/26/1705 2184/27/1705
f 2184/27/1706 2185/28/1706 2187/27/1706
f 2184/27/1707 2186/27/1707 2185/28/1707
f 2186/27/1705 2184/27/1705 2178/26/1705
f 2187/27/1704 2183/26/1704 2184/27/1704
f 2188/27/1708 2190/26/1708 2187/27/1708
f 2187/27/1709 2189/28/1709 2188/27/1709
f 2189/28/1706 2187/27/1706 2185/28/1706
f 2183/26/1708 2187/27/1708 2190/26/1708
f 2190/26/1710 2191/25/1710 2183/26/1710
f 2190/26/1711 2192/26/1711 2191/25/1711
f 2192/26/1712 2190/26/1712 2193/27/1712
f 2188/27/1712 2193/27/1712 2190/26/1712
f 2194/28/1713 2193/27/1713 2197/28/1713
f 2194/28/1714 2195/28/1714 2193/27/1714
f 2196/27/1714 2193/27/1714 2195/28/1714
f 2193/27/1715 2196/27/1715 2192/26/1715
f 2188/27/1713 2197/28/1713 2193/27/1713
f 2197/28/1709 2188/27/1709 2189/28/1709
f 2196/27/1716 2195/28/1716 2198/27/1716
f 2198/27/1717 2200/26/1717 2196/27/1717
f 2199/26/1715 2192/26/1715 2196/27/1715
f 2199/26/1717 2196/27/1717 2200/26/1717
f 2200/26/1718 2201/25/1718 2199/26/1718
f 2201/25/1719 2200/26/1719 2179/25/1719
f 2202/26/1719 2179/25/1719 2200/26/1719
f 2200/26/1720 2198/27/1720 2202/26/1720
f 2202/26/1702 2178/26/1702 2179/25/1702
f 2178/26/1721 2202/26/1721 2186/27/1721
f 2203/27/1720 2202/26/1720 2198/27/1720
f 2203/27/1721 2186/27/1721 2202/26/1721
f 2198/27/1722 2204/28/1722 2203/27/1722
f 2205/28/1722 2203/27/1722 2204/28/1722
f 2205/28/1723 2206/28/1723 2203/27/1723
f 2186/27/1723 2203/27/1723 2206/28/1723
f 2206/28/1707 2185/28/1707 2186/27/1707
f 2204/28/1716 2198/27/1716 2195/28/1716
f 2207/25/1718 2199/26/1718 2201/25/1718
f 2207/25/1724 2208/25/1724 2199/26/1724
f 2208/25/1711 2191/25/1711 2192/26/1711
f 2192/26/1724 2199/26/1724 2208/25/1724
f 2181/25/1710 2183/26/1710 2191/25/1710
f 2209/25/1725 2210/26/1725 2212/25/1725
f 2209/25/1726 2211/25/1726 2210/26/1726
f 2212/25/1727 2214/26/1727 2213/25/1727
f 2214/26/1725 2212/25/1725 2210/26/1725
f 2215/26/1727 2213/25/1727 2214/26/1727
f 2214/26/1728 2216/27/1728 2215/26/1728
f 2214/26/1729 2210/26/1729 2216/27/1729
f 2216/27/1730 2217/28/1730 2219/27/1730
f 2216/27/1731 2218/27/1731 2217/28/1731
f 2218/27/1729 2216/27/1729 2210/26/1729
f 2219/27/1728 2215/26/1728 2216/27/1728
f 2220/27/1732 2222/26/1732 2219/27/1732
f 2219/27/1733 2221/28/1733 2220/27/1733
f 2221/28/1730 2219/27/1730 2217/28/1730
f 2215/26/1732 2219/27/1732 2222/26/1732
f 2222/26/1734 2223/25/1734 2215/26/1734
f 2222/26/1735 2224/26/1735 2223/25/1735
f 2224/26/1736 2222/26/1736 2225/27/1736
f 2220/27/1736 2225/27/1736 2222/26/1736
f 2226/28/1737 2225/27/1737 2229/28/1737
f 2226/28/1738 2227/28/1738 2225/27/1738
f 2228/27/1738 2225/27/1738 2227/28/1738
f 2225/27/1739 2228/27/1739 2224/26/1739
f 2220/27/1737 2229/28/1737 2225/27/1737
f 2229/28/1733 2220/27/1733 2221/28/1733
f 2228/27/1740 2227/28/1740 2230/27/1740
f 2230/27/1741 2232/26/1741 2228/27/1741
f 2231/26/1739 2224/26/1739 2228/27/1739
f 2231/26/1741 2228/27/1741 2232/26/1741
f 2232/26/1742 2233/25/1742 2231/26/1742
f 2233/25/1743 2232/26/1743 2211/25/1743
f 2234/26/1743 2211/25/1743 2232/26/1743
f 2232/26/1744 2230/27/1744 2234/26/1744
f 2234/26/1726 2210/26/1726 2211/25/1726
f 2210/26/1745 2234/26/1745 2218/27/1745
f 2235/27/1744 2234/26/1744 2230/27/1744
f 2235/27/1745 2218/27/1745 2234/26/1745
f 2230/27/1746 2236/28/1746 2235/27/1746
f 2237/28/1746 2235/27/1746 2236/28/1746
f 2237/28/1747 2238/28/1747 2235/27/1747
f 2218/27/1747 2235/27/1747 2238/28/1747
f 2238/28/1731 2217/28/1731 2218/27/1731
f 2236/28/1740 2230/27/1740 2227/28/1740
f 2239/25/1742 2231/26/1742 2233/25/1742
f 2239/25/1748 2240/25/1748 2231/26/1748
f 2240/25/1735 2223/25/1735 2224/26/1735
f 2224/26/1748 2231/26/1748 2240/25/1748
f 2213/25/1734 2215/26/1734 2223/25/1734
f 2241/25/1749 2242/26/1749 2244/25/1749
f 2241/25/1750 2243/25/1750 2242/26/1750
f 2244/25/1751 2246/26/1751 2245/25/1751
f 2246/26/1749 2244/25/1749 2242/26/1749
f 2247/26/1751 2245/25/1751 2246/26/1751
f 2246/26/1752 2248/27/1752 2247/26/1752
f 2246/26/1753 2242/26/1753 2248/27/1753
f 2248/27/1754 2249/28/1754 2251/27/1754
f 2248/27/1755 2250/27/1755 2249/28/1755
f 2250/27/1753 2248/27/1753 2242/26/1753
f 2251/27/1752 2247/26/1752 2248/27/1752
f 2252/27/1756 2254/26/1756 2251/27/1756
f 2251/27/1757 2253/28/1757 2252/27/1757
f 2253/28/1754 2251/27/1754 2249/28/1754
f 2247/26/1756 2251/27/1756 2254/26/1756
f 2254/26/1758 2255/25/1758 2247/26/1758
f 2254/26/1759 2256/26/1759 2255/25/1759
f 2256/26/1760 2254/26/1760 2257/27/1760
f 2252/27/1760 2257/27/1760 2254/26/1760
f 2258/28/1761 2257/27/1761 2261/28/1761
f 2258/28/1762 2259/28/1762 2257/27/1762
f 2260/27/1762 2257/27/1762 2259/28/1762
f 2257/27/1763 2260/27/1763 2256/26/1763
f 2252/27/1761 2261/28/1761 2257/27/1761
f 2261/28/1757 2252/27/1757 2253/28/1757
f 2260/27/1764 2259/28/1764 2262/27/1764
f 2262/27/1765 2264/26/1765 2260/27/1765
f 2263/26/1763 2256/26/1763 2260/27/1763
f 2263/26/1765 2260/27/1765 2264/26/1765
f 2264/26/1766 2265/25/1766 2263/26/1766
f 2265/25/1767 2264/26/1767 2243/25/1767
f 2266/26/1767 2243/25/1767 2264/26/1767
f 2264/26/1768 2262/27/1768 2266/26/1768
f 2266/26/1750 2242/26/1750 2243/25/1750
f 2242/26/1769 2266/26/1769 2250/27/1769
f 2267/27/1768 2266/26/1768 2262/27/1768
f 2267/27/1769 2250/27/1769 2266/26/1769
f 2262/27/1770 2268/28/1770 2267/27/1770
f 2269/28/1770 2267/27/1770 2268/28/1770
f 2269/28/1771 2270/28/1771 2267/27/1771
f 2250/27/1771 2267/27/1771 2270/28/1771
f 2270/28/1755 2249/28/1755 2250/27/1755
f 2268/28/1764 2262/27/1764 2259/28/1764
f 2271/25/1766 2263/26/1766 2265/25/1766
f 2271/25/1772 2272/25/1772 2263/26/1772
f 2272/25/1759 2255/25/1759 2256/26/1759
f 2256/26/1772 2263/26/1772 2272/25/1772
f 2245/25/1758 2247/26/1758 2255/25/1758
f 2273/25/1773 2274/26/1773 2276/25/1773
f 2273/25/1774 2275/25/1774 2274/26/1774
f 2276/25/1775 2278/26/1775 2277/25/1775
f 2278/26/1776 2276/25/1776 2274/26/1776
f 2279/26/1775 2277/25/1775 2278/26/1775
f 2278/26/1777 2280/27/1777 2279/26/1777
f 2278/26/1778 2274/26/1778 2280/27/1778
f 2280/27/1779 2281/28/1779 2283/27/1779
f 2280/27/1780 2282/27/1780 2281/28/1780
f 2282/27/1778 2280/27/1778 2274/26/1778
f 2283/27/1777 2279/26/1777 2280/27/1777
f 2284/27/1781 2286/26/1781 2283/27/1781
f 2283/27/1782 2285/28/1782 2284/27/1782
f 2285/28/1779 2283/27/1779 2281/28/1779
f 2279/26/1781 2283/27/1781 2286/26/1781
f 2286/26/1783 2287/25/1783 2279/26/1783
f 2286/26/1784 2288/26/1784 2287/25/1784
f 2288/26/1785 2286/26/1785 2289/27/1785
f 2284/27/1785 2289/27/1785 2286/26/1785
f 2290/28/1786 2289/27/1786 2293/28/1786
f 2290/28/1787 2291/28/1787 2289/27/1787
f 2292/27/1788 2289/27/1788 2291/28/1788
f 2289/27/1789 2292/27/1789 2288/26/1789
f 2284/27/1790 2293/28/1790 2289/27/1790
f 2293/28/1782 2284/27/1782 2285/28/1782
f 2292/27/1791 2291/28/1791 2294/27/1791
f 2294/27/1792 2296/26/1792 2292/27/1792
f 2295/26/1789 2288/26/1789 2292/27/1789
f 2295/26/1792 2292/27/1792 2296/26/1792
f 2296/26/1793 2297/25/1793 2295/26/1793
f 2297/25/1794 2296/26/1794 2275/25/1794
f 2298/26/1794 2275/25/1794 2296/26/1794
f 2296/26/1795 2294/27/1795 2298/26/1795
f 2298/26/1796 2274/26/1796 2275/25/1796
f 2274/26/1797 2298/26/1797 2282/27/1797
f 2299/27/1795 2298/26/1795 2294/27/1795
f 2299/27/1797 2282/27/1797 2298/26/1797
f 2294/27/1798 2300/28/1798 2299/27/1798
f 2301/28/1798 2299/27/1798 2300/28/1798
f 2301/28/1799 2302/28/1799 2299/27/1799
f 2282/27/1799 2299/27/1799 2302/28/1799
f 2302/28/1780 2281/28/1780 2282/27/1780
f 2300/28/1791 2294/27/1791 2291/28/1791
f 2303/25/1793 2295/26/1793 2297/25/1793
f 2303/25/1800 2304/25/1800 2295/26/1800
f 2304/25/1784 2287/25/1784 2288/26/1784
f 2288/26/1800 2295/26/1800 2304/25/1800
f 2277/25/1783 2279/26/1783 2287/25/1783
f 2305/25/1801 2306/26/1801 2308/25/1801
f 2305/25/1802 2307/25/1802 2306/26/1802
f 2308/25/1803 2310/26/1803 2309/25/1803
f 2310/26/1801 2308/25/1801 2306/26/1801
f 2311/26/1803 2309/25/1803 2310/26/1803
f 2310/26/1804 2312/27/1804 2311/26/1804
f 2310/26/1805 2306/26/1805 2312/27/1805
f 2312/27/1806 2313/28/1806 2315/27/1806
f 2312/27/1807 2314/27/1807 2313/28/1807
f 2314/27/1805 2312/27/1805 2306/26/1805
f 2315/27/1804 2311/26/1804 2312/27/1804
f 2316/27/1808 2318/26/1808 2315/27/1808
f 2315/27/1809 2317/28/1809 2316/27/1809
f 2317/28/1806 2315/27/1806 2313/28/1806
f 2311/26/1808 2315/27/1808 2318/26/1808
f 2318/26/1810 2319/25/1810 2311/26/1810
f 2318/26/1811 2320/26/1811 2319/25/1811
f 2320/26/1812 2318/26/1812 2321/27/1812
f 2316/27/1812 2321/27/1812 2318/26/1812
f 2322/28/1813 2321/27/1813 2325/28/1813
f 2322/28/1814 2323/28/1814 2321/27/1814
f 2324/27/1814 2321/27/1814 2323/28/1814
f 2321/27/1815 2324/27/1815 2320/26/1815
f 2316/27/1813 2325/28/1813 2321/27/1813
f 2325/28/1809 2316/27/1809 2317/28/1809
f 2324/27/1816 2323/28/1816 2326/27/1816
f 2326/27/1817 2328/26/1817 2324/27/1817
f 2327/26/1815 2320/26/1815 2324/27/1815
f 2327/26/1817 2324/27/1817 2328/26/1817
f 2328/26/1818 2329/25/1818 2327/26/1818
f 2329/25/1819 2328/26/1819 2307/25/1819
f 2330/26/1819 2307/25/1819 2328/26/1819
f 2328/26/1820 2326/27/1820 2330/26/1820
f 2330/26/1802 2306/26/1802 2307/25/1802
f 2306/26/1821 2330/26/1821 2314/27/1821
f 2331/27/1820 2330/26/1820 2326/27/1820
f 2331/27/1821 2314/27/1821 2330/26/1821
f 2326/27/1822 2332/28/1822 2331/27/1822
f 2333/28/1822 2331/27/1822 2332/28/1822
f 2333/28/1823 2334/28/1823 2331/27/1823
f 2314/27/1823 2331/27/1823 2334/28/1823
f 2334/28/1807 2313/28/1807 2314/27/1807
f 2332/28/1816 2326/27/1816 2323/28/1816
f 2335/25/1818 2327/26/1818 2329/25/1818
f 2335/25/1824 2336/25/1824 2327/26/1824
f 2336/25/1811 2319/25/1811 2320/26/1811
f 2320/26/1824 2327/26/1824 2336/25/1824
f 2309/25/1810 2311/26/1810 2319/25/1810
f 2337/25/1825 2338/26/1825 2340/25/1825
f 2337/25/1826 2339/25/1826 2338/26/1826
f 2340/25/1827 2342/26/1827 2341/25/1827
f 2342/26/1825 2340/25/1825 2338/26/1825
f 2343/26/1828 2341/25/1828 2342/26/1828
f 2342/26/1829 2344/27/1829 2343/26/1829
f 2342/26/1830 2338/26/1830 2344/27/1830
f 2344/27/1831 2345/28/1831 2347/27/1831
f 2344/27/1832 2346/27/1832 2345/28/1832
f 2346/27/1830 2344/27/1830 2338/26/1830
f 2347/27/1829 2343/26/1829 2344/27/1829
f 2348/27/1833 2350/26/1833 2347/27/1833
f 2347/27/1834 2349/28/1834 2348/27/1834
f 2349/28/1831 2347/27/1831 2345/28/1831
f 2343/26/1833 2347/27/1833 2350/26/1833
f 2350/26/1835 2351/25/1835 2343/26/1835
f 2350/26/1836 2352/26/1836 2351/25/1836
f 2352/26/1837 2350/26/1837 2353/27/1837
f 2348/27/1837 2353/27/1837 2350/26/1837
f 2354/28/1838 2353/27/1838 2357/28/1838
f 2354/28/1839 2355/28/1839 2353/27/1839
f 2356/27/1839 2353/27/1839 2355/28/1839
f 2353/27/1840 2356/27/1840 2352/26/1840
f 2348/27/1838 2357/28/1838 2353/27/1838
f 2357/28/1841 2348/27/1841 2349/28/1841
f 2356/27/1842 2355/28/1842 2358/27/1842
f 2358/27/1843 2360/26/1843 2356/27/1843
f 2359/26/1840 2352/26/1840 2356/27/1840
f 2359/26/1843 2356/27/1843 2360/26/1843
f 2360/26/1844 2361/25/1844 2359/26/1844
f 2361/25/1845 2360/26/1845 2339/25/1845
f 2362/26/1846 2339/25/1846 2360/26/1846
f 2360/26/1847 2358/27/1847 2362/26/1847
f 2362/26/1826 2338/26/1826 2339/25/1826
f 2338/26/1848 2362/26/1848 2346/27/1848
f 2363/27/1847 2362/26/1847 2358/27/1847
f 2363/27/1848 2346/27/1848 2362/26/1848
f 2358/27/1849 2364/28/1849 2363/27/1849
f 2365/28/1849 2363/27/1849 2364/28/1849
f 2365/28/1850 2366/28/1850 2363/27/1850
f 2346/27/1850 2363/27/1850 2366/28/1850
f 2366/28/1832 2345/28/1832 2346/27/1832
f 2364/28/1851 2358/27/1851 2355/28/1851
f 2367/25/1844 2359/26/1844 2361/25/1844
f 2367/25/1852 2368/25/1852 2359/26/1852
f 2368/25/1836 2351/25/1836 2352/26/1836
f 2352/26/1852 2359/26/1852 2368/25/1852
f 2341/25/1835 2343/26/1835 2351/25/1835
f 2369/25/1853 2370/26/1853 2372/25/1853
f 2369/25/1854 2371/25/1854 2370/26/1854
f 2372/25/1855 2374/26/1855 2373/25/1855
f 2374/26/1853 2372/25/1853 2370/26/1853
f 2375/26/1855 2373/25/1855 2374/26/1855
f 2374/26/1856 2376/27/1856 2375/26/1856
f 2374/26/1857 2370/26/1857 2376/27/1857
f 2376/27/1858 2377/28/1858 2379/27/1858
f 2376/27/1859 2378/27/1859 2377/28/1859
f 2378/27/1857 2376/27/1857 2370/26/1857
f 2379/27/1856 2375/26/1856 2376/27/1856
f 2380/27/1860 2382/26/1860 2379/27/1860
f 2379/27/1861 2381/28/1861 2380/27/1861
f 2381/28/1858 2379/27/1858 2377/28/1858
f 2375/26/1860 2379/27/1860 2382/26/1860
f 2382/26/1862 2383/25/1862 2375/26/1862
f 2382/26/1863 2384/26/1863 2383/25/1863
f 2384/26/1864 2382/26/1864 2385/27/1864
f 2380/27/1864 2385/27/1864 2382/26/1864
f 2386/28/1865 2385/27/1865 2389/28/1865
f 2386/28/1866 2387/28/1866 2385/27/1866
f 2388/27/1866 2385/27/1866 2387/28/1866
f 2385/27/1867 2388/27/1867 2384/26/1867
f 2380/27/1865 2389/28/1865 2385/27/1865
f 2389/28/1861 2380/27/1861 2381/28/1861
f 2388/27/1868 2387/28/1868 2390/27/1868
f 2390/27/1869 2392/26/1869 2388/27/1869
f 2391/26/1867 2384/26/1867 2388/27/1867
f 2391/26/1869 2388/27/1869 2392/26/1869
f 2392/26/1870 2393/25/1870 2391/26/1870
f 2393/25/1871 2392/26/1871 2371/25/1871
f 2394/26/1871 2371/25/1871 2392/26/1871
f 2392/26/1872 2390/27/1872 2394/26/1872
f 2394/26/1854 2370/26/1854 2371/25/1854
f 2370/26/1873 2394/26/1873 2378/27/1873
f 2395/27/1872 2394/26/1872 2390/27/1872
f 2395/27/1873 2378/27/1873 2394/26/1873
f 2390/27/1874 2396/28/1874 2395/27/1874
f 2397/28/1874 2395/27/1874 2396/28/1874
f 2397/28/1875 2398/28/1875 2395/27/1875
f 2378/27/1875 2395/27/1875 2398/28/1875
f 2398/28/1859 2377/28/1859 2378/27/1859
f 2396/28/1868 2390/27/1868 2387/28/1868
f 2399/25/1870 2391/26/1870 2393/25/1870
f 2399/25/1876 2400/25/1876 2391/26/1876
f 2400/25/1863 2383/25/1863 2384/26/1863
f 2384/26/1876 2391/26/1876 2400/25/1876
f 2373/25/1862 2375/26/1862 2383/25/1862
f 2401/25/1877 2402/26/1877 2404/25/1877
f 2401/25/1878 2403/25/1878 2402/26/1878
f 2404/25/1879 2406/26/1879 2405/25/1879
f 2406/26/1877 2404/25/1877 2402/26/1877
f 2407/26/1879 2405/25/1879 2406/26/1879
f 2406/26/1880 2408/27/1880 2407/26/1880
f 2406/26/1881 2402/26/1881 2408/27/1881
f 2408/27/1882 2409/28/1882 2411/27/1882
f 2408/27/1883 2410/27/1883 2409/28/1883
f 2410/27/1881 2408/27/1881 2402/26/1881
f 2411/27/1880 2407/26/1880 2408/27/1880
f 2412/27/1884 2414/26/1884 2411/27/1884
f 2411/27/1885 2413/28/1885 2412/27/1885
f 2413/28/1882 2411/27/1882 2409/28/1882
f 2407/26/1884 2411/27/1884 2414/26/1884
f 2414/26/1886 2415/25/1886 2407/26/1886
f 2414/26/1887 2416/26/1887 2415/25/1887
f 2416/26/1888 2414/26/1888 2417/27/1888
f 2412/27/1888 2417/27/1888 2414/26/1888
f 2418/28/1889 2417/27/1889 2421/28/1889
f 2418/28/1890 2419/28/1890 2417/27/1890
f 2420/27/1890 2417/27/1890 2419/28/1890
f 2417/27/1891 2420/27/1891 2416/26/1891
f 2412/27/1889 2421/28/1889 2417/27/1889
f 2421/28/1885 2412/27/1885 2413/28/1885
f 2420/27/1892 2419/28/1892 2422/27/1892
f 2422/27/1893 2424/26/1893 2420/27/1893
f 2423/26/1891 2416/26/1891 2420/27/1891
f 2423/26/1893 2420/27/1893 2424/26/1893
f 2424/26/1894 2425/25/1894 2423/26/1894
f 2425/25/1895 2424/26/1895 2403/25/1895
f 2426/26/1895 2403/25/1895 2424/26/1895
f 2424/26/1896 2422/27/1896 2426/26/1896
f 2426/26/1878 2402/26/1878 2403/25/1878
f 2402/26/1897 2426/26/1897 2410/27/1897
f 2427/27/1896 2426/26/1896 2422/27/1896
f 2427/27/1897 2410/27/1897 2426/26/1897
f 2422/27/1898 2428/28/1898 2427/27/1898
f 2429/28/1898 2427/27/1898 2428/28/1898
f 2429/28/1899 2430/28/1899 2427/27/1899
f 2410/27/1899 2427/27/1899 2430/28/1899
f 2430/28/1883 2409/28/1883 2410/27/1883
f 2428/28/1892 2422/27/1892 2419/28/1892
f 2431/25/1894 2423/26/1894 2425/25/1894
f 2431/25/1900 2432/25/1900 2423/26/1900
f 2432/25/1887 2415/25/1887 2416/26/1887
f 2416/26/1900 2423/26/1900 2432/25/1900
f 2405/25/1886 2407/26/1886 2415/25/1886
f 2433/25/1901 2434/26/1901 2436/25/1901
f 2433/25/1902 2435/25/1902 2434/26/1902
f 2436/25/1903 2438/26/1903 2437/25/1903
f 2438/26/1901 2436/25/1901 2434/26/1901
f 2439/26/1903 2437/25/1903 2438/26/1903
f 2438/26/1904 2440/27/1904 2439/26/1904
f 2438/26/1905 2434/26/1905 2440/27/1905
f 2440/27/1906 2441/28/1906 2443/27/1906
f 2440/27/1907 2442/27/1907 2441/28/1907
f 2442/27/1905 2440/27/1905 2434/26/1905
f 2443/27/1904 2439/26/1904 2440/27/1904
f 2444/27/1908 2446/26/1908 2443/27/1908
f 2443/27/1909 2445/28/1909 2444/27/1909
f 2445/28/1906 2443/27/1906 2441/28/1906
f 2439/26/1908 2443/27/1908 2446/26/1908
f 2446/26/1910 2447/25/1910 2439/26/1910
f 2446/26/1911 2448/26/1911 2447/25/1911
f 2448/26/1912 2446/26/1912 2449/27/1912
f 2444/27/1912 2449/27/1912 2446/26/1912
f 2450/28/1913 2449/27/1913 2453/28/1913
f 2450/28/1914 2451/28/1914 2449/27/1914
f 2452/27/1914 2449/27/1914 2451/28/1914
f 2449/27/1915 2452/27/1915 2448/26/1915
f 2444/27/1913 2453/28/1913 2449/27/1913
f 2453/28/1909 2444/27/1909 2445/28/1909
f 2452/27/1916 2451/28/1916 2454/27/1916
f 2454/27/1917 2456/26/1917 2452/27/1917
f 2455/26/1915 2448/26/1915 2452/27/1915
f 2455/26/1917 2452/27/1917 2456/26/1917
f 2456/26/1918 2457/25/1918 2455/26/1918
f 2457/25/1919 2456/26/1919 2435/25/1919
f 2458/26/1919 2435/25/1919 2456/26/1919
f 2456/26/1920 2454/27/1920 2458/26/1920
f 2458/26/1902 2434/26/1902 2435/25/1902
f 2434/26/1921 2458/26/1921 2442/27/1921
f 2459/27/1920 2458/26/1920 2454/27/1920
f 2459/27/1921 2442/27/1921 2458/26/1921
f 2454/27/1922 2460/28/1922 2459/27/1922
f 2461/28/1922 2459/27/1922 2460/28/1922
f 2461/28/1923 2462/28/1923 2459/27/1923
f 2442/27/1923 2459/27/1923 2462/28/1923
f 2462/28/1907 2441/28/1907 2442/27/1907
f 2460/28/1916 2454/27/1916 2451/28/1916
f 2463/25/1918 2455/26/1918 2457/25/1918
f 2463/25/1924 2464/25/1924 2455/26/1924
f 2464/25/1911 2447/25/1911 2448/26/1911
f 2448/26/1924 2455/26/1924 2464/25/1924
f 2437/25/1910 2439/26/1910 2447/25/1910
f 2465/25/1925 2466/26/1925 2468/25/1925
f 2465/25/1926 2467/25/1926 2466/26/1926
f 2468/25/1927 2470/26/1927 2469/25/1927
f 2470/26/1925 2468/25/1925 2466/26/1925
f 2471/26/1927 2469/25/1927 2470/26/1927
f 2470/26/1928 2472/27/1928 2471/26/1928
f 2470/26/1929 2466/26/1929 2472/27/1929
f 2472/27/1930 2473/28/1930 2475/27/1930
f 2472/27/1931 2474/27/1931 2473/28/1931
f 2474/27/1929 2472/27/1929 2466/26/1929
f 2475/27/1928 2471/26/1928 2472/27/1928
f 2476/27/1932 2478/26/1932 2475/27/1932
f 2475/27/1933 2477/28/1933 2476/27/1933
f 2477/28/1930 2475/27/1930 2473/28/1930
f 2471/26/1932 2475/27/1932 2478/26/1932
f 2478/26/1934 2479/25/1934 2471/26/1934
f 2478/26/1935 2480/26/1935 2479/25/1935
f 2480/26/1936 2478/26/1936 2481/27/1936
f 2476/27/1936 2481/27/1936 2478/26/1936
f 2482/28/1937 2481/27/1937 2485/28/1937
f 2482/28/1938 2483/28/1938 2481/27/1938
f 2484/27/1938 2481/27/1938 2483/28/1938
f 2481/27/1939 2484/27/1939 2480/26/1939
f 2476/27/1937 2485/28/1937 2481/27/1937
f 2485/28/1933 2476/27/1933 2477/28/1933
f 2484/27/1940 2483/28/1940 2486/27/1940
f 2486/27/1941 2488/26/1941 2484/27/1941
f 2487/26/1939 2480/26/1939 2484/27/1939
f 2487/26/1941 2484/27/1941 2488/26/1941
f 2488/26/1942 2489/25/1942 2487/26/1942
f 2489/25/1943 2488/26/1943 2467/25/1943
f 2490/26/1943 2467/25/1943 2488/26/1943
f 2488/26/1944 2486/27/1944 2490/26/1944
f 2490/26/1926 2466/26/1926 2467/25/1926
f 2466/26/1945 2490/26/1945 2474/27/1945
f 2491/27/1944 2490/26/1944 2486/27/1944
f 2491/27/1945 2474/27/1945 2490/26/1945
f 2486/27/1946 2492/28/1946 2491/27/1946
f 2493/28/1946 2491/27/1946 2492/28/1946
f 2493/28/1947 2494/28/1947 2491/27/1947
f 2474/27/1947 2491/27/1947 2494/28/1947
f 2494/28/1931 2473/28/1931 2474/27/1931
f 2492/28/1940 2486/27/1940 2483/28/1940
f 2495/25/1942 2487/26/1942 2489/25/1942
f 2495/25/1948 2496/25/1948 2487/26/1948
f 2496/25/1935 2479/25/1935 2480/26/1935
f 2480/26/1948 2487/26/1948 2496/25/1948
f 2469/25/1934 2471/26/1934 2479/25/1934
f 2497/25/1949 2498/26/1949 2500/25/1949
f 2497/25/1950 2499/25/1950 2498/26/1950
f 2500/25/1951 2502/26/1951 2501/25/1951
f 2502/26/1949 2500/25/1949 2498/26/1949
f 2503/26/1951 2501/25/1951 2502/26/1951
f 2502/26/1952 2504/27/1952 2503/26/1952
f 2502/26/1953 2498/26/1953 2504/27/1953
f 2504/27/1954 2505/28/1954 2507/27/1954
f 2504/27/1955 2506/27/1955 2505/28/1955
f 2506/27/1953 2504/27/1953 2498/26/1953
f 2507/27/1952 2503/26/1952 2504/27/1952
f 2508/27/1956 2510/26/1956 2507/27/1956
f 2507/27/1957 2509/28/1957 2508/27/1957
f 2509/28/1954 2507/27/1954 2505/28/1954
f 2503/26/1956 2507/27/1956 2510/26/1956
f 2510/26/1958 2511/25/1958 2503/26/1958
f 2510/26/1959 2512/26/1959 2511/25/1959
f 2512/26/1960 2510/26/1960 2513/27/1960
f 2508/27/1960 2513/27/1960 2510/26/1960
f 2514/28/1961 2513/27/1961 2517/28/1961
f 2514/28/1962 2515/28/1962 2513/27/1962
f 2516/27/1962 2513/27/1962 2515/28/1962
f 2513/27/1963 2516/27/1963 2512/26/1963
f 2508/27/1961 2517/28/1961 2513/27/1961
f 2517/28/1957 2508/27/1957 2509/28/1957
f 2516/27/1964 2515/28/1964 2518/27/1964
f 2518/27/1965 2520/26/1965 2516/27/1965
f 2519/26/1963 2512/26/1963 2516/27/1963
f 2519/26/1965 2516/27/1965 2520/26/1965
f 2520/26/1966 2521/25/1966 2519/26/1966
f 2521/25/1967 2520/26/1967 2499/25/1967
f 2522/26/1967 2499/25/1967 2520/26/1967
f 2520/26/1968 2518/27/1968 2522/26/1968
f 2522/26/1950 2498/26/1950 2499/25/1950
f 2498/26/1969 2522/26/1969 2506/27/1969
f 2523/27/1968 2522/26/1968 2518/27/1968
f 2523/27/1969 2506/27/1969 2522/26/1969
f 2518/27/1970 2524/28/1970 2523/27/1970
f 2525/28/1970 2523/27/1970 2524/28/1970
f 2525/28/1971 2526/28/1971 2523/27/1971
f 2506/27/1971 2523/27/1971 2526/28/1971
f 2526/28/1955 2505/28/1955 2506/27/1955
f 2524/28/1964 2518/27/1964 2515/28/1964
f 2527/25/1966 2519/26/1966 2521/25/1966
f 2527/25/1972 2528/25/1972 2519/26/1972
f 2528/25/1959 2511/25/1959 2512/26/1959
f 2512/26/1972 2519/26/1972 2528/25/1972
f 2501/25/1958 2503/26/1958 2511/25/1958
f 2529/25/1973 2530/26/1973 2532/25/1973
f 2529/25/1974 2531/25/1974 2530/26/1974
f 2532/25/1975 2534/26/1975 2533/25/1975
f 2534/26/1973 2532/25/1973 2530/26/1973
f 2535/26/1975 2533/25/1975 2534/26/1975
f 2534/26/1976 2536/27/1976 2535/26/1976
f 2534/26/1977 2530/26/1977 2536/27/1977
f 2536/27/1978 2537/28/1978 2539/27/1978
f 2536/27/1979 2538/27/1979 2537/28/1979
f 2538/27/1977 2536/27/1977 2530/26/1977
f 2539/27/1976 2535/26/1976 2536/27/1976
f 2540/27/1980 2542/26/1980 2539/27/1980
f 2539/27/1981 2541/28/1981 2540/27/1981
f 2541/28/1978 2539/27/1978 2537/28/1978
f 2535/26/1980 2539/27/1980 2542/26/1980
f 2542/26/1982 2543/25/1982 2535/26/1982
f 2542/26/1983 2544/26/1983 2543/25/1983
f 2544/26/1984 2542/26/1984 2545/27/1984
f 2540/27/1984 2545/27/1984 2542/26/1984
f 2546/28/1985 2545/27/1985 2549/28/1985
f 2546/28/1986 2547/28/1986 2545/27/1986
f 2548/27/1986 2545/27/1986 2547/28/1986
f 2545/27/1987 2548/27/1987 2544/26/1987
f 2540/27/1985 2549/28/1985 2545/27/1985
f 2549/28/1981 2540/27/1981 2541/28/1981
f 2548/27/1988 2547/28/1988 2550/27/1988
f 2550/27/1989 2552/26/1989 2548/27/1989
f 2551/26/1987 2544/26/1987 2548/27/1987
f 2551/26/1989 2548/27/1989 2552/26/1989
f 2552/26/1990 2553/25/1990 2551/26/1990
f 2553/25/1991 2552/26/1991 2531/25/1991
f 2554/26/1991 2531/25/1991 2552/26/1991
f 2552/26/1992 2550/27/1992 2554/26/1992
f 2554/26/1974 2530/26/1974 2531/25/1974
f 2530/26/1993 2554/26/1993 2538/27/1993
f 2555/27/1992 2554/26/1992 2550/27/1992
f 2555/27/1993 2538/27/1993 2554/26/1993
f 2550/27/1994 2556/28/1994 2555/27/1994
f 2557/28/1994 2555/27/1994 2556/28/1994
f 2557/28/1995 2558/28/1995 2555/27/1995
f 2538/27/1995 2555/27/1995 2558/28/1995
f 2558/28/1979 2537/28/1979 2538/27/1979
f 2556/28/1988 2550/27/1988 2547/28/1988
f 2559/25/1990 2551/26/1990 2553/25/1990
f 2559/25/1996 2560/25/1996 2551/26/1996
f 2560/25/1983 2543/25/1983 2544/26/1983
f 2544/26/1996 2551/26/1996 2560/25/1996
f 2533/25/1982 2535/26/1982 2543/25/1982
f 2561/25/1997 2562/26/1997 2564/25/1997
f 2561/25/1998 2563/25/1998 2562/26/1998
f 2564/25/1999 2566/26/1999 2565/25/1999
f 2566/26/1997 2564/25/1997 2562/26/1997
f 2567/26/1999 2565/25/1999 2566/26/1999
f 2566/26/2000 2568/27/2000 2567/26/2000
f 2566/26/2001 2562/26/2001 2568/27/2001
f 2568/27/2002 2569/28/2002 2571/27/2002
f 2568/27/2003 2570/27/2003 2569/28/2003
f 2570/27/2001 2568/27/2001 2562/26/2001
f 2571/27/2000 2567/26/2000 2568/27/2000
f 2572/27/2004 2574/26/2004 2571/27/2004
f 2571/27/2005 2573/28/2005 2572/27/2005
f 2573/28/2002 2571/27/2002 2569/28/2002
f 2567/26/2004 2571/27/2004 2574/26/2004
f 2574/26/2006 2575/25/2006 2567/26/2006
f 2574/26/2007 2576/26/2007 2575/25/2007
f 2576/26/2008 2574/26/2008 2577/27/2008
f 2572/27/2008 2577/27/2008 2574/26/2008
f 2578/28/2009 2577/27/2009 2581/28/2009
f 2578/28/2010 2579/28/2010 2577/27/2010
f 2580/27/2010 2577/27/2010 2579/28/2010
f 2577/27/2011 2580/27/2011 2576/26/2011
f 2572/27/2009 2581/28/2009 2577/27/2009
f 2581/28/2005 2572/27/2005 2573/28/2005
f 2580/27/2012 2579/28/2012 2582/27/2012
f 2582/27/2013 2584/26/2013 2580/27/2013
f 2583/26/2011 2576/26/2011 2580/27/2011
f 2583/26/2013 2580/27/2013 2584/26/2013
f 2584/26/2014 2585/25/2014 2583/26/2014
f 2585/25/2015 2584/26/2015 2563/25/2015
f 2586/26/2015 2563/25/2015 2584/26/2015
f 2584/26/2016 2582/27/2016 2586/26/2016
f 2586/26/1998 2562/26/1998 2563/25/1998
f 2562/26/2017 2586/26/2017 2570/27/2017
f 2587/27/2016 2586/26/2016 2582/27/2016
f 2587/27/2017 2570/27/2017 2586/26/2017
f 2582/27/2018 2588/28/2018 2587/27/2018
f 2589/28/2018 2587/27/2018 2588/28/2018
f 2589/28/2019 2590/28/2019 2587/27/2019
f 2570/27/2019 2587/27/2019 2590/28/2019
f 2590/28/2003 2569/28/2003 2570/27/2003
f 2588/28/2012 2582/27/2012 2579/28/2012
f 2591/25/2014 2583/26/2014 2585/25/2014
f 2591/25/2020 2592/25/2020 2583/26/2020
f 2592/25/2007 2575/25/2007 2576/26/2007
f 2576/26/2020 2583/26/2020 2592/25/2020
f 2565/25/2006 2567/26/2006 2575/25/2006
f 2593/25/2021 2594/26/2021 2596/25/2021
f 2593/25/2022 2595/25/2022 2594/26/2022
f 2596/25/2023 2598/26/2023 2597/25/2023
f 2598/26/2021 2596/25/2021 2594/26/2021
f 2599/26/2023 2597/25/2023 2598/26/2023
f 2598/26/2024 2600/27/2024 2599/26/2024
f 2598/26/2025 2594/26/2025 2600/27/2025
f 2600/27/2026 2601/28/2026 2603/27/2026
f 2600/27/2027 2602/27/2027 2601/28/2027
f 2602/27/2025 2600/27/2025 2594/26/2025
f 2603/27/2024 2599/26/2024 2600/27/2024
f 2604/27/2028 2606/26/2028 2603/27/2028
f 2603/27/2029 2605/28/2029 2604/27/2029
f 2605/28/2030 2603/27/2030 2601/28/2030
f 2599/26/2028 2603/27/2028 2606/26/2028
f 2606/26/2031 2607/25/2031 2599/26/2031
f 2606/26/2032 2608/26/2032 2607/25/2032
f 2608/26/2033 2606/26/2033 2609/27/2033
f 2604/27/2033 2609/27/2033 2606/26/2033
f 2610/28/2034 2609/27/2034 2613/28/2034
f 2610/28/2035 2611/28/2035 2609/27/2035
f 2612/27/2035 2609/27/2035 2611/28/2035
f 2609/27/2036 2612/27/2036 2608/26/2036
f 2604/27/2034 2613/28/2034 2609/27/2034
f 2613/28/2029 2604/27/2029 2605/28/2029
f 2612/27/2037 2611/28/2037 2614/27/2037
f 2614/27/2038 2616/26/2038 2612/27/2038
f 2615/26/2036 2608/26/2036 2612/27/2036
f 2615/26/2038 2612/27/2038 2616/26/2038
f 2616/26/2039 2617/25/2039 2615/26/2039
f 2617/25/2040 2616/26/2040 2595/25/2040
f 2618/26/2040 2595/25/2040 2616/26/2040
f 2616/26/2041 2614/27/2041 2618/26/2041
f 2618/26/2022 2594/26/2022 2595/25/2022
f 2594/26/2042 2618/26/2042 2602/27/2042
f 2619/27/2041 2618/26/2041 2614/27/2041
f 2619/27/2042 2602/27/2042 2618/26/2042
f 2614/27/2043 2620/28/2043 2619/27/2043
f 2621/28/2044 2619/27/2044 2620/28/2044
f 2621/28/2045 2622/28/2045 2619/27/2045
f 2602/27/2045 2619/27/2045 2622/28/2045
f 2622/28/2027 2601/28/2027 2602/27/2027
f 2620/28/2037 2614/27/2037 2611/28/2037
f 2623/25/2046 2615/26/2046 2617/25/2046
f 2623/25/2047 2624/25/2047 2615/26/2047
f 2624/25/2032 2607/25/2032 2608/26/2032
f 2608/26/2047 2615/26/2047 2624/25/2047
f 2597/25/2031 2599/26/2031 2607/25/2031
f 2625/25/2048 2626/26/2048 2628/25/2048
f 2625/25/2049 2627/25/2049 2626/26/2049
f 2628/25/2050 2630/26/2050 2629/25/2050
f 2630/26/2048 2628/25/2048 2626/26/2048
f 2631/26/2050 2629/25/2050 2630/26/2050
f 2630/26/2051 2632/27/2051 2631/26/2051
f 2630/26/2052 2626/26/2052 2632/27/2052
f 2632/27/2053 2633/28/2053 2635/27/2053
f 2632/27/2054 2634/27/2054 2633/28/2054
f 2634/27/2052 2632/27/2052 2626/26/2052
f 2635/27/2051 2631/26/2051 2632/27/2051
f 2636/27/2055 2638/26/2055 2635/27/2055
f 2635/27/2056 2637/28/2056 2636/27/2056
f 2637/28/2053 2635/27/2053 2633/28/2053
f 2631/26/2055 2635/27/2055 2638/26/2055
f 2638/26/2057 2639/25/2057 2631/26/2057
f 2638/26/2058 2640/26/2058 2639/25/2058
f 2640/26/2059 2638/26/2059 2641/27/2059
f 2636/27/2059 2641/27/2059 2638/26/2059
f 2642/28/2060 2641/27/2060 2645/28/2060
f 2642/28/2061 2643/28/2061 2641/27/2061
f 2644/27/2061 2641/27/2061 2643/28/2061
f 2641/27/2062 2644/27/2062 2640/26/2062
f 2636/27/2060 2645/28/2060 2641/27/2060
f 2645/28/2056 2636/27/2056 2637/28/2056
f 2644/27/2063 2643/28/2063 2646/27/2063
f 2646/27/2064 2648/26/2064 2644/27/2064
f 2647/26/2062 2640/26/2062 2644/27/2062
f 2647/26/2064 2644/27/2064 2648/26/2064
f 2648/26/2065 2649/25/2065 2647/26/2065
f 2649/25/2066 2648/26/2066 2627/25/2066
f 2650/26/2066 2627/25/2066 2648/26/2066
f 2648/26/2067 2646/27/2067 2650/26/2067
f 2650/26/2049 2626/26/2049 2627/25/2049
f 2626/26/2068 2650/26/2068 2634/27/2068
f 2651/27/2067 2650/26/2067 2646/27/2067
f 2651/27/2068 2634/27/2068 2650/26/2068
f 2646/27/2069 2652/28/2069 2651/27/2069
f 2653/28/2069 2651/27/2069 2652/28/2069
f 2653/28/2070 2654/28/2070 2651/27/2070
f 2634/27/2070 2651/27/2070 2654/28/2070
f 2654/28/2054 2633/28/2054 2634/27/2054
f 2652/28/2063 2646/27/2063 2643/28/2063
f 2655/25/2065 2647/26/2065 2649/25/2065
f 2655/25/2071 2656/25/2071 2647/26/2071
f 2656/25/2058 2639/25/2058 2640/26/2058
f 2640/26/2071 2647/26/2071 2656/25/2071
f 2629/25/2057 2631/26/2057 2639/25/2057
f 2657/25/2072 2658/26/2072 2660/25/2072
f 2657/25/2073 2659/25/2073 2658/26/2073
f 2660/25/2074 2662/26/2074 2661/25/2074
f 2662/26/2072 2660/25/2072 2658/26/2072
f 2663/26/2074 2661/25/2074 2662/26/2074
f 2662/26/2075 2664/27/2075 2663/26/2075
f 2662/26/2076 2658/26/2076 2664/27/2076
f 2664/27/2077 2665/28/2077 2667/27/2077
f 2664/27/2078 2666/27/2078 2665/28/2078
f 2666/27/2076 2664/27/2076 2658/26/2076
f 2667/27/2075 2663/26/2075 2664/27/2075
f 2668/27/2079 2670/26/2079 2667/27/2079
f 2667/27/2080 2669/28/2080 2668/27/2080
f 2669/28/2077 2667/27/2077 2665/28/2077
f 2663/26/2079 2667/27/2079 2670/26/2079
f 2670/26/2081 2671/25/2081 2663/26/2081
f 2670/26/2082 2672/26/2082 2671/25/2082
f 2672/26/2083 2670/26/2083 2673/27/2083
f 2668/27/2083 2673/27/2083 2670/26/2083
f 2674/28/2084 2673/27/2084 2677/28/2084
f 2674/28/2085 2675/28/2085 2673/27/2085
f 2676/27/2085 2673/27/2085 2675/28/2085
f 2673/27/2086 2676/27/2086 2672/26/2086
f 2668/27/2084 2677/28/2084 2673/27/2084
f 2677/28/2080 2668/27/2080 2669/28/2080
f 2676/27/2087 2675/28/2087 2678/27/2087
f 2678/27/2088 2680/26/2088 2676/27/2088
f 2679/26/2086 2672/26/2086 2676/27/2086
f 2679/26/2088 2676/27/2088 2680/26/2088
f 2680/26/2089 2681/25/2089 2679/26/2089
f 2681/25/2090 2680/26/2090 2659/25/2090
f 2682/26/2090 2659/25/2090 2680/26/2090
f 2680/26/2091 2678/27/2091 2682/26/2091
f 2682/26/2073 2658/26/2073 2659/25/2073
f 2658/26/2092 2682/26/2092 2666/27/2092
f 2683/27/2091 2682/26/2091 2678/27/2091
f 2683/27/2092 2666/27/2092 2682/26/2092
f 2678/27/2093 2684/28/2093 2683/27/2093
f 2685/28/2093 2683/27/2093 2684/28/2093
f 2685/28/2094 2686/28/2094 2683/27/2094
f 2666/27/2094 2683/27/2094 2686/28/2094
f 2686/28/2078 2665/28/2078 2666/27/2078
f 2684/28/2087 2678/27/2087 2675/28/2087
f 2687/25/2089 2679/26/2089 2681/25/2089
f 2687/25/2095 2688/25/2095 2679/26/2095
f 2688/25/2082 2671/25/2082 2672/26/2082
f 2672/26/2095 2679/26/2095 2688/25/2095
f 2661/25/2081 2663/26/2081 2671/25/2081
f 2689/25/2096 2690/26/2096 2692/25/2096
f 2689/25/2097 2691/25/2097 2690/26/2097
f 2692/25/2098 2694/26/2098 2693/25/2098
f 2694/26/2096 2692/25/2096 2690/26/2096
f 2695/26/2098 2693/25/2098 2694/26/2098
f 2694/26/2099 2696/27/2099 2695/26/2099
f 2694/26/2100 2690/26/2100 2696/27/2100
f 2696/27/2101 2697/28/2101 2699/27/2101
f 2696/27/2102 2698/27/2102 2697/28/2102
f 2698/27/2100 2696/27/2100 2690/26/2100
f 2699/27/2099 2695/26/2099 2696/27/2099
f 2700/27/2103 2702/26/2103 2699/27/2103
f 2699/27/2104 2701/28/2104 2700/27/2104
f 2701/28/2101 2699/27/2101 2697/28/2101
f 2695/26/2103 2699/27/2103 2702/26/2103
f 2702/26/2105 2703/25/2105 2695/26/2105
f 2702/26/2106 2704/26/2106 2703/25/2106
f 2704/26/2107 2702/26/2107 2705/27/2107
f 2700/27/2107 2705/27/2107 2702/26/2107
f 2706/28/2108 2705/27/2108 2709/28/2108
f 2706/28/2109 2707/28/2109 2705/27/2109
f 2708/27/2109 2705/27/2109 2707/28/2109
f 2705/27/2110 2708/27/2110 2704/26/2110
f 2700/27/2108 2709/28/2108 2705/27/2108
f 2709/28/2104 2700/27/2104 2701/28/2104
f 2708/27/2111 2707/28/2111 2710/27/2111
f 2710/27/2112 2712/26/2112 2708/27/2112
f 2711/26/2110 2704/26/2110 2708/27/2110
f 2711/26/2112 2708/27/2112 2712/26/2112
f 2712/26/2113 2713/25/2113 2711/26/2113
f 2713/25/2114 2712/26/2114 2691/25/2114
f 2714/26/2114 2691/25/2114 2712/26/2114
f 2712/26/2115 2710/27/2115 2714/26/2115
f 2714/26/2097 2690/26/2097 2691/25/2097
f 2690/26/2116 2714/26/2116 2698/27/2116
f 2715/27/2115 2714/26/2115 2710/27/2115
f 2715/27/2116 2698/27/2116 2714/26/2116
f 2710/27/2117 2716/28/2117 2715/27/2117
f 2717/28/2117 2715/27/2117 2716/28/2117
f 2717/28/2118 2718/28/2118 2715/27/2118
f 2698/27/2118 2715/27/2118 2718/28/2118
f 2718/28/2102 2697/28/2102 2698/27/2102
f 2716/28/2111 2710/27/2111 2707/28/2111
f 2719/25/2113 2711/26/2113 2713/25/2113
f 2719/25/2119 2720/25/2119 2711/26/2119
f 2720/25/2106 2703/25/2106 2704/26/2106
f 2704/26/2119 2711/26/2119 2720/25/2119
f 2693/25/2105 2695/26/2105 2703/25/2105
f 2721/25/2120 2722/26/2120 2724/25/2120
f 2721/25/2121 2723/25/2121 2722/26/2121
f 2724/25/2122 2726/26/2122 2725/25/2122
f 2726/26/2120 2724/25/2120 2722/26/2120
f 2727/26/2122 2725/25/2122 2726/26/2122
f 2726/26/2123 2728/27/2123 2727/26/2123
f 2726/26/2124 2722/26/2124 2728/27/2124
f 2728/27/2125 2729/28/2125 2731/27/2125
f 2728/27/2126 2730/27/2126 2729/28/2126
f 2730/27/2124 2728/27/2124 2722/26/2124
f 2731/27/2123 2727/26/2123 2728/27/2123
f 2732/27/2127 2734/26/2127 2731/27/2127
f 2731/27/2128 2733/28/2128 2732/27/2128
f 2733/28/2129 2731/27/2129 2729/28/2129
f 2727/26/2127 2731/27/2127 2734/26/2127
f 2734/26/2130 2735/25/2130 2727/26/2130
f 2734/26/2131 2736/26/2131 2735/25/2131
f 2736/26/2132 2734/26/2132 2737/27/2132
f 2732/27/2132 2737/27/2132 2734/26/2132
f 2738/28/2133 2737/27/2133 2741/28/2133
f 2738/28/2134 2739/28/2134 2737/27/2134
f 2740/27/2134 2737/27/2134 2739/28/2134
f 2737/27/2135 2740/27/2135 2736/26/2135
f 2732/27/2133 2741/28/2133 2737/27/2133
f 2741/28/2128 2732/27/2128 2733/28/2128
f 2740/27/2136 2739/28/2136 2742/27/2136
f 2742/27/2137 2744/26/2137 2740/27/2137
f 2743/26/2135 2736/26/2135 2740/27/2135
f 2743/26/2137 2740/27/2137 2744/26/2137
f 2744/26/2138 2745/25/2138 2743/26/2138
f 2745/25/2139 2744/26/2139 2723/25/2139
f 2746/26/2139 2723/25/2139 2744/26/2139
f 2744/26/2140 2742/27/2140 2746/26/2140
f 2746/26/2121 2722/26/2121 2723/25/2121
f 2722/26/2141 2746/26/2141 2730/27/2141
f 2747/27/2140 2746/26/2140 2742/27/2140
f 2747/27/2141 2730/27/2141 2746/26/2141
f 2742/27/2142 2748/28/2142 2747/27/2142
f 2749/28/2142 2747/27/2142 2748/28/2142
f 2749/28/2143 2750/28/2143 2747/27/2143
f 2730/27/2143 2747/27/2143 2750/28/2143
f 2750/28/2126 2729/28/2126 2730/27/2126
f 2748/28/2136 2742/27/2136 2739/28/2136
f 2751/25/2138 2743/26/2138 2745/25/2138
f 2751/25/2144 2752/25/2144 2743/26/2144
f 2752/25/2131 2735/25/2131 2736/26/2131
f 2736/26/2144 2743/26/2144 2752/25/2144
f 2725/25/2130 2727/26/2130 2735/25/2130
f 2753/25/2145 2754/26/2145 2756/25/2145
f 2753/25/2146 2755/25/2146 2754/26/2146
f 2756/25/2147 2758/26/2147 2757/25/2147
f 2758/26/2145 2756/25/2145 2754/26/2145
f 2759/26/2147 2757/25/2147 2758/26/2147
f 2758/26/2148 2760/27/2148 2759/26/2148
f 2758/26/2149 2754/26/2149 2760/27/2149
f 2760/27/2150 2761/28/2150 2763/27/2150
f 2760/27/2151 2762/27/2151 2761/28/2151
f 2762/27/2149 2760/27/2149 2754/26/2149
f 2763/27/2148 2759/26/2148 2760/27/2148
f 2764/27/2152 2766/26/2152 2763/27/2152
f 2763/27/2153 2765/28/2153 2764/27/2153
f 2765/28/2150 2763/27/2150 2761/28/2150
f 2759/26/2152 2763/27/2152 2766/26/2152
f 2766/26/2154 2767/25/2154 2759/26/2154
f 2766/26/2155 2768/26/2155 2767/25/2155
f 2768/26/2156 2766/26/2156 2769/27/2156
f 2764/27/2156 2769/27/2156 2766/26/2156
f 2770/28/2157 2769/27/2157 2773/28/2157
f 2770/28/2158 2771/28/2158 2769/27/2158
f 2772/27/2158 2769/27/2158 2771/28/2158
f 2769/27/2159 2772/27/2159 2768/26/2159
f 2764/27/2157 2773/28/2157 2769/27/2157
f 2773/28/2153 2764/27/2153 2765/28/2153
f 2772/27/2160 2771/28/2160 2774/27/2160
f 2774/27/2161 2776/26/2161 2772/27/2161
f 2775/26/2159 2768/26/2159 2772/27/2159
f 2775/26/2161 2772/27/2161 2776/26/2161
f 2776/26/2162 2777/25/2162 2775/26/2162
f 2777/25/2163 2776/26/2163 2755/25/2163
f 2778/26/2163 2755/25/2163 2776/26/2163
f 2776/26/2164 2774/27/2164 2778/26/2164
f 2778/26/2146 2754/26/2146 2755/25/2146
f 2754/26/2165 2778/26/2165 2762/27/2165
f 2779/27/2164 2778/26/2164 2774/27/2164
f 2779/27/2165 2762/27/2165 2778/26/2165
f 2774/27/2166 2780/28/2166 2779/27/2166
f 2781/28/2166 2779/27/2166 2780/28/2166
f 2781/28/2167 2782/28/2167 2779/27/2167
f 2762/27/2167 2779/27/2167 2782/28/2167
f 2782/28/2151 2761/28/2151 2762/27/2151
f 2780/28/2160 2774/27/2160 2771/28/2160
f 2783/25/2162 2775/26/2162 2777/25/2162
f 2783/25/2168 2784/25/2168 2775/26/2168
f 2784/25/2155 2767/25/2155 2768/26/2155
f 2768/26/2168 2775/26/2168 2784/25/2168
f 2757/25/2154 2759/26/2154 2767/25/2154
f 2785/25/2169 2786/26/2169 2788/25/2169
f 2785/25/2170 2787/25/2170 2786/26/2170
f 2788/25/2171 2790/26/2171 2789/25/2171
f 2790/26/2169 2788/25/2169 2786/26/2169
f 2791/26/2171 2789/25/2171 2790/26/2171
f 2790/26/2172 2792/27/2172 2791/26/2172
f 2790/26/2173 2786/26/2173 2792/27/2173
f 2792/27/2174 2793/28/2174 2795/27/2174
f 2792/27/2175 2794/27/2175 2793/28/2175
f 2794/27/2173 2792/27/2173 2786/26/2173
f 2795/27/2172 2791/26/2172 2792/27/2172
f 2796/27/2176 2798/26/2176 2795/27/2176
f 2795/27/2177 2797/28/2177 2796/27/2177
f 2797/28/2174 2795/27/2174 2793/28/2174
f 2791/26/2176 2795/27/2176 2798/26/2176
f 2798/26/2178 2799/25/2178 2791/26/2178
f 2798/26/2179 2800/26/2179 2799/25/2179
f 2800/26/2180 2798/26/2180 2801/27/2180
f 2796/27/2180 2801/27/2180 2798/26/2180
f 2802/28/2181 2801/27/2181 2805/28/2181
f 2802/28/2182 2803/28/2182 2801/27/2182
f 2804/27/2182 2801/27/2182 2803/28/2182
f 2801/27/2183 2804/27/2183 2800/26/2183
f 2796/27/2181 2805/28/2181 2801/27/2181
f 2805/28/2177 2796/27/2177 2797/28/2177
f 2804/27/2184 2803/28/2184 2806/27/2184
f 2806/27/2185 2808/26/2185 2804/27/2185
f 2807/26/2183 2800/26/2183 2804/27/2183
f 2807/26/2185 2804/27/2185 2808/26/2185
f 2808/26/2186 2809/25/2186 2807/26/2186
f 2809/25/2187 2808/26/2187 2787/25/2187
f 2810/26/2187 2787/25/2187 2808/26/2187
f 2808/26/2188 2806/27/2188 2810/26/2188
f 2810/26/2170 2786/26/2170 2787/25/2170
f 2786/26/2189 2810/26/2189 2794/27/2189
f 2811/27/2188 2810/26/2188 2806/27/2188
f 2811/27/2189 2794/27/2189 2810/26/2189
f 2806/27/2190 2812/28/2190 2811/27/2190
f 2813/28/2190 2811/27/2190 2812/28/2190
f 2813/28/2191 2814/28/2191 2811/27/2191
f 2794/27/2191 2811/27/2191 2814/28/2191
f 2814/28/2175 2793/28/2175 2794/27/2175
f 2812/28/2184 2806/27/2184 2803/28/2184
f 2815/25/2186 2807/26/2186 2809/25/2186
f 2815/25/2192 2816/25/2192 2807/26/2192
f 2816/25/2179 2799/25/2179 2800/26/2179
f 2800/26/2192 2807/26/2192 2816/25/2192
f 2789/25/2178 2791/26/2178 2799/25/2178
f 2817/25/2193 2818/26/2193 2820/25/2193
f 2817/25/2194 2819/25/2194 2818/26/2194
f 2820/25/2195 2822/26/2195 2821/25/2195
f 2822/26/2193 2820/25/2193 2818/26/2193
f 2823/26/2195 2821/25/2195 2822/26/2195
f 2822/26/2196 2824/27/2196 2823/26/2196
f 2822/26/2197 2818/26/2197 2824/27/2197
f 2824/27/2198 2825/28/2198 2827/27/2198
f 2824/27/2199 2826/27/2199 2825/28/2199
f 2826/27/2197 2824/27/2197 2818/26/2197
f 2827/27/2196 2823/26/2196 2824/27/2196
f 2828/27/2200 2830/26/2200 2827/27/2200
f 2827/27/2201 2829/28/2201 2828/27/2201
f 2829/28/2198 2827/27/2198 2825/28/2198
f 2823/26/2200 2827/27/2200 2830/26/2200
f 2830/26/2202 2831/25/2202 2823/26/2202
f 2830/26/2203 2832/26/2203 2831/25/2203
f 2832/26/2204 2830/26/2204 2833/27/2204
f 2828/27/2204 2833/27/2204 2830/26/2204
f 2834/28/2205 2833/27/2205 2837/28/2205
f 2834/28/2206 2835/28/2206 2833/27/2206
f 2836/27/2206 2833/27/2206 2835/28/2206
f 2833/27/2207 2836/27/2207 2832/26/2207
f 2828/27/2205 2837/28/2205 2833/27/2205
f 2837/28/2201 2828/27/2201 2829/28/2201
f 2836/27/2208 2835/28/2208 2838/27/2208
f 2838/27/2209 2840/26/2209 2836/27/2209
f 2839/26/2207 2832/26/2207 2836/27/2207
f 2839/26/2209 2836/27/2209 2840/26/2209
f 2840/26/2210 2841/25/2210 2839/26/2210
f 2841/25/2211 2840/26/2211 2819/25/2211
f 2842/26/2211 2819/25/2211 2840/26/2211
f 2840/26/2212 2838/27/2212 2842/26/2212
f 2842/26/2194 2818/26/2194 2819/25/2194
f 2818/26/2213 2842/26/2213 2826/27/2213
f 2843/27/2212 2842/26/2212 2838/27/2212
f 2843/27/2213 2826/27/2213 2842/26/2213
f 2838/27/2214 2844/28/2214 2843/27/2214
f 2845/28/2214 2843/27/2214 2844/28/2214
f 2845/28/2215 2846/28/2215 2843/27/2215
f 2826/27/2215 2843/27/2215 2846/28/2215
f 2846/28/2199 2825/28/2199 2826/27/2199
f 2844/28/2208 2838/27/2208 2835/28/2208
f 2847/25/2210 2839/26/2210 2841/25/2210
f 2847/25/2216 2848/25/2216 2839/26/2216
f 2848/25/2203 2831/25/2203 2832/26/2203
f 2832/26/2216 2839/26/2216 2848/25/2216
f 2821/25/2202 2823/26/2202 2831/25/2202
f 2849/25/2217 2850/26/2217 2852/25/2217
f 2849/25/2218 2851/25/2218 2850/26/2218
f 2852/25/2219 2854/26/2219 2853/25/2219
f 2854/26/2217 2852/25/2217 2850/26/2217
f 2855/26/2219 2853/25/2219 2854/26/2219
f 2854/26/2220 2856/27/2220 2855/26/2220
f 2854/26/2221 2850/26/2221 2856/27/2221
f 2856/27/2222 2857/28/2222 2859/27/2222
f 2856/27/2223 2858/27/2223 2857/28/2223
f 2858/27/2221 2856/27/2221 2850/26/2221
f 2859/27/2220 2855/26/2220 2856/27/2220
f 2860/27/2224 2862/26/2224 2859/27/2224
f 2859/27/2225 2861/28/2225 2860/27/2225
f 2861/28/2222 2859/27/2222 2857/28/2222
f 2855/26/2224 2859/27/2224 2862/26/2224
f 2862/26/2226 2863/25/2226 2855/26/2226
f 2862/26/2227 2864/26/2227 2863/25/2227
f 2864/26/2228 2862/26/2228 2865/27/2228
f 2860/27/2228 2865/27/2228 2862/26/2228
f 2866/28/2229 2865/27/2229 2869/28/2229
f 2866/28/2230 2867/28/2230 2865/27/2230
f 2868/27/2230 2865/27/2230 2867/28/2230
f 2865/27/2231 2868/27/2231 2864/26/2231
f 2860/27/2229 2869/28/2229 2865/27/2229
f 2869/28/2225 2860/27/2225 2861/28/2225
f 2868/27/2232 2867/28/2232 2870/27/2232
f 2870/27/2233 2872/26/2233 2868/27/2233
f 2871/26/2231 2864/26/2231 2868/27/2231
f 2871/26/2233 2868/27/2233 2872/26/2233
f 2872/26/2234 2873/25/2234 2871/26/2234
f 2873/25/2235 2872/26/2235 2851/25/2235
f 2874/26/2235 2851/25/2235 2872/26/2235
f 2872/26/2236 2870/27/2236 2874/26/2236
f 2874/26/2218 2850/26/2218 2851/25/2218
f 2850/26/2237 2874/26/2237 2858/27/2237
f 2875/27/2236 2874/26/2236 2870/27/2236
f 2875/27/2237 2858/27/2237 2874/26/2237
f 2870/27/2238 2876/28/2238 2875/27/2238
f 2877/28/2238 2875/27/2238 2876/28/2238
f 2877/28/2239 2878/28/2239 2875/27/2239
f 2858/27/2239 2875/27/2239 2878/28/2239
f 2878/28/2223 2857/28/2223 2858/27/2223
f 2876/28/2232 2870/27/2232 2867/28/2232
f 2879/25/2234 2871/26/2234 2873/25/2234
f 2879/25/2240 2880/25/2240 2871/26/2240
f 2880/25/2227 2863/25/2227 2864/26/2227
f 2864/26/2240 2871/26/2240 2880/25/2240
f 2853/25/2226 2855/26/2226 2863/25/2226
f 2881/25/2241 2882/26/2241 2884/25/2241
f 2881/25/2242 2883/25/2242 2882/26/2242
f 2884/25/2243 2886/26/2243 2885/25/2243
f 2886/26/2241 2884/25/2241 2882/26/2241
f 2887/26/2243 2885/25/2243 2886/26/2243
f 2886/26/2244 2888/27/2244 2887/26/2244
f 2886/26/2245 2882/26/2245 2888/27/2245
f 2888/27/2246 2889/28/2246 2891/27/2246
f 2888/27/2247 2890/27/2247 2889/28/2247
f 2890/27/2245 2888/27/2245 2882/26/2245
f 2891/27/2244 2887/26/2244 2888/27/2244
f 2892/27/2248 2894/26/2248 2891/27/2248
f 2891/27/2249 2893/28/2249 2892/27/2249
f 2893/28/2246 2891/27/2246 2889/28/2246
f 2887/26/2250 2891/27/2250 2894/26/2250
f 2894/26/2251 2895/25/2251 2887/26/2251
f 2894/26/2252 2896/26/2252 2895/25/2252
f 2896/26/2253 2894/26/2253 2897/27/2253
f 2892/27/2253 2897/27/2253 2894/26/2253
f 2898/28/2254 2897/27/2254 2901/28/2254
f 2898/28/2255 2899/28/2255 2897/27/2255
f 2900/27/2255 2897/27/2255 2899/28/2255
f 2897/27/2256 2900/27/2256 2896/26/2256
f 2892/27/2254 2901/28/2254 2897/27/2254
f 2901/28/2249 2892/27/2249 2893/28/2249
f 2900/27/2257 2899/28/2257 2902/27/2257
f 2902/27/2258 2904/26/2258 2900/27/2258
f 2903/26/2256 2896/26/2256 2900/27/2256
f 2903/26/2258 2900/27/2258 2904/26/2258
f 2904/26/2259 2905/25/2259 2903/26/2259
f 2905/25/2260 2904/26/2260 2883/25/2260
f 2906/26/2260 2883/25/2260 2904/26/2260
f 2904/26/2261 2902/27/2261 2906/26/2261
f 2906/26/2242 2882/26/2242 2883/25/2242
f 2882/26/2262 2906/26/2262 2890/27/2262
f 2907/27/2263 2906/26/2263 2902/27/2263
f 2907/27/2262 2890/27/2262 2906/26/2262
f 2902/27/2264 2908/28/2264 2907/27/2264
f 2909/28/2264 2907/27/2264 2908/28/2264
f 2909/28/2265 2910/28/2265 2907/27/2265
f 2890/27/2265 2907/27/2265 2910/28/2265
f 2910/28/2247 2889/28/2247 2890/27/2247
f 2908/28/2257 2902/27/2257 2899/28/2257
f 2911/25/2259 2903/26/2259 2905/25/2259
f 2911/25/2266 2912/25/2266 2903/26/2266
f 2912/25/2252 2895/25/2252 2896/26/2252
f 2896/26/2266 2903/26/2266 2912/25/2266
f 2885/25/2251 2887/26/2251 2895/25/2251
f 2913/25/2267 2914/26/2267 2916/25/2267
f 2913/25/2268 2915/25/2268 2914/26/2268
f 2916/25/2269 2918/26/2269 2917/25/2269
f 2918/26/2267 2916/25/2267 2914/26/2267
f 2919/26/2270 2917/25/2270 2918/26/2270
f 2918/26/2271 2920/27/2271 2919/26/2271
f 2918/26/2272 2914/26/2272 2920/27/2272
f 2920/27/2273 2921/28/2273 2923/27/2273
f 2920/27/2274 2922/27/2274 2921/28/2274
f 2922/27/2272 2920/27/2272 2914/26/2272
f 2923/27/2271 2919/26/2271 2920/27/2271
f 2924/27/2275 2926/26/2275 2923/27/2275
f 2923/27/2276 2925/28/2276 2924/27/2276
f 2925/28/2273 2923/27/2273 2921/28/2273
f 2919/26/2275 2923/27/2275 2926/26/2275
f 2926/26/2277 2927/25/2277 2919/26/2277
f 2926/26/2278 2928/26/2278 2927/25/2278
f 2928/26/2279 2926/26/2279 2929/27/2279
f 2924/27/2279 2929/27/2279 2926/26/2279
f 2930/28/2280 2929/27/2280 2933/28/2280
f 2930/28/2281 2931/28/2281 2929/27/2281
f 2932/27/2281 2929/27/2281 2931/28/2281
f 2929/27/2282 2932/27/2282 2928/26/2282
f 2924/27/2280 2933/28/2280 2929/27/2280
f 2933/28/2276 2924/27/2276 2925/28/2276
f 2932/27/2283 2931/28/2283 2934/27/2283
f 2934/27/2284 2936/26/2284 2932/27/2284
f 2935/26/2282 2928/26/2282 2932/27/2282
f 2935/26/2284 2932/27/2284 2936/26/2284
f 2936/26/2285 2937/25/2285 2935/26/2285
f 2937/25/2286 2936/26/2286 2915/25/2286
f 2938/26/2286 2915/25/2286 2936/26/2286
f 2936/26/2287 2934/27/2287 2938/26/2287
f 2938/26/2268 2914/26/2268 2915/25/2268
f 2914/26/2288 2938/26/2288 2922/27/2288
f 2939/27/2287 2938/26/2287 2934/27/2287
f 2939/27/2288 2922/27/2288 2938/26/2288
f 2934/27/2289 2940/28/2289 2939/27/2289
f 2941/28/2289 2939/27/2289 2940/28/2289
f 2941/28/2290 2942/28/2290 2939/27/2290
f 2922/27/2290 2939/27/2290 2942/28/2290
f 2942/28/2274 2921/28/2274 2922/27/2274
f 2940/28/2283 2934/27/2283 2931/28/2283
f 2943/25/2285 2935/26/2285 2937/25/2285
f 2943/25/2291 2944/25/2291 2935/26/2291
f 2944/25/2278 2927/25/2278 2928/26/2278
f 2928/26/2291 2935/26/2291 2944/25/2291
f 2917/25/2277 2919/26/2277 2927/25/2277
f 2945/25/2292 2946/26/2292 2948/25/2292
f 2945/25/2293 2947/25/2293 2946/26/2293
f 2948/25/2294 2950/26/2294 2949/25/2294
f 2950/26/2295 2948/25/2295 2946/26/2295
f 2951/26/2294 2949/25/2294 2950/26/2294
f 2950/26/2296 2952/27/2296 2951/26/2296
f 2950/26/2297 2946/26/2297 2952/27/2297
f 2952/27/2298 2953/28/2298 2955/27/2298
f 2952/27/2299 2954/27/2299 2953/28/2299
f 2954/27/2297 2952/27/2297 2946/26/2297
f 2955/27/2296 2951/26/2296 2952/27/2296
f 2956/27/2300 2958/26/2300 2955/27/2300
f 2955/27/2301 2957/28/2301 2956/27/2301
f 2957/28/2298 2955/27/2298 2953/28/2298
f 2951/26/2300 2955/27/2300 2958/26/2300
f 2958/26/2302 2959/25/2302 2951/26/2302
f 2958/26/2303 2960/26/2303 2959/25/2303
f 2960/26/2304 2958/26/2304 2961/27/2304
f 2956/27/2304 2961/27/2304 2958/26/2304
f 2962/28/2305 2961/27/2305 2965/28/2305
f 2962/28/2306 2963/28/2306 2961/27/2306
f 2964/27/2307 2961/27/2307 2963/28/2307
f 2961/27/2308 2964/27/2308 2960/26/2308
f 2956/27/2305 2965/28/2305 2961/27/2305
f 2965/28/2301 2956/27/2301 2957/28/2301
f 2964/27/2309 2963/28/2309 2966/27/2309
f 2966/27/2310 2968/26/2310 2964/27/2310
f 2967/26/2308 2960/26/2308 2964/27/2308
f 2967/26/2310 2964/27/2310 2968/26/2310
f 2968/26/2311 2969/25/2311 2967/26/2311
f 2969/25/2312 2968/26/2312 2947/25/2312
f 2970/26/2312 2947/25/2312 2968/26/2312
f 2968/26/2313 2966/27/2313 2970/26/2313
f 2970/26/2293 2946/26/2293 2947/25/2293
f 2946/26/2314 2970/26/2314 2954/27/2314
f 2971/27/2313 2970/26/2313 2966/27/2313
f 2971/27/2314 2954/27/2314 2970/26/2314
f 2966/27/2315 2972/28/2315 2971/27/2315
f 2973/28/2315 2971/27/2315 2972/28/2315
f 2973/28/2316 2974/28/2316 2971/27/2316
f 2954/27/2316 2971/27/2316 2974/28/2316
f 2974/28/2299 2953/28/2299 2954/27/2299
f 2972/28/2309 2966/27/2309 2963/28/2309
f 2975/25/2311 2967/26/2311 2969/25/2311
f 2975/25/2317 2976/25/2317 2967/26/2317
f 2976/25/2318 2959/25/2318 2960/26/2318
f 2960/26/2317 2967/26/2317 2976/25/2317
f 2949/25/2302 2951/26/2302 2959/25/2302
f 2977/25/2319 2978/26/2319 2980/25/2319
f 2977/25/2320 2979/25/2320 2978/26/2320
f 2980/25/2321 2982/26/2321 2981/25/2321
f 2982/26/2319 2980/25/2319 2978/26/2319
f 2983/26/2321 2981/25/2321 2982/26/2321
f 2982/26/2322 2984/27/2322 2983/26/2322
f 2982/26/2323 2978/26/2323 2984/27/2323
f 2984/27/2324 2985/28/2324 2987/27/2324
f 2984/27/2325 2986/27/2325 2985/28/2325
f 2986/27/2323 2984/27/2323 2978/26/2323
f 2987/27/2322 2983/26/2322 2984/27/2322
f 2988/27/2326 2990/26/2326 2987/27/2326
f 2987/27/2327 2989/28/2327 2988/27/2327
f 2989/28/2324 2987/27/2324 2985/28/2324
f 2983/26/2326 2987/27/2326 2990/26/2326
f 2990/26/2328 2991/25/2328 2983/26/2328
f 2990/26/2329 2992/26/2329 2991/25/2329
f 2992/26/2330 2990/26/2330 2993/27/2330
f 2988/27/2330 2993/27/2330 2990/26/2330
f 2994/28/2331 2993/27/2331 2997/28/2331
f 2994/28/2332 2995/28/2332 2993/27/2332
f 2996/27/2332 2993/27/2332 2995/28/2332
f 2993/27/2333 2996/27/2333 2992/26/2333
f 2988/27/2331 2997/28/2331 2993/27/2331
f 2997/28/2327 2988/27/2327 2989/28/2327
f 2996/27/2334 2995/28/2334 2998/27/2334
f 2998/27/2335 3000/26/2335 2996/27/2335
f 2999/26/2333 2992/26/2333 2996/27/2333
f 2999/26/2335 2996/27/2335 3000/26/2335
f 3000/26/2336 3001/25/2336 2999/26/2336
f 3001/25/2337 3000/26/2337 2979/25/2337
f 3002/26/2338 2979/25/2338 3000/26/2338
f 3000/26/2339 2998/27/2339 3002/26/2339
f 3002/26/2320 2978/26/2320 2979/25/2320
f 2978/26/2340 3002/26/2340 2986/27/2340
f 3003/27/2339 3002/26/2339 2998/27/2339
f 3003/27/2340 2986/27/2340 3002/26/2340
f 2998/27/2341 3004/28/2341 3003/27/2341
f 3005/28/2341 3003/27/2341 3004/28/2341
f 3005/28/2342 3006/28/2342 3003/27/2342
f 2986/27/2342 3003/27/2342 3006/28/2342
f 3006/28/2325 2985/28/2325 2986/27/2325
f 3004/28/2334 2998/27/2334 2995/28/2334
f 3007/25/2336 2999/26/2336 3001/25/2336
f 3007/25/2343 3008/25/2343 2999/26/2343
f 3008/25/2329 2991/25/2329 2992/26/2329
f 2992/26/2343 2999/26/2343 3008/25/2343
f 2981/25/2328 2983/26/2328 2991/25/2328
f 3009/25/2344 3010/26/2344 3012/25/2344
f 3009/25/2345 3011/25/2345 3010/26/2345
f 3012/25/2346 3014/26/2346 3013/25/2346
f 3014/26/2344 3012/25/2344 3010/26/2344
f 3015/26/2346 3013/25/2346 3014/26/2346
f 3014/26/2347 3016/27/2347 3015/26/2347
f 3014/26/2348 3010/26/2348 3016/27/2348
f 3016/27/2349 3017/28/2349 3019/27/2349
f 3016/27/2350 3018/27/2350 3017/28/2350
f 3018/27/2348 3016/27/2348 3010/26/2348
f 3019/27/2347 3015/26/2347 3016/27/2347
f 3020/27/2351 3022/26/2351 3019/27/2351
f 3019/27/2352 3021/28/2352 3020/27/2352
f 3021/28/2349 3019/27/2349 3017/28/2349
f 3015/26/2351 3019/27/2351 3022/26/2351
f 3022/26/2353 3023/25/2353 3015/26/2353
f 3022/26/2354 3024/26/2354 3023/25/2354
f 3024/26/2355 3022/26/2355 3025/27/2355
f 3020/27/2355 3025/27/2355 3022/26/2355
f 3026/28/2356 3025/27/2356 3029/28/2356
f 3026/28/2357 3027/28/2357 3025/27/2357
f 3028/27/2357 3025/27/2357 3027/28/2357
f 3025/27/2358 3028/27/2358 3024/26/2358
f 3020/27/2356 3029/28/2356 3025/27/2356
f 3029/28/2352 3020/27/2352 3021/28/2352
f 3028/27/2359 3027/28/2359 3030/27/2359
f 3030/27/2360 3032/26/2360 3028/27/2360
f 3031/26/2358 3024/26/2358 3028/27/2358
f 3031/26/2360 3028/27/2360 3032/26/2360
f 3032/26/2361 3033/25/2361 3031/26/2361
f 3033/25/2362 3032/26/2362 3011/25/2362
f 3034/26/2362 3011/25/2362 3032/26/2362
f 3032/26/2363 3030/27/2363 3034/26/2363
f 3034/26/2345 3010/26/2345 3011/25/2345
f 3010/26/2364 3034/26/2364 3018/27/2364
f 3035/27/2363 3034/26/2363 3030/27/2363
f 3035/27/2364 3018/27/2364 3034/26/2364
f 3030/27/2365 3036/28/2365 3035/27/2365
f 3037/28/2365 3035/27/2365 3036/28/2365
f 3037/28/2366 3038/28/2366 3035/27/2366
f 3018/27/2366 3035/27/2366 3038/28/2366
f 3038/28/2350 3017/28/2350 3018/27/2350
f 3036/28/2359 3030/27/2359 3027/28/2359
f 3039/25/2361 3031/26/2361 3033/25/2361
f 3039/25/2367 3040/25/2367 3031/26/2367
f 3040/25/2354 3023/25/2354 3024/26/2354
f 3024/26/2367 3031/26/2367 3040/25/2367
f 3013/25/2368 3015/26/2368 3023/25/2368
f 3041/25/2369 3042/26/2369 3044/25/2369
f 3041/25/2370 3043/25/2370 3042/26/2370
f 3044/25/2371 3046/26/2371 3045/25/2371
f 3046/26/2369 3044/25/2369 3042/26/2369
f 3047/26/2371 3045/25/2371 3046/26/2371
f 3046/26/2372 3048/27/2372 3047/26/2372
f 3046/26/2373 3042/26/2373 3048/27/2373
f 3048/27/2374 3049/28/2374 3051/27/2374
f 3048/27/2375 3050/27/2375 3049/28/2375
f 3050/27/2373 3048/27/2373 3042/26/2373
f 3051/27/2372 3047/26/2372 3048/27/2372
f 3052/27/2376 3054/26/2376 3051/27/2376
f 3051/27/2377 3053/28/2377 3052/27/2377
f 3053/28/2374 3051/27/2374 3049/28/2374
f 3047/26/2376 3051/27/2376 3054/26/2376
f 3054/26/2378 3055/25/2378 3047/26/2378
f 3054/26/2379 3056/26/2379 3055/25/2379
f 3056/26/2380 3054/26/2380 3057/27/2380
f 3052/27/2380 3057/27/2380 3054/26/2380
f 3058/28/2381 3057/27/2381 3061/28/2381
f 3058/28/2382 3059/28/2382 3057/27/2382
f 3060/27/2383 3057/27/2383 3059/28/2383
f 3057/27/2384 3060/27/2384 3056/26/2384
f 3052/27/2381 3061/28/2381 3057/27/2381
f 3061/28/2377 3052/27/2377 3053/28/2377
f 3060/27/2385 3059/28/2385 3062/27/2385
f 3062/27/2386 3064/26/2386 3060/27/2386
f 3063/26/2384 3056/26/2384 3060/27/2384
f 3063/26/2386 3060/27/2386 3064/26/2386
f 3064/26/2387 3065/25/2387 3063/26/2387
f 3065/25/2388 3064/26/2388 3043/25/2388
f 3066/26/2388 3043/25/2388 3064/26/2388
f 3064/26/2389 3062/27/2389 3066/26/2389
f 3066/26/2370 3042/26/2370 3043/25/2370
f 3042/26/2390 3066/26/2390 3050/27/2390
f 3067/27/2389 3066/26/2389 3062/27/2389
f 3067/27/2390 3050/27/2390 3066/26/2390
f 3062/27/2391 3068/28/2391 3067/27/2391
f 3069/28/2391 3067/27/2391 3068/28/2391
f 3069/28/2392 3070/28/2392 3067/27/2392
f 3050/27/2392 3067/27/2392 3070/28/2392
f 3070/28/2375 3049/28/2375 3050/27/2375
f 3068/28/2385 3062/27/2385 3059/28/2385
f 3071/25/2387 3063/26/2387 3065/25/2387
f 3071/25/2393 3072/25/2393 3063/26/2393
f 3072/25/2379 3055/25/2379 3056/26/2379
f 3056/26/2393 3063/26/2393 3072/25/2393
f 3045/25/2378 3047/26/2378 3055/25/2378
f 3073/25/2394 3074/26/2394 3076/25/2394
f 3073/25/2395 3075/25/2395 3074/26/2395
f 3076/25/2396 3078/26/2396 3077/25/2396
f 3078/26/2394 3076/25/2394 3074/26/2394
f 3079/26/2396 3077/25/2396 3078/26/2396
f 3078/26/2397 3080/27/2397 3079/26/2397
f 3078/26/2398 3074/26/2398 3080/27/2398
f 3080/27/2399 3081/28/2399 3083/27/2399
f 3080/27/2400 3082/27/2400 3081/28/2400
f 3082/27/2398 3080/27/2398 3074/26/2398
f 3083/27/2397 3079/26/2397 3080/27/2397
f 3084/27/2401 3086/26/2401 3083/27/2401
f 3083/27/2402 3085/28/2402 3084/27/2402
f 3085/28/2399 3083/27/2399 3081/28/2399
f 3079/26/2401 3083/27/2401 3086/26/2401
f 3086/26/2403 3087/25/2403 3079/26/2403
f 3086/26/2404 3088/26/2404 3087/25/2404
f 3088/26/2405 3086/26/2405 3089/27/2405
f 3084/27/2405 3089/27/2405 3086/26/2405
f 3090/28/2406 3089/27/2406 3093/28/2406
f 3090/28/2407 3091/28/2407 3089/27/2407
f 3092/27/2407 3089/27/2407 3091/28/2407
f 3089/27/2408 3092/27/2408 3088/26/2408
f 3084/27/2406 3093/28/2406 3089/27/2406
f 3093/28/2402 3084/27/2402 3085/28/2402
f 3092/27/2409 3091/28/2409 3094/27/2409
f 3094/27/2410 3096/26/2410 3092/27/2410
f 3095/26/2408 3088/26/2408 3092/27/2408
f 3095/26/2410 3092/27/2410 3096/26/2410
f 3096/26/2411 3097/25/2411 3095/26/2411
f 3097/25/2412 3096/26/2412 3075/25/2412
f 3098/26/2412 3075/25/2412 3096/26/2412
f 3096/26/2413 3094/27/2413 3098/26/2413
f 3098/26/2395 3074/26/2395 3075/25/2395
f 3074/26/2414 3098/26/2414 3082/27/2414
f 3099/27/2413 3098/26/2413 3094/27/2413
f 3099/27/2414 3082/27/2414 3098/26/2414
f 3094/27/2415 3100/28/2415 3099/27/2415
f 3101/28/2415 3099/27/2415 3100/28/2415
f 3101/28/2416 3102/28/2416 3099/27/2416
f 3082/27/2416 3099/27/2416 3102/28/2416
f 3102/28/2400 3081/28/2400 3082/27/2400
f 3100/28/2409 3094/27/2409 3091/28/2409
f 3103/25/2411 3095/26/2411 3097/25/2411
f 3103/25/2417 3104/25/2417 3095/26/2417
f 3104/25/2404 3087/25/2404 3088/26/2404
f 3088/26/2417 3095/26/2417 3104/25/2417
f 3077/25/2403 3079/26/2403 3087/25/2403
f 3105/25/2418 3106/26/2418 3108/25/2418
f 3105/25/2419 3107/25/2419 3106/26/2419
f 3108/25/2420 3110/26/2420 3109/25/2420
f 3110/26/2418 3108/25/2418 3106/26/2418
f 3111/26/2420 3109/25/2420 3110/26/2420
f 3110/26/2421 3112/27/2421 3111/26/2421
f 3110/26/2422 3106/26/2422 3112/27/2422
f 3112/27/2423 3113/28/2423 3115/27/2423
f 3112/27/2424 3114/27/2424 3113/28/2424
f 3114/27/2422 3112/27/2422 3106/26/2422
f 3115/27/2421 3111/26/2421 3112/27/2421
f 3116/27/2425 3118/26/2425 3115/27/2425
f 3115/27/2426 3117/28/2426 3116/27/2426
f 3117/28/2423 3115/27/2423 3113/28/2423
f 3111/26/2425 3115/27/2425 3118/26/2425
f 3118/26/2427 3119/25/2427 3111/26/2427
f 3118/26/2428 3120/26/2428 3119/25/2428
f 3120/26/2429 3118/26/2429 3121/27/2429
f 3116/27/2429 3121/27/2429 3118/26/2429
f 3122/28/2430 3121/27/2430 3125/28/2430
f 3122/28/2431 3123/28/2431 3121/27/2431
f 3124/27/2431 3121/27/2431 3123/28/2431
f 3121/27/2432 3124/27/2432 3120/26/2432
f 3116/27/2430 3125/28/2430 3121/27/2430
f 3125/28/2426 3116/27/2426 3117/28/2426
f 3124/27/2433 3123/28/2433 3126/27/2433
f 3126/27/2434 3128/26/2434 3124/27/2434
f 3127/26/2432 3120/26/2432 3124/27/2432
f 3127/26/2434 3124/27/2434 3128/26/2434
f 3128/26/2435 3129/25/2435 3127/26/2435
f 3129/25/2436 3128/26/2436 3107/25/2436
f 3130/26/2436 3107/25/2436 3128/26/2436
f 3128/26/2437 3126/27/2437 3130/26/2437
f 3130/26/2419 3106/26/2419 3107/25/2419
f 3106/26/2438 3130/26/2438 3114/27/2438
f 3131/27/2437 3130/26/2437 3126/27/2437
f 3131/27/2438 3114/27/2438 3130/26/2438
f 3126/27/2439 3132/28/2439 3131/27/2439
f 3133/28/2439 3131/27/2439 3132/28/2439
f 3133/28/2440 3134/28/2440 3131/27/2440
f 3114/27/2440 3131/27/2440 3134/28/2440
f 3134/28/2424 3113/28/2424 3114/27/2424
f 3132/28/2433 3126/27/2433 3123/28/2433
f 3135/25/2435 3127/26/2435 3129/25/2435
f 3135/25/2441 3136/25/2441 3127/26/2441
f 3136/25/2428 3119/25/2428 3120/26/2428
f 3120/26/2441 3127/26/2441 3136/25/2441
f 3109/25/2427 3111/26/2427 3119/25/2427
f 3137/25/2442 3138/26/2442 3140/25/2442
f 3137/25/2443 3139/25/2443 3138/26/2443
f 3140/25/2444 3142/26/2444 3141/25/2444
f 3142/26/2442 3140/25/2442 3138/26/2442
f 3143/26/2444 3141/25/2444 3142/26/2444
f 3142/26/2445 3144/27/2445 3143/26/2445
f 3142/26/2446 3138/26/2446 3144/27/2446
f 3144/27/2447 3145/28/2447 3147/27/2447
f 3144/27/2448 3146/27/2448 3145/28/2448
f 3146/27/2446 3144/27/2446 3138/26/2446
f 3147/27/2445 3143/26/2445 3144/27/2445
f 3148/27/2449 3150/26/2449 3147/27/2449
f 3147/27/2450 3149/28/2450 3148/27/2450
f 3149/28/2447 3147/27/2447 3145/28/2447
f 3143/26/2449 3147/27/2449 3150/26/2449
f 3150/26/2451 3151/25/2451 3143/26/2451
f 3150/26/2452 3152/26/2452 3151/25/2452
f 3152/26/2453 3150/26/2453 3153/27/2453
f 3148/27/2453 3153/27/2453 3150/26/2453
f 3154/28/2454 3153/27/2454 3157/28/2454
f 3154/28/2455 3155/28/2455 3153/27/2455
f 3156/27/2455 3153/27/2455 3155/28/2455
f 3153/27/2456 3156/27/2456 3152/26/2456
f 3148/27/2454 3157/28/2454 3153/27/2454
f 3157/28/2450 3148/27/2450 3149/28/2450
f 3156/27/2457 3155/28/2457 3158/27/2457
f 3158/27/2458 3160/26/2458 3156/27/2458
f 3159/26/2456 3152/26/2456 3156/27/2456
f 3159/26/2458 3156/27/2458 3160/26/2458
f 3160/26/2459 3161/25/2459 3159/26/2459
f 3161/25/2460 3160/26/2460 3139/25/2460
f 3162/26/2460 3139/25/2460 3160/26/2460
f 3160/26/2461 3158/27/2461 3162/26/2461
f 3162/26/2443 3138/26/2443 3139/25/2443
f 3138/26/2462 3162/26/2462 3146/27/2462
f 3163/27/2461 3162/26/2461 3158/27/2461
f 3163/27/2462 3146/27/2462 3162/26/2462
f 3158/27/2463 3164/28/2463 3163/27/2463
f 3165/28/2463 3163/27/2463 3164/28/2463
f 3165/28/2464 3166/28/2464 3163/27/2464
f 3146/27/2464 3163/27/2464 3166/28/2464
f 3166/28/2448 3145/28/2448 3146/27/2448
f 3164/28/2457 3158/27/2457 3155/28/2457
f 3167/25/2459 3159/26/2459 3161/25/2459
f 3167/25/2465 3168/25/2465 3159/26/2465
f 3168/25/2452 3151/25/2452 3152/26/2452
f 3152/26/2465 3159/26/2465 3168/25/2465
f 3141/25/2451 3143/26/2451 3151/25/2451
f 3169/25/2466 3170/26/2466 3172/25/2466
f 3169/25/2467 3171/25/2467 3170/26/2467
f 3172/25/2468 3174/26/2468 3173/25/2468
f 3174/26/2466 3172/25/2466 3170/26/2466
f 3175/26/2468 3173/25/2468 3174/26/2468
f 3174/26/2469 3176/27/2469 3175/26/2469
f 3174/26/2470 3170/26/2470 3176/27/2470
f 3176/27/2471 3177/28/2471 3179/27/2471
f 3176/27/2472 3178/27/2472 3177/28/2472
f 3178/27/2470 3176/27/2470 3170/26/2470
f 3179/27/2469 3175/26/2469 3176/27/2469
f 3180/27/2473 3182/26/2473 3179/27/2473
f 3179/27/2474 3181/28/2474 3180/27/2474
f 3181/28/2471 3179/27/2471 3177/28/2471
f 3175/26/2475 3179/27/2475 3182/26/2475
f 3182/26/2476 3183/25/2476 3175/26/2476
f 3182/26/2477 3184/26/2477 3183/25/2477
f 3184/26/2478 3182/26/2478 3185/27/2478
f 3180/27/2478 3185/27/2478 3182/26/2478
f 3186/28/2479 3185/27/2479 3189/28/2479
f 3186/28/2480 3187/28/2480 3185/27/2480
f 3188/27/2480 3185/27/2480 3187/28/2480
f 3185/27/2481 3188/27/2481 3184/26/2481
f 3180/27/2479 3189/28/2479 3185/27/2479
f 3189/28/2474 3180/27/2474 3181/28/2474
f 3188/27/2482 3187/28/2482 3190/27/2482
f 3190/27/2483 3192/26/2483 3188/27/2483
f 3191/26/2481 3184/26/2481 3188/27/2481
f 3191/26/2483 3188/27/2483 3192/26/2483
f 3192/26/2484 3193/25/2484 3191/26/2484
f 3193/25/2485 3192/26/2485 3171/25/2485
f 3194/26/2485 3171/25/2485 3192/26/2485
f 3192/26/2486 3190/27/2486 3194/26/2486
f 3194/26/2467 3170/26/2467 3171/25/2467
f 3170/26/2487 3194/26/2487 3178/27/2487
f 3195/27/2486 3194/26/2486 3190/27/2486
f 3195/27/2487 3178/27/2487 3194/26/2487
f 3190/27/2488 3196/28/2488 3195/27/2488
f 3197/28/2488 3195/27/2488 3196/28/2488
f 3197/28/2489 3198/28/2489 3195/27/2489
f 3178/27/2489 3195/27/2489 3198/28/2489
f 3198/28/2472 3177/28/2472 3178/27/2472
f 3196/28/2482 3190/27/2482 3187/28/2482
f 3199/25/2484 3191/26/2484 3193/25/2484
f 3199/25/2490 3200/25/2490 3191/26/2490
f 3200/25/2477 3183/25/2477 3184/26/2477
f 3184/26/2490 3191/26/2490 3200/25/2490
f 3173/25/2476 3175/26/2476 3183/25/2476
f 3201/25/2491 3202/26/2491 3204/25/2491
f 3201/25/2492 3203/25/2492 3202/26/2492
f 3204/25/2493 3206/26/2493 3205/25/2493
f 3206/26/2491 3204/25/2491 3202/26/2491
f 3207/26/2493 3205/25/2493 3206/26/2493
f 3206/26/2494 3208/27/2494 3207/26/2494
f 3206/26/2495 3202/26/2495 3208/27/2495
f 3208/27/2496 3209/28/2496 3211/27/2496
f 3208/27/2497 3210/27/2497 3209/28/2497
f 3210/27/2495 3208/27/2495 3202/26/2495
f 3211/27/2494 3207/26/2494 3208/27/2494
f 3212/27/2498 3214/26/2498 3211/27/2498
f 3211/27/2499 3213/28/2499 3212/27/2499
f 3213/28/2496 3211/27/2496 3209/28/2496
f 3207/26/2498 3211/27/2498 3214/26/2498
f 3214/26/2500 3215/25/2500 3207/26/2500
f 3214/26/2501 3216/26/2501 3215/25/2501
f 3216/26/2502 3214/26/2502 3217/27/2502
f 3212/27/2502 3217/27/2502 3214/26/2502
f 3218/28/2503 3217/27/2503 3221/28/2503
f 3218/28/2504 3219/28/2504 3217/27/2504
f 3220/27/2504 3217/27/2504 3219/28/2504
f 3217/27/2505 3220/27/2505 3216/26/2505
f 3212/27/2503 3221/28/2503 3217/27/2503
f 3221/28/2499 3212/27/2499 3213/28/2499
f 3220/27/2506 3219/28/2506 3222/27/2506
f 3222/27/2507 3224/26/2507 3220/27/2507
f 3223/26/2505 3216/26/2505 3220/27/2505
f 3223/26/2507 3220/27/2507 3224/26/2507
f 3224/26/2508 3225/25/2508 3223/26/2508
f 3225/25/2509 3224/26/2509 3203/25/2509
f 3226/26/2509 3203/25/2509 3224/26/2509
f 3224/26/2510 3222/27/2510 3226/26/2510
f 3226/26/2492 3202/26/2492 3203/25/2492
f 3202/26/2511 3226/26/2511 3210/27/2511
f 3227/27/2510 3226/26/2510 3222/27/2510
f 3227/27/2511 3210/27/2511 3226/26/2511
f 3222/27/2512 3228/28/2512 3227/27/2512
f 3229/28/2512 3227/27/2512 3228/28/2512
f 3229/28/2513 3230/28/2513 3227/27/2513
f 3210/27/2513 3227/27/2513 3230/28/2513
f 3230/28/2497 3209/28/2497 3210/27/2497
f 3228/28/2506 3222/27/2506 3219/28/2506
f 3231/25/2508 3223/26/2508 3225/25/2508
f 3231/25/2514 3232/25/2514 3223/26/2514
f 3232/25/2501 3215/25/2501 3216/26/2501
f 3216/26/2514 3223/26/2514 3232/25/2514
f 3205/25/2500 3207/26/2500 3215/25/2500
f 3233/25/2515 3234/26/2515 3236/25/2515
f 3233/25/2516 3235/25/2516 3234/26/2516
f 3236/25/2517 3238/26/2517 3237/25/2517
f 3238/26/2515 3236/25/2515 3234/26/2515
f 3239/26/2518 3237/25/2518 3238/26/2518
f 3238/26/2519 3240/27/2519 3239/26/2519
f 3238/26/2520 3234/26/2520 3240/27/2520
f 3240/27/2521 3241/28/2521 3243/27/2521
f 3240/27/2522 3242/27/2522 3241/28/2522
f 3242/27/2520 3240/27/2520 3234/26/2520
f 3243/27/2519 3239/26/2519 3240/27/2519
f 3244/27/2523 3246/26/2523 3243/27/2523
f 3243/27/2524 3245/28/2524 3244/27/2524
f 3245/28/2521 3243/27/2521 3241/28/2521
f 3239/26/2523 3243/27/2523 3246/26/2523
f 3246/26/2525 3247/25/2525 3239/26/2525
f 3246/26/2526 3248/26/2526 3247/25/2526
f 3248/26/2527 3246/26/2527 3249/27/2527
f 3244/27/2527 3249/27/2527 3246/26/2527
f 3250/28/2528 3249/27/2528 3253/28/2528
f 3250/28/2529 3251/28/2529 3249/27/2529
f 3252/27/2529 3249/27/2529 3251/28/2529
f 3249/27/2530 3252/27/2530 3248/26/2530
f 3244/27/2528 3253/28/2528 3249/27/2528
f 3253/28/2524 3244/27/2524 3245/28/2524
f 3252/27/2531 3251/28/2531 3254/27/2531
f 3254/27/2532 3256/26/2532 3252/27/2532
f 3255/26/2530 3248/26/2530 3252/27/2530
f 3255/26/2532 3252/27/2532 3256/26/2532
f 3256/26/2533 3257/25/2533 3255/26/2533
f 3257/25/2534 3256/26/2534 3235/25/2534
f 3258/26/2534 3235/25/2534 3256/26/2534
f 3256/26/2535 3254/27/2535 3258/26/2535
f 3258/26/2516 3234/26/2516 3235/25/2516
f 3234/26/2536 3258/26/2536 3242/27/2536
f 3259/27/2535 3258/26/2535 3254/27/2535
f 3259/27/2536 3242/27/2536 3258/26/2536
f 3254/27/2537 3260/28/2537 3259/27/2537
f 3261/28/2537 3259/27/2537 3260/28/2537
f 3261/28/2538 3262/28/2538 3259/27/2538
f 3242/27/2538 3259/27/2538 3262/28/2538
f 3262/28/2522 3241/28/2522 3242/27/2522
f 3260/28/2531 3254/27/2531 3251/28/2531
f 3263/25/2533 3255/26/2533 3257/25/2533
f 3263/25/2539 3264/25/2539 3255/26/2539
f 3264/25/2526 3247/25/2526 3248/26/2526
f 3248/26/2539 3255/26/2539 3264/25/2539
f 3237/25/2525 3239/26/2525 3247/25/2525
f 3265/25/2540 3266/26/2540 3268/25/2540
f 3265/25/2541 3267/25/2541 3266/26/2541
f 3268/25/2542 3270/26/2542 3269/25/2542
f 3270/26/2540 3268/25/2540 3266/26/2540
f 3271/26/2542 3269/25/2542 3270/26/2542
f 3270/26/2543 3272/27/2543 3271/26/2543
f 3270/26/2544 3266/26/2544 3272/27/2544
f 3272/27/2545 3273/28/2545 3275/27/2545
f 3272/27/2546 3274/27/2546 3273/28/2546
f 3274/27/2544 3272/27/2544 3266/26/2544
f 3275/27/2543 3271/26/2543 3272/27/2543
f 3276/27/2547 3278/26/2547 3275/27/2547
f 3275/27/2548 3277/28/2548 3276/27/2548
f 3277/28/2545 3275/27/2545 3273/28/2545
f 3271/26/2547 3275/27/2547 3278/26/2547
f 3278/26/2549 3279/25/2549 3271/26/2549
f 3278/26/2550 3280/26/2550 3279/25/2550
f 3280/26/2551 3278/26/2551 3281/27/2551
f 3276/27/2551 3281/27/2551 3278/26/2551
f 3282/28/2552 3281/27/2552 3285/28/2552
f 3282/28/2553 3283/28/2553 3281/27/2553
f 3284/27/2553 3281/27/2553 3283/28/2553
f 3281/27/2554 3284/27/2554 3280/26/2554
f 3276/27/2552 3285/28/2552 3281/27/2552
f 3285/28/2548 3276/27/2548 3277/28/2548
f 3284/27/2555 3283/28/2555 3286/27/2555
f 3286/27/2556 3288/26/2556 3284/27/2556
f 3287/26/2554 3280/26/2554 3284/27/2554
f 3287/26/2556 3284/27/2556 3288/26/2556
f 3288/26/2557 3289/25/2557 3287/26/2557
f 3289/25/2558 3288/26/2558 3267/25/2558
f 3290/26/2558 3267/25/2558 3288/26/2558
f 3288/26/2559 3286/27/2559 3290/26/2559
f 3290/26/2541 3266/26/2541 3267/25/2541
f 3266/26/2560 3290/26/2560 3274/27/2560
f 3291/27/2559 3290/26/2559 3286/27/2559
f 3291/27/2560 3274/27/2560 3290/26/2560
f 3286/27/2561 3292/28/2561 3291/27/2561
f 3293/28/2561 3291/27/2561 3292/28/2561
f 3293/28/2562 3294/28/2562 3291/27/2562
f 3274/27/2562 3291/27/2562 3294/28/2562
f 3294/28/2546 3273/28/2546 3274/27/2546
f 3292/28/2555 3286/27/2555 3283/28/2555
f 3295/25/2557 3287/26/2557 3289/25/2557
f 3295/25/2563 3296/25/2563 3287/26/2563
f 3296/25/2550 3279/25/2550 3280/26/2550
f 3280/26/2563 3287/26/2563 3296/25/2563
f 3269/25/2549 3271/26/2549 3279/25/2549
f 3297/25/2564 3298/26/2564 3300/25/2564
f 3297/25/2565 3299/25/2565 3298/26/2565
f 3300/25/2566 3302/26/2566 3301/25/2566
f 3302/26/2564 3300/25/2564 3298/26/2564
f 3303/26/2566 3301/25/2566 3302/26/2566
f 3302/26/2567 3304/27/2567 3303/26/2567
f 3302/26/2568 3298/26/2568 3304/27/2568
f 3304/27/2569 3305/28/2569 3307/27/2569
f 3304/27/2570 3306/27/2570 3305/28/2570
f 3306/27/2568 3304/27/2568 3298/26/2568
f 3307/27/2567 3303/26/2567 3304/27/2567
f 3308/27/2571 3310/26/2571 3307/27/2571
f 3307/27/2572 3309/28/2572 3308/27/2572
f 3309/28/2573 3307/27/2573 3305/28/2573
f 3303/26/2571 3307/27/2571 3310/26/2571
f 3310/26/2574 3311/25/2574 3303/26/2574
f 3310/26/2575 3312/26/2575 3311/25/2575
f 3312/26/2576 3310/26/2576 3313/27/2576
f 3308/27/2576 3313/27/2576 3310/26/2576
f 3314/28/2577 3313/27/2577 3317/28/2577
f 3314/28/2578 3315/28/2578 3313/27/2578
f 3316/27/2578 3313/27/2578 3315/28/2578
f 3313/27/2579 3316/27/2579 3312/26/2579
f 3308/27/2577 3317/28/2577 3313/27/2577
f 3317/28/2572 3308/27/2572 3309/28/2572
f 3316/27/2580 3315/28/2580 3318/27/2580
f 3318/27/2581 3320/26/2581 3316/27/2581
f 3319/26/2579 3312/26/2579 3316/27/2579
f 3319/26/2581 3316/27/2581 3320/26/2581
f 3320/26/2582 3321/25/2582 3319/26/2582
f 3321/25/2583 3320/26/2583 3299/25/2583
f 3322/26/2584 3299/25/2584 3320/26/2584
f 3320/26/2585 3318/27/2585 3322/26/2585
f 3322/26/2565 3298/26/2565 3299/25/2565
f 3298/26/2586 3322/26/2586 3306/27/2586
f 3323/27/2585 3322/26/2585 3318/27/2585
f 3323/27/2586 3306/27/2586 3322/26/2586
f 3318/27/2587 3324/28/2587 3323/27/2587
f 3325/28/2587 3323/27/2587 3324/28/2587
f 3325/28/2588 3326/28/2588 3323/27/2588
f 3306/27/2588 3323/27/2588 3326/28/2588
f 3326/28/2570 3305/28/2570 3306/27/2570
f 3324/28/2580 3318/27/2580 3315/28/2580
f 3327/25/2582 3319/26/2582 3321/25/2582
f 3327/25/2589 3328/25/2589 3319/26/2589
f 3328/25/2575 3311/25/2575 3312/26/2575
f 3312/26/2589 3319/26/2589 3328/25/2589
f 3301/25/2574 3303/26/2574 3311/25/2574
f 3329/25/2590 3330/26/2590 3332/25/2590
f 3329/25/2591 3331/25/2591 3330/26/2591
f 3332/25/2592 3334/26/2592 3333/25/2592
f 3334/26/2590 3332/25/2590 3330/26/2590
f 3335/26/2592 3333/25/2592 3334/26/2592
f 3334/26/2593 3336/27/2593 3335/26/2593
f 3334/26/2594 3330/26/2594 3336/27/2594
f 3336/27/2595 3337/28/2595 3339/27/2595
f 3336/27/2596 3338/27/2596 3337/28/2596
f 3338/27/2594 3336/27/2594 3330/26/2594
f 3339/27/2593 3335/26/2593 3336/27/2593
f 3340/27/2597 3342/26/2597 3339/27/2597
f 3339/27/2598 3341/28/2598 3340/27/2598
f 3341/28/2595 3339/27/2595 3337/28/2595
f 3335/26/2597 3339/27/2597 3342/26/2597
f 3342/26/2599 3343/25/2599 3335/26/2599
f 3342/26/2600 3344/26/2600 3343/25/2600
f 3344/26/2601 3342/26/2601 3345/27/2601
f 3340/27/2601 3345/27/2601 3342/26/2601
f 3346/28/2602 3345/27/2602 3349/28/2602
f 3346/28/2603 3347/28/2603 3345/27/2603
f 3348/27/2603 3345/27/2603 3347/28/2603
f 3345/27/2604 3348/27/2604 3344/26/2604
f 3340/27/2602 3349/28/2602 3345/27/2602
f 3349/28/2598 3340/27/2598 3341/28/2598
f 3348/27/2605 3347/28/2605 3350/27/2605
f 3350/27/2606 3352/26/2606 3348/27/2606
f 3351/26/2604 3344/26/2604 3348/27/2604
f 3351/26/2606 3348/27/2606 3352/26/2606
f 3352/26/2607 3353/25/2607 3351/26/2607
f 3353/25/2608 3352/26/2608 3331/25/2608
f 3354/26/2608 3331/25/2608 3352/26/2608
f 3352/26/2609 3350/27/2609 3354/26/2609
f 3354/26/2591 3330/26/2591 3331/25/2591
f 3330/26/2610 3354/26/2610 3338/27/2610
f 3355/27/2609 3354/26/2609 3350/27/2609
f 3355/27/2610 3338/27/2610 3354/26/2610
f 3350/27/2611 3356/28/2611 3355/27/2611
f 3357/28/2611 3355/27/2611 3356/28/2611
f 3357/28/2612 3358/28/2612 3355/27/2612
f 3338/27/2612 3355/27/2612 3358/28/2612
f 3358/28/2596 3337/28/2596 3338/27/2596
f 3356/28/2605 3350/27/2605 3347/28/2605
f 3359/25/2607 3351/26/2607 3353/25/2607
f 3359/25/2613 3360/25/2613 3351/26/2613
f 3360/25/2600 3343/25/2600 3344/26/2600
f 3344/26/2613 3351/26/2613 3360/25/2613
f 3333/25/2599 3335/26/2599 3343/25/2599
usemtl colormap.006
f 3361/29/2614 3363/29/2614 3362/29/2614
f 3364/29/2614 3362/29/2614 3363/29/2614
f 3365/29/2614 3362/29/2614 3364/29/2614
f 3366/29/2614 3365/29/2614 3364/29/2614
f 3367/29/2614 3365/29/2614 3366/29/2614
f 3368/29/2614 3367/29/2614 3366/29/2614
f 3369/30/2615 3362/29/2615 3370/30/2615
f 3365/29/2615 3370/30/2615 3362/29/2615
f 3371/30/2616 3372/30/2616 3363/29/2616
f 3364/29/2616 3363/29/2616 3372/30/2616
f 3372/30/2617 3373/30/2617 3364/29/2617
f 3366/29/2617 3364/29/2617 3373/30/2617
f 3366/29/2618 3373/30/2618 3368/29/2618
f 3374/30/2618 3368/29/2618 3373/30/2618
f 3375/30/2619 3361/29/2619 3369/30/2619
f 3362/29/2619 3369/30/2619 3361/29/2619
f 3367/29/2620 3368/29/2620 3376/30/2620
f 3374/30/2620 3376/30/2620 3368/29/2620
f 3370/30/2621 3365/29/2621 3376/30/2621
f 3367/29/2621 3376/30/2621 3365/29/2621
f 3375/30/2622 3371/30/2622 3361/29/2622
f 3363/29/2622 3361/29/2622 3371/30/2622
f 3377/31/2623 3372/30/2623 3378/31/2623
f 3371/30/2623 3378/31/2623 3372/30/2623
f 3379/31/2624 3373/30/2624 3377/31/2624
f 3372/30/2624 3377/31/2624 3373/30/2624
f 3375/30/2625 3369/30/2625 3380/31/2625
f 3381/31/2625 3380/31/2625 3369/30/2625
f 3382/31/2626 3370/30/2626 3383/31/2626
f 3376/30/2626 3383/31/2626 3370/30/2626
f 3384/31/2627 3383/31/2627 3374/30/2627
f 3376/30/2627 3374/30/2627 3383/31/2627
f 3373/30/2628 3379/31/2628 3374/30/2628
f 3384/31/2628 3374/30/2628 3379/31/2628
f 3381/31/2629 3369/30/2629 3382/31/2629
f 3370/30/2629 3382/31/2629 3369/30/2629
f 3371/30/2630 3375/30/2630 3378/31/2630
f 3380/31/2630 3378/31/2630 3375/30/2630
f 3380/31/2631 3381/31/2631 3378/31/2631
f 3377/31/2631 3378/31/2631 3381/31/2631
f 3382/31/2631 3377/31/2631 3381/31/2631
f 3383/31/2631 3377/31/2631 3382/31/2631
f 3379/31/2631 3377/31/2631 3383/31/2631
f 3384/31/2631 3379/31/2631 3383/31/2631
f 3388/32/2632 3385/33/2632 3386/34/2632
f 3385/33/2633 3387/35/2633 3386/34/2633
f 3385/33/2634 3390/29/2634 3387/35/2634
f 3385/33/2635 3388/32/2635 3389/33/2635
f 3385/33/2636 3389/33/2636 3390/29/2636
f 3391/36/2634 3394/37/2634 3390/29/2634
f 3390/29/2637 3392/29/2637 3391/36/2637
f 3392/29/2636 3390/29/2636 3389/33/2636
f 3393/38/2634 3387/35/2634 3390/29/2634
f 3394/37/2634 3393/38/2634 3390/29/2634
f 3391/36/2638 3395/31/2638 3394/37/2638
f 3394/37/2639 3395/31/2639 3396/37/2639
f 3396/37/2640 3397/38/2640 3394/37/2640
f 3393/38/2640 3394/37/2640 3397/38/2640
f 3398/35/2641 3387/35/2641 3397/38/2641
f 3398/35/2642 3397/38/2642 3389/33/2642
f 3392/29/2642 3389/33/2642 3397/38/2642
f 3396/37/2642 3392/29/2642 3397/38/2642
f 3393/38/2641 3397/38/2641 3387/35/2641
f 3399/34/2643 3386/34/2643 3398/35/2643
f 3398/35/2644 3389/33/2644 3399/34/2644
f 3387/35/2645 3398/35/2645 3386/34/2645
f 3399/34/2646 3389/33/2646 3400/32/2646
f 3399/34/2639 3400/32/2639 3386/34/2639
f 3400/32/2635 3389/33/2635 3388/32/2635
f 3388/32/2639 3386/34/2639 3400/32/2639
f 3401/36/2642 3392/29/2642 3396/37/2642
f 3396/37/2647 3402/31/2647 3401/36/2647
f 3402/31/2639 3396/37/2639 3395/31/2639
f 3402/31/2648 3403/39/2648 3401/36/2648
f 3403/39/2645 3402/31/2645 3404/39/2645
f 3395/31/2645 3404/39/2645 3402/31/2645
f 3404/39/2649 3391/36/2649 3403/39/2649
f 3391/36/2650 3404/39/2650 3395/31/2650
f 3401/36/2649 3403/39/2649 3391/36/2649
f 3401/36/2637 3391/36/2637 3392/29/2637
f 3408/32/2651 3405/33/2651 3406/34/2651
f 3405/33/2652 3407/35/2652 3406/34/2652
f 3405/33/2653 3410/29/2653 3407/35/2653
f 3405/33/2654 3408/32/2654 3409/33/2654
f 3405/33/2655 3409/33/2655 3410/29/2655
f 3411/36/2653 3414/37/2653 3410/29/2653
f 3410/29/2656 3412/29/2656 3411/36/2656
f 3412/29/2655 3410/29/2655 3409/33/2655
f 3413/38/2653 3407/35/2653 3410/29/2653
f 3414/37/2653 3413/38/2653 3410/29/2653
f 3411/36/2657 3415/31/2657 3414/37/2657
f 3414/37/2658 3415/31/2658 3416/37/2658
f 3416/37/2659 3417/38/2659 3414/37/2659
f 3413/38/2659 3414/37/2659 3417/38/2659
f 3418/35/2660 3407/35/2660 3417/38/2660
f 3418/35/2661 3417/38/2661 3409/33/2661
f 3412/29/2661 3409/33/2661 3417/38/2661
f 3416/37/2661 3412/29/2661 3417/38/2661
f 3413/38/2660 3417/38/2660 3407/35/2660
f 3419/34/2662 3406/34/2662 3418/35/2662
f 3418/35/2663 3409/33/2663 3419/34/2663
f 3407/35/2662 3418/35/2662 3406/34/2662
f 3419/34/2664 3409/33/2664 3420/32/2664
f 3419/34/2658 3420/32/2658 3406/34/2658
f 3420/32/2654 3409/33/2654 3408/32/2654
f 3408/32/2658 3406/34/2658 3420/32/2658
f 3421/36/2661 3412/29/2661 3416/37/2661
f 3416/37/2665 3422/31/2665 3421/36/2665
f 3422/31/2658 3416/37/2658 3415/31/2658
f 3422/31/2666 3423/39/2666 3421/36/2666
f 3423/39/2662 3422/31/2662 3424/39/2662
f 3415/31/2662 3424/39/2662 3422/31/2662
f 3424/39/2667 3411/36/2667 3423/39/2667
f 3411/36/2668 3424/39/2668 3415/31/2668
f 3421/36/2667 3423/39/2667 3411/36/2667
f 3421/36/2656 3411/36/2656 3412/29/2656
f 3428/32/2669 3425/33/2669 3426/34/2669
f 3425/33/2670 3427/35/2670 3426/34/2670
f 3425/33/2642 3430/29/2642 3427/35/2642
f 3425/33/2671 3428/32/2671 3429/33/2671
f 3425/33/2672 3429/33/2672 3430/29/2672
f 3431/36/2642 3434/37/2642 3430/29/2642
f 3430/29/2673 3432/29/2673 3431/36/2673
f 3432/29/2672 3430/29/2672 3429/33/2672
f 3433/38/2642 3427/35/2642 3430/29/2642
f 3434/37/2642 3433/38/2642 3430/29/2642
f 3431/36/2674 3435/31/2674 3434/37/2674
f 3434/37/2675 3435/31/2675 3436/37/2675
f 3436/37/2643 3437/38/2643 3434/37/2643
f 3433/38/2643 3434/37/2643 3437/38/2643
f 3438/35/2676 3427/35/2676 3437/38/2676
f 3438/35/2634 3437/38/2634 3429/33/2634
f 3432/29/2634 3429/33/2634 3437/38/2634
f 3436/37/2634 3432/29/2634 3437/38/2634
f 3433/38/2676 3437/38/2676 3427/35/2676
f 3439/34/2677 3426/34/2677 3438/35/2677
f 3438/35/2678 3429/33/2678 3439/34/2678
f 3427/35/2677 3438/35/2677 3426/34/2677
f 3439/34/2679 3429/33/2679 3440/32/2679
f 3439/34/2675 3440/32/2675 3426/34/2675
f 3440/32/2671 3429/33/2671 3428/32/2671
f 3428/32/2675 3426/34/2675 3440/32/2675
f 3441/36/2634 3432/29/2634 3436/37/2634
f 3436/37/2680 3442/31/2680 3441/36/2680
f 3442/31/2675 3436/37/2675 3435/31/2675
f 3442/31/2681 3443/39/2681 3441/36/2681
f 3443/39/2677 3442/31/2677 3444/39/2677
f 3435/31/2677 3444/39/2677 3442/31/2677
f 3444/39/2682 3431/36/2682 3443/39/2682
f 3431/36/2683 3444/39/2683 3435/31/2683
f 3441/36/2682 3443/39/2682 3431/36/2682
f 3441/36/2673 3431/36/2673 3432/29/2673
f 3448/32/2684 3445/33/2684 3446/34/2684
f 3445/33/2685 3447/35/2685 3446/34/2685
f 3445/33/2661 3450/29/2661 3447/35/2661
f 3445/33/2686 3448/32/2686 3449/33/2686
f 3445/33/2687 3449/33/2687 3450/29/2687
f 3451/36/2661 3454/37/2661 3450/29/2661
f 3450/29/2688 3452/29/2688 3451/36/2688
f 3452/29/2687 3450/29/2687 3449/33/2687
f 3453/38/2661 3447/35/2661 3450/29/2661
f 3454/37/2661 3453/38/2661 3450/29/2661
f 3451/36/2689 3455/31/2689 3454/37/2689
f 3454/37/2690 3455/31/2690 3456/37/2690
f 3456/37/2662 3457/38/2662 3454/37/2662
f 3453/38/2662 3454/37/2662 3457/38/2662
f 3458/35/2691 3447/35/2691 3457/38/2691
f 3458/35/2653 3457/38/2653 3449/33/2653
f 3452/29/2653 3449/33/2653 3457/38/2653
f 3456/37/2653 3452/29/2653 3457/38/2653
f 3453/38/2691 3457/38/2691 3447/35/2691
f 3459/34/2659 3446/34/2659 3458/35/2659
f 3458/35/2692 3449/33/2692 3459/34/2692
f 3447/35/2659 3458/35/2659 3446/34/2659
f 3459/34/2693 3449/33/2693 3460/32/2693
f 3459/34/2690 3460/32/2690 3446/34/2690
f 3460/32/2686 3449/33/2686 3448/32/2686
f 3448/32/2690 3446/34/2690 3460/32/2690
f 3461/36/2653 3452/29/2653 3456/37/2653
f 3456/37/2694 3462/31/2694 3461/36/2694
f 3462/31/2690 3456/37/2690 3455/31/2690
f 3462/31/2695 3463/39/2695 3461/36/2695
f 3463/39/2659 3462/31/2659 3464/39/2659
f 3455/31/2659 3464/39/2659 3462/31/2659
f 3464/39/2696 3451/36/2696 3463/39/2696
f 3451/36/2697 3464/39/2697 3455/31/2697
f 3461/36/2696 3463/39/2696 3451/36/2696
f 3461/36/2688 3451/36/2688 3452/29/2688
f 3468/40/2698 3465/41/2698 3466/42/2698
f 3465/41/2699 3467/43/2699 3466/42/2699
f 3465/41/2700 3470/31/2700 3467/43/2700
f 3465/41/2701 3468/40/2701 3469/41/2701
f 3465/41/2702 3469/41/2702 3470/31/2702
f 3471/44/2700 3474/45/2700 3470/31/2700
f 3470/31/2703 3472/31/2703 3471/44/2703
f 3472/31/2702 3470/31/2702 3469/41/2702
f 3473/46/2700 3467/43/2700 3470/31/2700
f 3474/45/2700 3473/46/2700 3470/31/2700
f 3471/44/2704 3475/47/2704 3474/45/2704
f 3474/45/2705 3475/47/2705 3476/45/2705
f 3476/45/2706 3477/46/2706 3474/45/2706
f 3473/46/2706 3474/45/2706 3477/46/2706
f 3478/43/2707 3467/43/2707 3477/46/2707
f 3478/43/2708 3477/46/2708 3469/41/2708
f 3472/31/2708 3469/41/2708 3477/46/2708
f 3476/45/2708 3472/31/2708 3477/46/2708
f 3473/46/2707 3477/46/2707 3467/43/2707
f 3479/42/2709 3466/42/2709 3478/43/2709
f 3478/43/2710 3469/41/2710 3479/42/2710
f 3467/43/2709 3478/43/2709 3466/42/2709
f 3479/42/2711 3469/41/2711 3480/40/2711
f 3479/42/2705 3480/40/2705 3466/42/2705
f 3480/40/2701 3469/41/2701 3468/40/2701
f 3468/40/2705 3466/42/2705 3480/40/2705
f 3481/44/2708 3472/31/2708 3476/45/2708
f 3476/45/2712 3482/47/2712 3481/44/2712
f 3482/47/2705 3476/45/2705 3475/47/2705
f 3482/47/2713 3483/48/2713 3481/44/2713
f 3483/48/2709 3482/47/2709 3484/48/2709
f 3475/47/2709 3484/48/2709 3482/47/2709
f 3484/48/2714 3471/44/2714 3483/48/2714
f 3471/44/2715 3484/48/2715 3475/47/2715
f 3481/44/2714 3483/48/2714 3471/44/2714
f 3481/44/2703 3471/44/2703 3472/31/2703
f 3488/40/2716 3485/41/2716 3486/42/2716
f 3485/41/2717 3487/43/2717 3486/42/2717
f 3485/41/2718 3490/31/2718 3487/43/2718
f 3485/41/2719 3488/40/2719 3489/41/2719
f 3485/41/2720 3489/41/2720 3490/31/2720
f 3491/44/2718 3494/45/2718 3490/31/2718
f 3490/31/2721 3492/31/2721 3491/44/2721
f 3492/31/2720 3490/31/2720 3489/41/2720
f 3493/46/2718 3487/43/2718 3490/31/2718
f 3494/45/2718 3493/46/2718 3490/31/2718
f 3491/44/2722 3495/47/2722 3494/45/2722
f 3494/45/2723 3495/47/2723 3496/45/2723
f 3496/45/2724 3497/46/2724 3494/45/2724
f 3493/46/2724 3494/45/2724 3497/46/2724
f 3498/43/2725 3487/43/2725 3497/46/2725
f 3498/43/2726 3497/46/2726 3489/41/2726
f 3492/31/2726 3489/41/2726 3497/46/2726
f 3496/45/2726 3492/31/2726 3497/46/2726
f 3493/46/2725 3497/46/2725 3487/43/2725
f 3499/42/2727 3486/42/2727 3498/43/2727
f 3498/43/2728 3489/41/2728 3499/42/2728
f 3487/43/2727 3498/43/2727 3486/42/2727
f 3499/42/2729 3489/41/2729 3500/40/2729
f 3499/42/2723 3500/40/2723 3486/42/2723
f 3500/40/2719 3489/41/2719 3488/40/2719
f 3488/40/2723 3486/42/2723 3500/40/2723
f 3501/44/2726 3492/31/2726 3496/45/2726
f 3496/45/2730 3502/47/2730 3501/44/2730
f 3502/47/2723 3496/45/2723 3495/47/2723
f 3502/47/2731 3503/48/2731 3501/44/2731
f 3503/48/2727 3502/47/2727 3504/48/2727
f 3495/47/2727 3504/48/2727 3502/47/2727
f 3504/48/2732 3491/44/2732 3503/48/2732
f 3491/44/2733 3504/48/2733 3495/47/2733
f 3501/44/2732 3503/48/2732 3491/44/2732
f 3501/44/2721 3491/44/2721 3492/31/2721
f 3508/40/2734 3505/41/2734 3506/42/2734
f 3505/41/2735 3507/43/2735 3506/42/2735
f 3505/41/2708 3510/31/2708 3507/43/2708
f 3505/41/2736 3508/40/2736 3509/41/2736
f 3505/41/2737 3509/41/2737 3510/31/2737
f 3511/44/2708 3514/45/2708 3510/31/2708
f 3510/31/2738 3512/31/2738 3511/44/2738
f 3512/31/2737 3510/31/2737 3509/41/2737
f 3513/46/2708 3507/43/2708 3510/31/2708
f 3514/45/2708 3513/46/2708 3510/31/2708
f 3511/44/2739 3515/47/2739 3514/45/2739
f 3514/45/2740 3515/47/2740 3516/45/2740
f 3516/45/2709 3517/46/2709 3514/45/2709
f 3513/46/2709 3514/45/2709 3517/46/2709
f 3518/43/2741 3507/43/2741 3517/46/2741
f 3518/43/2700 3517/46/2700 3509/41/2700
f 3512/31/2700 3509/41/2700 3517/46/2700
f 3516/45/2700 3512/31/2700 3517/46/2700
f 3513/46/2741 3517/46/2741 3507/43/2741
f 3519/42/2706 3506/42/2706 3518/43/2706
f 3518/43/2742 3509/41/2742 3519/42/2742
f 3507/43/2706 3518/43/2706 3506/42/2706
f 3519/42/2743 3509/41/2743 3520/40/2743
f 3519/42/2740 3520/40/2740 3506/42/2740
f 3520/40/2736 3509/41/2736 3508/40/2736
f 3508/40/2740 3506/42/2740 3520/40/2740
f 3521/44/2700 3512/31/2700 3516/45/2700
f 3516/45/2744 3522/47/2744 3521/44/2744
f 3522/47/2740 3516/45/2740 3515/47/2740
f 3522/47/2745 3523/48/2745 3521/44/2745
f 3523/48/2706 3522/47/2706 3524/48/2706
f 3515/47/2706 3524/48/2706 3522/47/2706
f 3524/48/2746 3511/44/2746 3523/48/2746
f 3511/44/2747 3524/48/2747 3515/47/2747
f 3521/44/2746 3523/48/2746 3511/44/2746
f 3521/44/2738 3511/44/2738 3512/31/2738
f 3528/40/2748 3525/41/2748 3526/42/2748
f 3525/41/2749 3527/43/2749 3526/42/2749
f 3525/41/2726 3530/31/2726 3527/43/2726
f 3525/41/2750 3528/40/2750 3529/41/2750
f 3525/41/2751 3529/41/2751 3530/31/2751
f 3531/44/2726 3534/45/2726 3530/31/2726
f 3530/31/2752 3532/31/2752 3531/44/2752
f 3532/31/2751 3530/31/2751 3529/41/2751
f 3533/46/2726 3527/43/2726 3530/31/2726
f 3534/45/2726 3533/46/2726 3530/31/2726
f 3531/44/2753 3535/47/2753 3534/45/2753
f 3534/45/2754 3535/47/2754 3536/45/2754
f 3536/45/2727 3537/46/2727 3534/45/2727
f 3533/46/2727 3534/45/2727 3537/46/2727
f 3538/43/2755 3527/43/2755 3537/46/2755
f 3538/43/2718 3537/46/2718 3529/41/2718
f 3532/31/2718 3529/41/2718 3537/46/2718
f 3536/45/2718 3532/31/2718 3537/46/2718
f 3533/46/2755 3537/46/2755 3527/43/2755
f 3539/42/2724 3526/42/2724 3538/43/2724
f 3538/43/2756 3529/41/2756 3539/42/2756
f 3527/43/2724 3538/43/2724 3526/42/2724
f 3539/42/2757 3529/41/2757 3540/40/2757
f 3539/42/2754 3540/40/2754 3526/42/2754
f 3540/40/2750 3529/41/2750 3528/40/2750
f 3528/40/2754 3526/42/2754 3540/40/2754
f 3541/44/2718 3532/31/2718 3536/45/2718
f 3536/45/2758 3542/47/2758 3541/44/2758
f 3542/47/2754 3536/45/2754 3535/47/2754
f 3542/47/2759 3543/48/2759 3541/44/2759
f 3543/48/2724 3542/47/2724 3544/48/2724
f 3535/47/2724 3544/48/2724 3542/47/2724
f 3544/48/2760 3531/44/2760 3543/48/2760
f 3531/44/2761 3544/48/2761 3535/47/2761
f 3541/44/2760 3543/48/2760 3531/44/2760
f 3541/44/2752 3531/44/2752 3532/31/2752
f 3545/29/2762 3547/29/2762 3546/29/2762
f 3548/29/2762 3546/29/2762 3547/29/2762
f 3549/29/2762 3546/29/2762 3548/29/2762
f 3550/29/2762 3549/29/2762 3548/29/2762
f 3551/29/2762 3549/29/2762 3550/29/2762
f 3552/29/2762 3551/29/2762 3550/29/2762
f 3553/30/2763 3546/29/2763 3554/30/2763
f 3549/29/2763 3554/30/2763 3546/29/2763
f 3555/30/2764 3556/30/2764 3547/29/2764
f 3548/29/2764 3547/29/2764 3556/30/2764
f 3556/30/2765 3557/30/2765 3548/29/2765
f 3550/29/2765 3548/29/2765 3557/30/2765
f 3550/29/2766 3557/30/2766 3552/29/2766
f 3558/30/2767 3552/29/2767 3557/30/2767
f 3559/30/2768 3545/29/2768 3553/30/2768
f 3546/29/2768 3553/30/2768 3545/29/2768
f 3551/29/2769 3552/29/2769 3560/30/2769
f 3558/30/2770 3560/30/2770 3552/29/2770
f 3554/30/2771 3549/29/2771 3560/30/2771
f 3551/29/2771 3560/30/2771 3549/29/2771
f 3559/30/2772 3555/30/2772 3545/29/2772
f 3547/29/2772 3545/29/2772 3555/30/2772
f 3561/31/2773 3556/30/2773 3562/31/2773
f 3555/30/2773 3562/31/2773 3556/30/2773
f 3563/31/2774 3557/30/2774 3561/31/2774
f 3556/30/2774 3561/31/2774 3557/30/2774
f 3559/30/2775 3553/30/2775 3564/31/2775
f 3565/31/2775 3564/31/2775 3553/30/2775
f 3566/31/2776 3554/30/2776 3567/31/2776
f 3560/30/2776 3567/31/2776 3554/30/2776
f 3568/31/2777 3567/31/2777 3558/30/2777
f 3560/30/2777 3558/30/2777 3567/31/2777
f 3557/30/2778 3563/31/2778 3558/30/2778
f 3568/31/2778 3558/30/2778 3563/31/2778
f 3565/31/2779 3553/30/2779 3566/31/2779
f 3554/30/2779 3566/31/2779 3553/30/2779
f 3555/30/2780 3559/30/2780 3562/31/2780
f 3564/31/2780 3562/31/2780 3559/30/2780
f 3564/31/2781 3565/31/2781 3562/31/2781
f 3561/31/2781 3562/31/2781 3565/31/2781
f 3566/31/2781 3561/31/2781 3565/31/2781
f 3567/31/2781 3561/31/2781 3566/31/2781
f 3563/31/2781 3561/31/2781 3567/31/2781
f 3568/31/2781 3563/31/2781 3567/31/2781
f 3572/32/2782 3569/33/2782 3570/34/2782
f 3569/33/2783 3571/35/2783 3570/34/2783
f 3569/33/2784 3574/29/2784 3571/35/2784
f 3569/33/2785 3572/32/2785 3573/33/2785
f 3569/33/2786 3573/33/2786 3574/29/2786
f 3575/36/2784 3578/37/2784 3574/29/2784
f 3574/29/2787 3576/29/2787 3575/36/2787
f 3576/29/2786 3574/29/2786 3573/33/2786
f 3577/38/2784 3571/35/2784 3574/29/2784
f 3578/37/2784 3577/38/2784 3574/29/2784
f 3575/36/2788 3579/31/2788 3578/37/2788
f 3578/37/2789 3579/31/2789 3580/37/2789
f 3580/37/2790 3581/38/2790 3578/37/2790
f 3577/38/2790 3578/37/2790 3581/38/2790
f 3582/35/2791 3571/35/2791 3581/38/2791
f 3582/35/2792 3581/38/2792 3573/33/2792
f 3576/29/2792 3573/33/2792 3581/38/2792
f 3580/37/2792 3576/29/2792 3581/38/2792
f 3577/38/2791 3581/38/2791 3571/35/2791
f 3583/34/2793 3570/34/2793 3582/35/2793
f 3582/35/2794 3573/33/2794 3583/34/2794
f 3571/35/2793 3582/35/2793 3570/34/2793
f 3583/34/2795 3573/33/2795 3584/32/2795
f 3583/34/2789 3584/32/2789 3570/34/2789
f 3584/32/2796 3573/33/2796 3572/32/2796
f 3572/32/2789 3570/34/2789 3584/32/2789
f 3585/36/2792 3576/29/2792 3580/37/2792
f 3580/37/2797 3586/31/2797 3585/36/2797
f 3586/31/2789 3580/37/2789 3579/31/2789
f 3586/31/2798 3587/39/2798 3585/36/2798
f 3587/39/2793 3586/31/2793 3588/39/2793
f 3579/31/2793 3588/39/2793 3586/31/2793
f 3588/39/2799 3575/36/2799 3587/39/2799
f 3575/36/2800 3588/39/2800 3579/31/2800
f 3585/36/2799 3587/39/2799 3575/36/2799
f 3585/36/2787 3575/36/2787 3576/29/2787
f 3592/32/2801 3589/33/2801 3590/34/2801
f 3589/33/2802 3591/35/2802 3590/34/2802
f 3589/33/2653 3594/29/2653 3591/35/2653
f 3589/33/2803 3592/32/2803 3593/33/2803
f 3589/33/2804 3593/33/2804 3594/29/2804
f 3595/36/2653 3598/37/2653 3594/29/2653
f 3594/29/2805 3596/29/2805 3595/36/2805
f 3596/29/2804 3594/29/2804 3593/33/2804
f 3597/38/2653 3591/35/2653 3594/29/2653
f 3598/37/2653 3597/38/2653 3594/29/2653
f 3595/36/2806 3599/31/2806 3598/37/2806
f 3598/37/2807 3599/31/2807 3600/37/2807
f 3600/37/2808 3601/38/2808 3598/37/2808
f 3597/38/2808 3598/37/2808 3601/38/2808
f 3602/35/2809 3591/35/2809 3601/38/2809
f 3602/35/2661 3601/38/2661 3593/33/2661
f 3596/29/2661 3593/33/2661 3601/38/2661
f 3600/37/2661 3596/29/2661 3601/38/2661
f 3597/38/2809 3601/38/2809 3591/35/2809
f 3603/34/2810 3590/34/2810 3602/35/2810
f 3602/35/2811 3593/33/2811 3603/34/2811
f 3591/35/2810 3602/35/2810 3590/34/2810
f 3603/34/2812 3593/33/2812 3604/32/2812
f 3603/34/2807 3604/32/2807 3590/34/2807
f 3604/32/2803 3593/33/2803 3592/32/2803
f 3592/32/2807 3590/34/2807 3604/32/2807
f 3605/36/2661 3596/29/2661 3600/37/2661
f 3600/37/2813 3606/31/2813 3605/36/2813
f 3606/31/2807 3600/37/2807 3599/31/2807
f 3606/31/2814 3607/39/2814 3605/36/2814
f 3607/39/2810 3606/31/2810 3608/39/2810
f 3599/31/2810 3608/39/2810 3606/31/2810
f 3608/39/2815 3595/36/2815 3607/39/2815
f 3595/36/2816 3608/39/2816 3599/31/2816
f 3605/36/2815 3607/39/2815 3595/36/2815
f 3605/36/2805 3595/36/2805 3596/29/2805
f 3612/32/2817 3609/33/2817 3610/34/2817
f 3609/33/2818 3611/35/2818 3610/34/2818
f 3609/33/2792 3614/29/2792 3611/35/2792
f 3609/33/2819 3612/32/2819 3613/33/2819
f 3609/33/2820 3613/33/2820 3614/29/2820
f 3615/36/2792 3618/37/2792 3614/29/2792
f 3614/29/2821 3616/29/2821 3615/36/2821
f 3616/29/2820 3614/29/2820 3613/33/2820
f 3617/38/2792 3611/35/2792 3614/29/2792
f 3618/37/2792 3617/38/2792 3614/29/2792
f 3615/36/2822 3619/31/2822 3618/37/2822
f 3618/37/2823 3619/31/2823 3620/37/2823
f 3620/37/2793 3621/38/2793 3618/37/2793
f 3617/38/2793 3618/37/2793 3621/38/2793
f 3622/35/2824 3611/35/2824 3621/38/2824
f 3622/35/2784 3621/38/2784 3613/33/2784
f 3616/29/2784 3613/33/2784 3621/38/2784
f 3620/37/2784 3616/29/2784 3621/38/2784
f 3617/38/2824 3621/38/2824 3611/35/2824
f 3623/34/2790 3610/34/2790 3622/35/2790
f 3622/35/2825 3613/33/2825 3623/34/2825
f 3611/35/2790 3622/35/2790 3610/34/2790
f 3623/34/2826 3613/33/2826 3624/32/2826
f 3623/34/2823 3624/32/2823 3610/34/2823
f 3624/32/2819 3613/33/2819 3612/32/2819
f 3612/32/2823 3610/34/2823 3624/32/2823
f 3625/36/2784 3616/29/2784 3620/37/2784
f 3620/37/2827 3626/31/2827 3625/36/2827
f 3626/31/2823 3620/37/2823 3619/31/2823
f 3626/31/2828 3627/39/2828 3625/36/2828
f 3627/39/2790 3626/31/2790 3628/39/2790
f 3619/31/2790 3628/39/2790 3626/31/2790
f 3628/39/2829 3615/36/2829 3627/39/2829
f 3615/36/2830 3628/39/2830 3619/31/2830
f 3625/36/2829 3627/39/2829 3615/36/2829
f 3625/36/2821 3615/36/2821 3616/29/2821
f 3632/32/2831 3629/33/2831 3630/34/2831
f 3629/33/2832 3631/35/2832 3630/34/2832
f 3629/33/2661 3634/29/2661 3631/35/2661
f 3629/33/2833 3632/32/2833 3633/33/2833
f 3629/33/2834 3633/33/2834 3634/29/2834
f 3635/36/2661 3638/37/2661 3634/29/2661
f 3634/29/2835 3636/29/2835 3635/36/2835
f 3636/29/2834 3634/29/2834 3633/33/2834
f 3637/38/2661 3631/35/2661 3634/29/2661
f 3638/37/2661 3637/38/2661 3634/29/2661
f 3635/36/2836 3639/31/2836 3638/37/2836
f 3638/37/2837 3639/31/2837 3640/37/2837
f 3640/37/2810 3641/38/2810 3638/37/2810
f 3637/38/2810 3638/37/2810 3641/38/2810
f 3642/35/2838 3631/35/2838 3641/38/2838
f 3642/35/2653 3641/38/2653 3633/33/2653
f 3636/29/2653 3633/33/2653 3641/38/2653
f 3640/37/2653 3636/29/2653 3641/38/2653
f 3637/38/2838 3641/38/2838 3631/35/2838
f 3643/34/2808 3630/34/2808 3642/35/2808
f 3642/35/2839 3633/33/2839 3643/34/2839
f 3631/35/2808 3642/35/2808 3630/34/2808
f 3643/34/2840 3633/33/2840 3644/32/2840
f 3643/34/2837 3644/32/2837 3630/34/2837
f 3644/32/2833 3633/33/2833 3632/32/2833
f 3632/32/2837 3630/34/2837 3644/32/2837
f 3645/36/2653 3636/29/2653 3640/37/2653
f 3640/37/2841 3646/31/2841 3645/36/2841
f 3646/31/2837 3640/37/2837 3639/31/2837
f 3646/31/2842 3647/39/2842 3645/36/2842
f 3647/39/2808 3646/31/2808 3648/39/2808
f 3639/31/2808 3648/39/2808 3646/31/2808
f 3648/39/2843 3635/36/2843 3647/39/2843
f 3635/36/2844 3648/39/2844 3639/31/2844
f 3645/36/2843 3647/39/2843 3635/36/2843
f 3645/36/2835 3635/36/2835 3636/29/2835
f 3652/40/2845 3649/41/2845 3650/42/2845
f 3649/41/2846 3651/43/2846 3650/42/2846
f 3649/41/2847 3654/31/2847 3651/43/2847
f 3649/41/2848 3652/40/2848 3653/41/2848
f 3649/41/2849 3653/41/2849 3654/31/2849
f 3655/44/2847 3658/45/2847 3654/31/2847
f 3654/31/2850 3656/31/2850 3655/44/2850
f 3656/31/2849 3654/31/2849 3653/41/2849
f 3657/46/2847 3651/43/2847 3654/31/2847
f 3658/45/2847 3657/46/2847 3654/31/2847
f 3655/44/2851 3659/47/2851 3658/45/2851
f 3658/45/2852 3659/47/2852 3660/45/2852
f 3660/45/2853 3661/46/2853 3658/45/2853
f 3657/46/2853 3658/45/2853 3661/46/2853
f 3662/43/2854 3651/43/2854 3661/46/2854
f 3662/43/2855 3661/46/2855 3653/41/2855
f 3656/31/2855 3653/41/2855 3661/46/2855
f 3660/45/2855 3656/31/2855 3661/46/2855
f 3657/46/2854 3661/46/2854 3651/43/2854
f 3663/42/2856 3650/42/2856 3662/43/2856
f 3662/43/2857 3653/41/2857 3663/42/2857
f 3651/43/2856 3662/43/2856 3650/42/2856
f 3663/42/2858 3653/41/2858 3664/40/2858
f 3663/42/2852 3664/40/2852 3650/42/2852
f 3664/40/2848 3653/41/2848 3652/40/2848
f 3652/40/2852 3650/42/2852 3664/40/2852
f 3665/44/2855 3656/31/2855 3660/45/2855
f 3660/45/2859 3666/47/2859 3665/44/2859
f 3666/47/2852 3660/45/2852 3659/47/2852
f 3666/47/2860 3667/48/2860 3665/44/2860
f 3667/48/2856 3666/47/2856 3668/48/2856
f 3659/47/2856 3668/48/2856 3666/47/2856
f 3668/48/2861 3655/44/2861 3667/48/2861
f 3655/44/2862 3668/48/2862 3659/47/2862
f 3665/44/2861 3667/48/2861 3655/44/2861
f 3665/44/2850 3655/44/2850 3656/31/2850
f 3672/40/2863 3669/41/2863 3670/42/2863
f 3669/41/2864 3671/43/2864 3670/42/2864
f 3669/41/2865 3674/31/2865 3671/43/2865
f 3669/41/2866 3672/40/2866 3673/41/2866
f 3669/41/2867 3673/41/2867 3674/31/2867
f 3675/44/2865 3678/45/2865 3674/31/2865
f 3674/31/2868 3676/31/2868 3675/44/2868
f 3676/31/2867 3674/31/2867 3673/41/2867
f 3677/46/2865 3671/43/2865 3674/31/2865
f 3678/45/2865 3677/46/2865 3674/31/2865
f 3675/44/2869 3679/47/2869 3678/45/2869
f 3678/45/2870 3679/47/2870 3680/45/2870
f 3680/45/2871 3681/46/2871 3678/45/2871
f 3677/46/2871 3678/45/2871 3681/46/2871
f 3682/43/2872 3671/43/2872 3681/46/2872
f 3682/43/2873 3681/46/2873 3673/41/2873
f 3676/31/2873 3673/41/2873 3681/46/2873
f 3680/45/2873 3676/31/2873 3681/46/2873
f 3677/46/2872 3681/46/2872 3671/43/2872
f 3683/42/2874 3670/42/2874 3682/43/2874
f 3682/43/2875 3673/41/2875 3683/42/2875
f 3671/43/2876 3682/43/2876 3670/42/2876
f 3683/42/2877 3673/41/2877 3684/40/2877
f 3683/42/2870 3684/40/2870 3670/42/2870
f 3684/40/2866 3673/41/2866 3672/40/2866
f 3672/40/2870 3670/42/2870 3684/40/2870
f 3685/44/2873 3676/31/2873 3680/45/2873
f 3680/45/2878 3686/47/2878 3685/44/2878
f 3686/47/2870 3680/45/2870 3679/47/2870
f 3686/47/2879 3687/48/2879 3685/44/2879
f 3687/48/2876 3686/47/2876 3688/48/2876
f 3679/47/2876 3688/48/2876 3686/47/2876
f 3688/48/2880 3675/44/2880 3687/48/2880
f 3675/44/2881 3688/48/2881 3679/47/2881
f 3685/44/2880 3687/48/2880 3675/44/2880
f 3685/44/2868 3675/44/2868 3676/31/2868
f 3692/40/2882 3689/41/2882 3690/42/2882
f 3689/41/2883 3691/43/2883 3690/42/2883
f 3689/41/2855 3694/31/2855 3691/43/2855
f 3689/41/2884 3692/40/2884 3693/41/2884
f 3689/41/2885 3693/41/2885 3694/31/2885
f 3695/44/2855 3698/45/2855 3694/31/2855
f 3694/31/2886 3696/31/2886 3695/44/2886
f 3696/31/2885 3694/31/2885 3693/41/2885
f 3697/46/2855 3691/43/2855 3694/31/2855
f 3698/45/2855 3697/46/2855 3694/31/2855
f 3695/44/2887 3699/47/2887 3698/45/2887
f 3698/45/2888 3699/47/2888 3700/45/2888
f 3700/45/2856 3701/46/2856 3698/45/2856
f 3697/46/2856 3698/45/2856 3701/46/2856
f 3702/43/2889 3691/43/2889 3701/46/2889
f 3702/43/2847 3701/46/2847 3693/41/2847
f 3696/31/2847 3693/41/2847 3701/46/2847
f 3700/45/2847 3696/31/2847 3701/46/2847
f 3697/46/2889 3701/46/2889 3691/43/2889
f 3703/42/2853 3690/42/2853 3702/43/2853
f 3702/43/2890 3693/41/2890 3703/42/2890
f 3691/43/2853 3702/43/2853 3690/42/2853
f 3703/42/2891 3693/41/2891 3704/40/2891
f 3703/42/2888 3704/40/2888 3690/42/2888
f 3704/40/2884 3693/41/2884 3692/40/2884
f 3692/40/2888 3690/42/2888 3704/40/2888
f 3705/44/2847 3696/31/2847 3700/45/2847
f 3700/45/2892 3706/47/2892 3705/44/2892
f 3706/47/2888 3700/45/2888 3699/47/2888
f 3706/47/2893 3707/48/2893 3705/44/2893
f 3707/48/2853 3706/47/2853 3708/48/2853
f 3699/47/2853 3708/48/2853 3706/47/2853
f 3708/48/2894 3695/44/2894 3707/48/2894
f 3695/44/2895 3708/48/2895 3699/47/2895
f 3705/44/2894 3707/48/2894 3695/44/2894
f 3705/44/2886 3695/44/2886 3696/31/2886
f 3712/40/2896 3709/41/2896 3710/42/2896
f 3709/41/2897 3711/43/2897 3710/42/2897
f 3709/41/2873 3714/31/2873 3711/43/2873
f 3709/41/2898 3712/40/2898 3713/41/2898
f 3709/41/2899 3713/41/2899 3714/31/2899
f 3715/44/2873 3718/45/2873 3714/31/2873
f 3714/31/2900 3716/31/2900 3715/44/2900
f 3716/31/2899 3714/31/2899 3713/41/2899
f 3717/46/2873 3711/43/2873 3714/31/2873
f 3718/45/2873 3717/46/2873 3714/31/2873
f 3715/44/2901 3719/47/2901 3718/45/2901
f 3718/45/2902 3719/47/2902 3720/45/2902
f 3720/45/2876 3721/46/2876 3718/45/2876
f 3717/46/2876 3718/45/2876 3721/46/2876
f 3722/43/2903 3711/43/2903 3721/46/2903
f 3722/43/2865 3721/46/2865 3713/41/2865
f 3716/31/2865 3713/41/2865 3721/46/2865
f 3720/45/2865 3716/31/2865 3721/46/2865
f 3717/46/2903 3721/46/2903 3711/43/2903
f 3723/42/2871 3710/42/2871 3722/43/2871
f 3722/43/2904 3713/41/2904 3723/42/2904
f 3711/43/2871 3722/43/2871 3710/42/2871
f 3723/42/2905 3713/41/2905 3724/40/2905
f 3723/42/2902 3724/40/2902 3710/42/2902
f 3724/40/2898 3713/41/2898 3712/40/2898
f 3712/40/2902 3710/42/2902 3724/40/2902
f 3725/44/2865 3716/31/2865 3720/45/2865
f 3720/45/2906 3726/47/2906 3725/44/2906
f 3726/47/2902 3720/45/2902 3719/47/2902
f 3726/47/2907 3727/48/2907 3725/44/2907
f 3727/48/2871 3726/47/2871 3728/48/2871
f 3719/47/2871 3728/48/2871 3726/47/2871
f 3728/48/2908 3715/44/2908 3727/48/2908
f 3715/44/2909 3728/48/2909 3719/47/2909
f 3725/44/2908 3727/48/2908 3715/44/2908
f 3725/44/2900 3715/44/2900 3716/31/2900
f 3729/29/2910 3731/29/2910 3730/29/2910
f 3732/29/2910 3730/29/2910 3731/29/2910
f 3733/29/2910 3730/29/2910 3732/29/2910
f 3734/29/2910 3733/29/2910 3732/29/2910
f 3735/29/2910 3733/29/2910 3734/29/2910
f 3736/29/2910 3735/29/2910 3734/29/2910
f 3737/30/2911 3730/29/2911 3738/30/2911
f 3733/29/2911 3738/30/2911 3730/29/2911
f 3739/30/2912 3740/30/2912 3731/29/2912
f 3732/29/2912 3731/29/2912 3740/30/2912
f 3740/30/2913 3741/30/2913 3732/29/2913
f 3734/29/2913 3732/29/2913 3741/30/2913
f 3734/29/2914 3741/30/2914 3736/29/2914
f 3742/30/2914 3736/29/2914 3741/30/2914
f 3743/30/2915 3729/29/2915 3737/30/2915
f 3730/29/2915 3737/30/2915 3729/29/2915
f 3735/29/2916 3736/29/2916 3744/30/2916
f 3742/30/2916 3744/30/2916 3736/29/2916
f 3738/30/2917 3733/29/2917 3744/30/2917
f 3735/29/2917 3744/30/2917 3733/29/2917
f 3743/30/2918 3739/30/2918 3729/29/2918
f 3731/29/2918 3729/29/2918 3739/30/2918
f 3745/31/2919 3740/30/2919 3746/31/2919
f 3739/30/2919 3746/31/2919 3740/30/2919
f 3747/31/2920 3741/30/2920 3745/31/2920
f 3740/30/2920 3745/31/2920 3741/30/2920
f 3743/30/2921 3737/30/2921 3748/31/2921
f 3749/31/2921 3748/31/2921 3737/30/2921
f 3750/31/2922 3738/30/2922 3751/31/2922
f 3744/30/2922 3751/31/2922 3738/30/2922
f 3752/31/2923 3751/31/2923 3742/30/2923
f 3744/30/2923 3742/30/2923 3751/31/2923
f 3741/30/2924 3747/31/2924 3742/30/2924
f 3752/31/2924 3742/30/2924 3747/31/2924
f 3749/31/2925 3737/30/2925 3750/31/2925
f 3738/30/2925 3750/31/2925 3737/30/2925
f 3739/30/2926 3743/30/2926 3746/31/2926
f 3748/31/2926 3746/31/2926 3743/30/2926
f 3748/31/2927 3749/31/2927 3746/31/2927
f 3745/31/2927 3746/31/2927 3749/31/2927
f 3750/31/2927 3745/31/2927 3749/31/2927
f 3751/31/2927 3745/31/2927 3750/31/2927
f 3747/31/2927 3745/31/2927 3751/31/2927
f 3752/31/2927 3747/31/2927 3751/31/2927
f 3756/32/2928 3753/33/2928 3754/34/2928
f 3753/33/2929 3755/35/2929 3754/34/2929
f 3753/33/2930 3758/29/2930 3755/35/2930
f 3753/33/2931 3756/32/2931 3757/33/2931
f 3753/33/2932 3757/33/2932 3758/29/2932
f 3759/36/2930 3762/37/2930 3758/29/2930
f 3758/29/2933 3760/29/2933 3759/36/2933
f 3760/29/2932 3758/29/2932 3757/33/2932
f 3761/38/2930 3755/35/2930 3758/29/2930
f 3762/37/2930 3761/38/2930 3758/29/2930
f 3759/36/2934 3763/31/2934 3762/37/2934
f 3762/37/2935 3763/31/2935 3764/37/2935
f 3764/37/2936 3765/38/2936 3762/37/2936
f 3761/38/2936 3762/37/2936 3765/38/2936
f 3766/35/2937 3755/35/2937 3765/38/2937
f 3766/35/2938 3765/38/2938 3757/33/2938
f 3760/29/2938 3757/33/2938 3765/38/2938
f 3764/37/2938 3760/29/2938 3765/38/2938
f 3761/38/2937 3765/38/2937 3755/35/2937
f 3767/34/2939 3754/34/2939 3766/35/2939
f 3766/35/2940 3757/33/2940 3767/34/2940
f 3755/35/2939 3766/35/2939 3754/34/2939
f 3767/34/2941 3757/33/2941 3768/32/2941
f 3767/34/2935 3768/32/2935 3754/34/2935
f 3768/32/2931 3757/33/2931 3756/32/2931
f 3756/32/2935 3754/34/2935 3768/32/2935
f 3769/36/2938 3760/29/2938 3764/37/2938
f 3764/37/2942 3770/31/2942 3769/36/2942
f 3770/31/2935 3764/37/2935 3763/31/2935
f 3770/31/2943 3771/39/2943 3769/36/2943
f 3771/39/2939 3770/31/2939 3772/39/2939
f 3763/31/2939 3772/39/2939 3770/31/2939
f 3772/39/2944 3759/36/2944 3771/39/2944
f 3759/36/2945 3772/39/2945 3763/31/2945
f 3769/36/2944 3771/39/2944 3759/36/2944
f 3769/36/2933 3759/36/2933 3760/29/2933
f 3776/32/2946 3773/33/2946 3774/34/2946
f 3773/33/2947 3775/35/2947 3774/34/2947
f 3773/33/2948 3778/29/2948 3775/35/2948
f 3773/33/2949 3776/32/2949 3777/33/2949
f 3773/33/2950 3777/33/2950 3778/29/2950
f 3779/36/2948 3782/37/2948 3778/29/2948
f 3778/29/2951 3780/29/2951 3779/36/2951
f 3780/29/2950 3778/29/2950 3777/33/2950
f 3781/38/2948 3775/35/2948 3778/29/2948
f 3782/37/2948 3781/38/2948 3778/29/2948
f 3779/36/2952 3783/31/2952 3782/37/2952
f 3782/37/2953 3783/31/2953 3784/37/2953
f 3784/37/2954 3785/38/2954 3782/37/2954
f 3781/38/2954 3782/37/2954 3785/38/2954
f 3786/35/2955 3775/35/2955 3785/38/2955
f 3786/35/2956 3785/38/2956 3777/33/2956
f 3780/29/2956 3777/33/2956 3785/38/2956
f 3784/37/2956 3780/29/2956 3785/38/2956
f 3781/38/2955 3785/38/2955 3775/35/2955
f 3787/34/2957 3774/34/2957 3786/35/2957
f 3786/35/2958 3777/33/2958 3787/34/2958
f 3775/35/2957 3786/35/2957 3774/34/2957
f 3787/34/2959 3777/33/2959 3788/32/2959
f 3787/34/2953 3788/32/2953 3774/34/2953
f 3788/32/2960 3777/33/2960 3776/32/2960
f 3776/32/2953 3774/34/2953 3788/32/2953
f 3789/36/2956 3780/29/2956 3784/37/2956
f 3784/37/2961 3790/31/2961 3789/36/2961
f 3790/31/2953 3784/37/2953 3783/31/2953
f 3790/31/2962 3791/39/2962 3789/36/2962
f 3791/39/2957 3790/31/2957 3792/39/2957
f 3783/31/2957 3792/39/2957 3790/31/2957
f 3792/39/2963 3779/36/2963 3791/39/2963
f 3779/36/2964 3792/39/2964 3783/31/2964
f 3789/36/2963 3791/39/2963 3779/36/2963
f 3789/36/2951 3779/36/2951 3780/29/2951
f 3796/32/2965 3793/33/2965 3794/34/2965
f 3793/33/2966 3795/35/2966 3794/34/2966
f 3793/33/2938 3798/29/2938 3795/35/2938
f 3793/33/2967 3796/32/2967 3797/33/2967
f 3793/33/2968 3797/33/2968 3798/29/2968
f 3799/36/2938 3802/37/2938 3798/29/2938
f 3798/29/2969 3800/29/2969 3799/36/2969
f 3800/29/2968 3798/29/2968 3797/33/2968
f 3801/38/2938 3795/35/2938 3798/29/2938
f 3802/37/2938 3801/38/2938 3798/29/2938
f 3799/36/2970 3803/31/2970 3802/37/2970
f 3802/37/2971 3803/31/2971 3804/37/2971
f 3804/37/2939 3805/38/2939 3802/37/2939
f 3801/38/2939 3802/37/2939 3805/38/2939
f 3806/35/2972 3795/35/2972 3805/38/2972
f 3806/35/2930 3805/38/2930 3797/33/2930
f 3800/29/2930 3797/33/2930 3805/38/2930
f 3804/37/2930 3800/29/2930 3805/38/2930
f 3801/38/2972 3805/38/2972 3795/35/2972
f 3807/34/2936 3794/34/2936 3806/35/2936
f 3806/35/2973 3797/33/2973 3807/34/2973
f 3795/35/2936 3806/35/2936 3794/34/2936
f 3807/34/2974 3797/33/2974 3808/32/2974
f 3807/34/2971 3808/32/2971 3794/34/2971
f 3808/32/2967 3797/33/2967 3796/32/2967
f 3796/32/2971 3794/34/2971 3808/32/2971
f 3809/36/2930 3800/29/2930 3804/37/2930
f 3804/37/2975 3810/31/2975 3809/36/2975
f 3810/31/2971 3804/37/2971 3803/31/2971
f 3810/31/2976 3811/39/2976 3809/36/2976
f 3811/39/2936 3810/31/2936 3812/39/2936
f 3803/31/2936 3812/39/2936 3810/31/2936
f 3812/39/2977 3799/36/2977 3811/39/2977
f 3799/36/2978 3812/39/2978 3803/31/2978
f 3809/36/2977 3811/39/2977 3799/36/2977
f 3809/36/2969 3799/36/2969 3800/29/2969
f 3816/32/2979 3813/33/2979 3814/34/2979
f 3813/33/2980 3815/35/2980 3814/34/2980
f 3813/33/2956 3818/29/2956 3815/35/2956
f 3813/33/2981 3816/32/2981 3817/33/2981
f 3813/33/2982 3817/33/2982 3818/29/2982
f 3819/36/2956 3822/37/2956 3818/29/2956
f 3818/29/2983 3820/29/2983 3819/36/2983
f 3820/29/2982 3818/29/2982 3817/33/2982
f 3821/38/2956 3815/35/2956 3818/29/2956
f 3822/37/2956 3821/38/2956 3818/29/2956
f 3819/36/2984 3823/31/2984 3822/37/2984
f 3822/37/2985 3823/31/2985 3824/37/2985
f 3824/37/2957 3825/38/2957 3822/37/2957
f 3821/38/2957 3822/37/2957 3825/38/2957
f 3826/35/2986 3815/35/2986 3825/38/2986
f 3826/35/2948 3825/38/2948 3817/33/2948
f 3820/29/2948 3817/33/2948 3825/38/2948
f 3824/37/2948 3820/29/2948 3825/38/2948
f 3821/38/2986 3825/38/2986 3815/35/2986
f 3827/34/2954 3814/34/2954 3826/35/2954
f 3826/35/2987 3817/33/2987 3827/34/2987
f 3815/35/2954 3826/35/2954 3814/34/2954
f 3827/34/2988 3817/33/2988 3828/32/2988
f 3827/34/2985 3828/32/2985 3814/34/2985
f 3828/32/2981 3817/33/2981 3816/32/2981
f 3816/32/2985 3814/34/2985 3828/32/2985
f 3829/36/2948 3820/29/2948 3824/37/2948
f 3824/37/2989 3830/31/2989 3829/36/2989
f 3830/31/2985 3824/37/2985 3823/31/2985
f 3830/31/2990 3831/39/2990 3829/36/2990
f 3831/39/2954 3830/31/2954 3832/39/2954
f 3823/31/2954 3832/39/2954 3830/31/2954
f 3832/39/2991 3819/36/2991 3831/39/2991
f 3819/36/2992 3832/39/2992 3823/31/2992
f 3829/36/2991 3831/39/2991 3819/36/2991
f 3829/36/2983 3819/36/2983 3820/29/2983
f 3836/40/2993 3833/41/2993 3834/42/2993
f 3833/41/2994 3835/43/2994 3834/42/2994
f 3833/41/2995 3838/31/2995 3835/43/2995
f 3833/41/2996 3836/40/2996 3837/41/2996
f 3833/41/2997 3837/41/2997 3838/31/2997
f 3839/44/2995 3842/45/2995 3838/31/2995
f 3838/31/2998 3840/31/2998 3839/44/2998
f 3840/31/2997 3838/31/2997 3837/41/2997
f 3841/46/2995 3835/43/2995 3838/31/2995
f 3842/45/2995 3841/46/2995 3838/31/2995
f 3839/44/2999 3843/47/2999 3842/45/2999
f 3842/45/3000 3843/47/3000 3844/45/3000
f 3844/45/3001 3845/46/3001 3842/45/3001
f 3841/46/3001 3842/45/3001 3845/46/3001
f 3846/43/3002 3835/43/3002 3845/46/3002
f 3846/43/3003 3845/46/3003 3837/41/3003
f 3840/31/3003 3837/41/3003 3845/46/3003
f 3844/45/3003 3840/31/3003 3845/46/3003
f 3841/46/3002 3845/46/3002 3835/43/3002
f 3847/42/3004 3834/42/3004 3846/43/3004
f 3846/43/3005 3837/41/3005 3847/42/3005
f 3835/43/3004 3846/43/3004 3834/42/3004
f 3847/42/3006 3837/41/3006 3848/40/3006
f 3847/42/3000 3848/40/3000 3834/42/3000
f 3848/40/2996 3837/41/2996 3836/40/2996
f 3836/40/3000 3834/42/3000 3848/40/3000
f 3849/44/3003 3840/31/3003 3844/45/3003
f 3844/45/3007 3850/47/3007 3849/44/3007
f 3850/47/3000 3844/45/3000 3843/47/3000
f 3850/47/3008 3851/48/3008 3849/44/3008
f 3851/48/3009 3850/47/3009 3852/48/3009
f 3843/47/3004 3852/48/3004 3850/47/3004
f 3852/48/3010 3839/44/3010 3851/48/3010
f 3839/44/3011 3852/48/3011 3843/47/3011
f 3849/44/3010 3851/48/3010 3839/44/3010
f 3849/44/2998 3839/44/2998 3840/31/2998
f 3856/40/3012 3853/41/3012 3854/42/3012
f 3853/41/3013 3855/43/3013 3854/42/3013
f 3853/41/3014 3858/31/3014 3855/43/3014
f 3853/41/3015 3856/40/3015 3857/41/3015
f 3853/41/3016 3857/41/3016 3858/31/3016
f 3859/44/3014 3862/45/3014 3858/31/3014
f 3858/31/3017 3860/31/3017 3859/44/3017
f 3860/31/3016 3858/31/3016 3857/41/3016
f 3861/46/3014 3855/43/3014 3858/31/3014
f 3862/45/3014 3861/46/3014 3858/31/3014
f 3859/44/3018 3863/47/3018 3862/45/3018
f 3862/45/3019 3863/47/3019 3864/45/3019
f 3864/45/3020 3865/46/3020 3862/45/3020
f 3861/46/3020 3862/45/3020 3865/46/3020
f 3866/43/3021 3855/43/3021 3865/46/3021
f 3866/43/3022 3865/46/3022 3857/41/3022
f 3860/31/3022 3857/41/3022 3865/46/3022
f 3864/45/3022 3860/31/3022 3865/46/3022
f 3861/46/3021 3865/46/3021 3855/43/3021
f 3867/42/3023 3854/42/3023 3866/43/3023
f 3866/43/3024 3857/41/3024 3867/42/3024
f 3855/43/3023 3866/43/3023 3854/42/3023
f 3867/42/3025 3857/41/3025 3868/40/3025
f 3867/42/3019 3868/40/3019 3854/42/3019
f 3868/40/3015 3857/41/3015 3856/40/3015
f 3856/40/3019 3854/42/3019 3868/40/3019
f 3869/44/3022 3860/31/3022 3864/45/3022
f 3864/45/3026 3870/47/3026 3869/44/3026
f 3870/47/3019 3864/45/3019 3863/47/3019
f 3870/47/3027 3871/48/3027 3869/44/3027
f 3871/48/3023 3870/47/3023 3872/48/3023
f 3863/47/3023 3872/48/3023 3870/47/3023
f 3872/48/3028 3859/44/3028 3871/48/3028
f 3859/44/3029 3872/48/3029 3863/47/3029
f 3869/44/3028 3871/48/3028 3859/44/3028
f 3869/44/3017 3859/44/3017 3860/31/3017
f 3876/40/3030 3873/41/3030 3874/42/3030
f 3873/41/3031 3875/43/3031 3874/42/3031
f 3873/41/3003 3878/31/3003 3875/43/3003
f 3873/41/3032 3876/40/3032 3877/41/3032
f 3873/41/3033 3877/41/3033 3878/31/3033
f 3879/44/3003 3882/45/3003 3878/31/3003
f 3878/31/3034 3880/31/3034 3879/44/3034
f 3880/31/3033 3878/31/3033 3877/41/3033
f 3881/46/3003 3875/43/3003 3878/31/3003
f 3882/45/3003 3881/46/3003 3878/31/3003
f 3879/44/3035 3883/47/3035 3882/45/3035
f 3882/45/3036 3883/47/3036 3884/45/3036
f 3884/45/3004 3885/46/3004 3882/45/3004
f 3881/46/3004 3882/45/3004 3885/46/3004
f 3886/43/3037 3875/43/3037 3885/46/3037
f 3886/43/2995 3885/46/2995 3877/41/2995
f 3880/31/2995 3877/41/2995 3885/46/2995
f 3884/45/2995 3880/31/2995 3885/46/2995
f 3881/46/3037 3885/46/3037 3875/43/3037
f 3887/42/3001 3874/42/3001 3886/43/3001
f 3886/43/3038 3877/41/3038 3887/42/3038
f 3875/43/3001 3886/43/3001 3874/42/3001
f 3887/42/3039 3877/41/3039 3888/40/3039
f 3887/42/3036 3888/40/3036 3874/42/3036
f 3888/40/3032 3877/41/3032 3876/40/3032
f 3876/40/3036 3874/42/3036 3888/40/3036
f 3889/44/2995 3880/31/2995 3884/45/2995
f 3884/45/3040 3890/47/3040 3889/44/3040
f 3890/47/3036 3884/45/3036 3883/47/3036
f 3890/47/3041 3891/48/3041 3889/44/3041
f 3891/48/3001 3890/47/3001 3892/48/3001
f 3883/47/3001 3892/48/3001 3890/47/3001
f 3892/48/3042 3879/44/3042 3891/48/3042
f 3879/44/3043 3892/48/3043 3883/47/3043
f 3889/44/3042 3891/48/3042 3879/44/3042
f 3889/44/3034 3879/44/3034 3880/31/3034
f 3896/40/3044 3893/41/3044 3894/42/3044
f 3893/41/3045 3895/43/3045 3894/42/3045
f 3893/41/3022 3898/31/3022 3895/43/3022
f 3893/41/3046 3896/40/3046 3897/41/3046
f 3893/41/3047 3897/41/3047 3898/31/3047
f 3899/44/3022 3902/45/3022 3898/31/3022
f 3898/31/3048 3900/31/3048 3899/44/3048
f 3900/31/3047 3898/31/3047 3897/41/3047
f 3901/46/3022 3895/43/3022 3898/31/3022
f 3902/45/3022 3901/46/3022 3898/31/3022
f 3899/44/3049 3903/47/3049 3902/45/3049
f 3902/45/3050 3903/47/3050 3904/45/3050
f 3904/45/3023 3905/46/3023 3902/45/3023
f 3901/46/3023 3902/45/3023 3905/46/3023
f 3906/43/3051 3895/43/3051 3905/46/3051
f 3906/43/3014 3905/46/3014 3897/41/3014
f 3900/31/3014 3897/41/3014 3905/46/3014
f 3904/45/3014 3900/31/3014 3905/46/3014
f 3901/46/3051 3905/46/3051 3895/43/3051
f 3907/42/3020 3894/42/3020 3906/43/3020
f 3906/43/3052 3897/41/3052 3907/42/3052
f 3895/43/3020 3906/43/3020 3894/42/3020
f 3907/42/3053 3897/41/3053 3908/40/3053
f 3907/42/3050 3908/40/3050 3894/42/3050
f 3908/40/3046 3897/41/3046 3896/40/3046
f 3896/40/3050 3894/42/3050 3908/40/3050
f 3909/44/3014 3900/31/3014 3904/45/3014
f 3904/45/3054 3910/47/3054 3909/44/3054
f 3910/47/3050 3904/45/3050 3903/47/3050
f 3910/47/3055 3911/48/3055 3909/44/3055
f 3911/48/3056 3910/47/3056 3912/48/3056
f 3903/47/3020 3912/48/3020 3910/47/3020
f 3912/48/3057 3899/44/3057 3911/48/3057
f 3899/44/3058 3912/48/3058 3903/47/3058
f 3909/44/3057 3911/48/3057 3899/44/3057
f 3909/44/3048 3899/44/3048 3900/31/3048
f 3913/29/3059 3915/29/3059 3914/29/3059
f 3916/29/3059 3914/29/3059 3915/29/3059
f 3917/29/3059 3914/29/3059 3916/29/3059
f 3918/29/3059 3917/29/3059 3916/29/3059
f 3919/29/3059 3917/29/3059 3918/29/3059
f 3920/29/3059 3919/29/3059 3918/29/3059
f 3921/30/3060 3914/29/3060 3922/30/3060
f 3917/29/3060 3922/30/3060 3914/29/3060
f 3923/30/3061 3924/30/3061 3915/29/3061
f 3916/29/3061 3915/29/3061 3924/30/3061
f 3924/30/3062 3925/30/3062 3916/29/3062
f 3918/29/3062 3916/29/3062 3925/30/3062
f 3918/29/3063 3925/30/3063 3920/29/3063
f 3926/30/3063 3920/29/3063 3925/30/3063
f 3927/30/3064 3913/29/3064 3921/30/3064
f 3914/29/3064 3921/30/3064 3913/29/3064
f 3919/29/3065 3920/29/3065 3928/30/3065
f 3926/30/3065 3928/30/3065 3920/29/3065
f 3922/30/3066 3917/29/3066 3928/30/3066
f 3919/29/3066 3928/30/3066 3917/29/3066
f 3927/30/3067 3923/30/3067 3913/29/3067
f 3915/29/3067 3913/29/3067 3923/30/3067
f 3929/31/3068 3924/30/3068 3930/31/3068
f 3923/30/3068 3930/31/3068 3924/30/3068
f 3931/31/3069 3925/30/3069 3929/31/3069
f 3924/30/3069 3929/31/3069 3925/30/3069
f 3927/30/3070 3921/30/3070 3932/31/3070
f 3933/31/3070 3932/31/3070 3921/30/3070
f 3934/31/3071 3922/30/3071 3935/31/3071
f 3928/30/3071 3935/31/3071 3922/30/3071
f 3936/31/3072 3935/31/3072 3926/30/3072
f 3928/30/3072 3926/30/3072 3935/31/3072
f 3925/30/3073 3931/31/3073 3926/30/3073
f 3936/31/3073 3926/30/3073 3931/31/3073
f 3933/31/3074 3921/30/3074 3934/31/3074
f 3922/30/3074 3934/31/3074 3921/30/3074
f 3923/30/3075 3927/30/3075 3930/31/3075
f 3932/31/3075 3930/31/3075 3927/30/3075
f 3932/31/3076 3933/31/3076 3930/31/3076
f 3929/31/3076 3930/31/3076 3933/31/3076
f 3934/31/3076 3929/31/3076 3933/31/3076
f 3935/31/3076 3929/31/3076 3934/31/3076
f 3931/31/3076 3929/31/3076 3935/31/3076
f 3936/31/3076 3931/31/3076 3935/31/3076
f 3940/32/3077 3937/33/3077 3938/34/3077
f 3937/33/3078 3939/35/3078 3938/34/3078
f 3937/33/2930 3942/29/2930 3939/35/2930
f 3937/33/3079 3940/32/3079 3941/33/3079
f 3937/33/3080 3941/33/3080 3942/29/3080
f 3943/36/2930 3946/37/2930 3942/29/2930
f 3942/29/3081 3944/29/3081 3943/36/3081
f 3944/29/3080 3942/29/3080 3941/33/3080
f 3945/38/2930 3939/35/2930 3942/29/2930
f 3946/37/2930 3945/38/2930 3942/29/2930
f 3943/36/3082 3947/31/3082 3946/37/3082
f 3946/37/3083 3947/31/3083 3948/37/3083
f 3948/37/3084 3949/38/3084 3946/37/3084
f 3945/38/3084 3946/37/3084 3949/38/3084
f 3950/35/3085 3939/35/3085 3949/38/3085
f 3950/35/2938 3949/38/2938 3941/33/2938
f 3944/29/2938 3941/33/2938 3949/38/2938
f 3948/37/2938 3944/29/2938 3949/38/2938
f 3945/38/3085 3949/38/3085 3939/35/3085
f 3951/34/3086 3938/34/3086 3950/35/3086
f 3950/35/3087 3941/33/3087 3951/34/3087
f 3939/35/3086 3950/35/3086 3938/34/3086
f 3951/34/3088 3941/33/3088 3952/32/3088
f 3951/34/3083 3952/32/3083 3938/34/3083
f 3952/32/3079 3941/33/3079 3940/32/3079
f 3940/32/3083 3938/34/3083 3952/32/3083
f 3953/36/2938 3944/29/2938 3948/37/2938
f 3948/37/3089 3954/31/3089 3953/36/3089
f 3954/31/3083 3948/37/3083 3947/31/3083
f 3954/31/3090 3955/39/3090 3953/36/3090
f 3955/39/3086 3954/31/3086 3956/39/3086
f 3947/31/3086 3956/39/3086 3954/31/3086
f 3956/39/3091 3943/36/3091 3955/39/3091
f 3943/36/3092 3956/39/3092 3947/31/3092
f 3953/36/3091 3955/39/3091 3943/36/3091
f 3953/36/3081 3943/36/3081 3944/29/3081
f 3960/32/3093 3957/33/3093 3958/34/3093
f 3957/33/3094 3959/35/3094 3958/34/3094
f 3957/33/3095 3962/29/3095 3959/35/3095
f 3957/33/3096 3960/32/3096 3961/33/3096
f 3957/33/3097 3961/33/3097 3962/29/3097
f 3963/36/3095 3966/37/3095 3962/29/3095
f 3962/29/3098 3964/29/3098 3963/36/3098
f 3964/29/3097 3962/29/3097 3961/33/3097
f 3965/38/3095 3959/35/3095 3962/29/3095
f 3966/37/3095 3965/38/3095 3962/29/3095
f 3963/36/3099 3967/31/3099 3966/37/3099
f 3966/37/3100 3967/31/3100 3968/37/3100
f 3968/37/3101 3969/38/3101 3966/37/3101
f 3965/38/3101 3966/37/3101 3969/38/3101
f 3970/35/3102 3959/35/3102 3969/38/3102
f 3970/35/3103 3969/38/3103 3961/33/3103
f 3964/29/3103 3961/33/3103 3969/38/3103
f 3968/37/3103 3964/29/3103 3969/38/3103
f 3965/38/3102 3969/38/3102 3959/35/3102
f 3971/34/3104 3958/34/3104 3970/35/3104
f 3970/35/3105 3961/33/3105 3971/34/3105
f 3959/35/3104 3970/35/3104 3958/34/3104
f 3971/34/3106 3961/33/3106 3972/32/3106
f 3971/34/3100 3972/32/3100 3958/34/3100
f 3972/32/3096 3961/33/3096 3960/32/3096
f 3960/32/3100 3958/34/3100 3972/32/3100
f 3973/36/3103 3964/29/3103 3968/37/3103
f 3968/37/3107 3974/31/3107 3973/36/3107
f 3974/31/3100 3968/37/3100 3967/31/3100
f 3974/31/3108 3975/39/3108 3973/36/3108
f 3975/39/3104 3974/31/3104 3976/39/3104
f 3967/31/3104 3976/39/3104 3974/31/3104
f 3976/39/3109 3963/36/3109 3975/39/3109
f 3963/36/3110 3976/39/3110 3967/31/3110
f 3973/36/3109 3975/39/3109 3963/36/3109
f 3973/36/3098 3963/36/3098 3964/29/3098
f 3980/32/3111 3977/33/3111 3978/34/3111
f 3977/33/3112 3979/35/3112 3978/34/3112
f 3977/33/2938 3982/29/2938 3979/35/2938
f 3977/33/3113 3980/32/3113 3981/33/3113
f 3977/33/3114 3981/33/3114 3982/29/3114
f 3983/36/2938 3986/37/2938 3982/29/2938
f 3982/29/3115 3984/29/3115 3983/36/3115
f 3984/29/3114 3982/29/3114 3981/33/3114
f 3985/38/2938 3979/35/2938 3982/29/2938
f 3986/37/2938 3985/38/2938 3982/29/2938
f 3983/36/3116 3987/31/3116 3986/37/3116
f 3986/37/3117 3987/31/3117 3988/37/3117
f 3988/37/3086 3989/38/3086 3986/37/3086
f 3985/38/3086 3986/37/3086 3989/38/3086
f 3990/35/3118 3979/35/3118 3989/38/3118
f 3990/35/2930 3989/38/2930 3981/33/2930
f 3984/29/2930 3981/33/2930 3989/38/2930
f 3988/37/2930 3984/29/2930 3989/38/2930
f 3985/38/3118 3989/38/3118 3979/35/3118
f 3991/34/3119 3978/34/3119 3990/35/3119
f 3990/35/3120 3981/33/3120 3991/34/3120
f 3979/35/3119 3990/35/3119 3978/34/3119
f 3991/34/3121 3981/33/3121 3992/32/3121
f 3991/34/3122 3992/32/3122 3978/34/3122
f 3992/32/3113 3981/33/3113 3980/32/3113
f 3980/32/3117 3978/34/3117 3992/32/3117
f 3993/36/2930 3984/29/2930 3988/37/2930
f 3988/37/3123 3994/31/3123 3993/36/3123
f 3994/31/3122 3988/37/3122 3987/31/3122
f 3994/31/3124 3995/39/3124 3993/36/3124
f 3995/39/3119 3994/31/3119 3996/39/3119
f 3987/31/3119 3996/39/3119 3994/31/3119
f 3996/39/3125 3983/36/3125 3995/39/3125
f 3983/36/3126 3996/39/3126 3987/31/3126
f 3993/36/3125 3995/39/3125 3983/36/3125
f 3993/36/3115 3983/36/3115 3984/29/3115
f 4000/32/3127 3997/33/3127 3998/34/3127
f 3997/33/3128 3999/35/3128 3998/34/3128
f 3997/33/3103 4002/29/3103 3999/35/3103
f 3997/33/3129 4000/32/3129 4001/33/3129
f 3997/33/3130 4001/33/3130 4002/29/3130
f 4003/36/3103 4006/37/3103 4002/29/3103
f 4002/29/3131 4004/29/3131 4003/36/3131
f 4004/29/3130 4002/29/3130 4001/33/3130
f 4005/38/3103 3999/35/3103 4002/29/3103
f 4006/37/3103 4005/38/3103 4002/29/3103
f 4003/36/3132 4007/31/3132 4006/37/3132
f 4006/37/3133 4007/31/3133 4008/37/3133
f 4008/37/3104 4009/38/3104 4006/37/3104
f 4005/38/3104 4006/37/3104 4009/38/3104
f 4010/35/3134 3999/35/3134 4009/38/3134
f 4010/35/3095 4009/38/3095 4001/33/3095
f 4004/29/3095 4001/33/3095 4009/38/3095
f 4008/37/3095 4004/29/3095 4009/38/3095
f 4005/38/3134 4009/38/3134 3999/35/3134
f 4011/34/3101 3998/34/3101 4010/35/3101
f 4010/35/3135 4001/33/3135 4011/34/3135
f 3999/35/3101 4010/35/3101 3998/34/3101
f 4011/34/3136 4001/33/3136 4012/32/3136
f 4011/34/3133 4012/32/3133 3998/34/3133
f 4012/32/3129 4001/33/3129 4000/32/3129
f 4000/32/3133 3998/34/3133 4012/32/3133
f 4013/36/3095 4004/29/3095 4008/37/3095
f 4008/37/3137 4014/31/3137 4013/36/3137
f 4014/31/3133 4008/37/3133 4007/31/3133
f 4014/31/3138 4015/39/3138 4013/36/3138
f 4015/39/3101 4014/31/3101 4016/39/3101
f 4007/31/3101 4016/39/3101 4014/31/3101
f 4016/39/3139 4003/36/3139 4015/39/3139
f 4003/36/3140 4016/39/3140 4007/31/3140
f 4013/36/3139 4015/39/3139 4003/36/3139
f 4013/36/3131 4003/36/3131 4004/29/3131
f 4020/40/3141 4017/41/3141 4018/42/3141
f 4017/41/3142 4019/43/3142 4018/42/3142
f 4017/41/3143 4022/31/3143 4019/43/3143
f 4017/41/3144 4020/40/3144 4021/41/3144
f 4017/41/3145 4021/41/3145 4022/31/3145
f 4023/44/3143 4026/45/3143 4022/31/3143
f 4022/31/3146 4024/31/3146 4023/44/3146
f 4024/31/3145 4022/31/3145 4021/41/3145
f 4025/46/3143 4019/43/3143 4022/31/3143
f 4026/45/3143 4025/46/3143 4022/31/3143
f 4023/44/3147 4027/47/3147 4026/45/3147
f 4026/45/3148 4027/47/3148 4028/45/3148
f 4028/45/3149 4029/46/3149 4026/45/3149
f 4025/46/3149 4026/45/3149 4029/46/3149
f 4030/43/3150 4019/43/3150 4029/46/3150
f 4030/43/3151 4029/46/3151 4021/41/3151
f 4024/31/3151 4021/41/3151 4029/46/3151
f 4028/45/3151 4024/31/3151 4029/46/3151
f 4025/46/3150 4029/46/3150 4019/43/3150
f 4031/42/3152 4018/42/3152 4030/43/3152
f 4030/43/3153 4021/41/3153 4031/42/3153
f 4019/43/3152 4030/43/3152 4018/42/3152
f 4031/42/3154 4021/41/3154 4032/40/3154
f 4031/42/3148 4032/40/3148 4018/42/3148
f 4032/40/3144 4021/41/3144 4020/40/3144
f 4020/40/3148 4018/42/3148 4032/40/3148
f 4033/44/3151 4024/31/3151 4028/45/3151
f 4028/45/3155 4034/47/3155 4033/44/3155
f 4034/47/3148 4028/45/3148 4027/47/3148
f 4034/47/3156 4035/48/3156 4033/44/3156
f 4035/48/3157 4034/47/3157 4036/48/3157
f 4027/47/3152 4036/48/3152 4034/47/3152
f 4036/48/3158 4023/44/3158 4035/48/3158
f 4023/44/3159 4036/48/3159 4027/47/3159
f 4033/44/3158 4035/48/3158 4023/44/3158
f 4033/44/3146 4023/44/3146 4024/31/3146
f 4040/40/3160 4037/41/3160 4038/42/3160
f 4037/41/3161 4039/43/3161 4038/42/3161
f 4037/41/3162 4042/31/3162 4039/43/3162
f 4037/41/3163 4040/40/3163 4041/41/3163
f 4037/41/3164 4041/41/3164 4042/31/3164
f 4043/44/3162 4046/45/3162 4042/31/3162
f 4042/31/3165 4044/31/3165 4043/44/3165
f 4044/31/3164 4042/31/3164 4041/41/3164
f 4045/46/3162 4039/43/3162 4042/31/3162
f 4046/45/3162 4045/46/3162 4042/31/3162
f 4043/44/3166 4047/47/3166 4046/45/3166
f 4046/45/3167 4047/47/3167 4048/45/3167
f 4048/45/3168 4049/46/3168 4046/45/3168
f 4045/46/3168 4046/45/3168 4049/46/3168
f 4050/43/3169 4039/43/3169 4049/46/3169
f 4050/43/3170 4049/46/3170 4041/41/3170
f 4044/31/3170 4041/41/3170 4049/46/3170
f 4048/45/3170 4044/31/3170 4049/46/3170
f 4045/46/3169 4049/46/3169 4039/43/3169
f 4051/42/3171 4038/42/3171 4050/43/3171
f 4050/43/3172 4041/41/3172 4051/42/3172
f 4039/43/3173 4050/43/3173 4038/42/3173
f 4051/42/3174 4041/41/3174 4052/40/3174
f 4051/42/3167 4052/40/3167 4038/42/3167
f 4052/40/3163 4041/41/3163 4040/40/3163
f 4040/40/3167 4038/42/3167 4052/40/3167
f 4053/44/3170 4044/31/3170 4048/45/3170
f 4048/45/3175 4054/47/3175 4053/44/3175
f 4054/47/3167 4048/45/3167 4047/47/3167
f 4054/47/3176 4055/48/3176 4053/44/3176
f 4055/48/3173 4054/47/3173 4056/48/3173
f 4047/47/3173 4056/48/3173 4054/47/3173
f 4056/48/3177 4043/44/3177 4055/48/3177
f 4043/44/3178 4056/48/3178 4047/47/3178
f 4053/44/3177 4055/48/3177 4043/44/3177
f 4053/44/3165 4043/44/3165 4044/31/3165
f 4060/40/3179 4057/41/3179 4058/42/3179
f 4057/41/3180 4059/43/3180 4058/42/3180
f 4057/41/3151 4062/31/3151 4059/43/3151
f 4057/41/3181 4060/40/3181 4061/41/3181
f 4057/41/3182 4061/41/3182 4062/31/3182
f 4063/44/3151 4066/45/3151 4062/31/3151
f 4062/31/3183 4064/31/3183 4063/44/3183
f 4064/31/3182 4062/31/3182 4061/41/3182
f 4065/46/3151 4059/43/3151 4062/31/3151
f 4066/45/3151 4065/46/3151 4062/31/3151
f 4063/44/3184 4067/47/3184 4066/45/3184
f 4066/45/3185 4067/47/3185 4068/45/3185
f 4068/45/3152 4069/46/3152 4066/45/3152
f 4065/46/3152 4066/45/3152 4069/46/3152
f 4070/43/3186 4059/43/3186 4069/46/3186
f 4070/43/3143 4069/46/3143 4061/41/3143
f 4064/31/3143 4061/41/3143 4069/46/3143
f 4068/45/3143 4064/31/3143 4069/46/3143
f 4065/46/3186 4069/46/3186 4059/43/3186
f 4071/42/3149 4058/42/3149 4070/43/3149
f 4070/43/3187 4061/41/3187 4071/42/3187
f 4059/43/3149 4070/43/3149 4058/42/3149
f 4071/42/3188 4061/41/3188 4072/40/3188
f 4071/42/3185 4072/40/3185 4058/42/3185
f 4072/40/3181 4061/41/3181 4060/40/3181
f 4060/40/3185 4058/42/3185 4072/40/3185
f 4073/44/3143 4064/31/3143 4068/45/3143
f 4068/45/3189 4074/47/3189 4073/44/3189
f 4074/47/3185 4068/45/3185 4067/47/3185
f 4074/47/3190 4075/48/3190 4073/44/3190
f 4075/48/3149 4074/47/3149 4076/48/3149
f 4067/47/3191 4076/48/3191 4074/47/3191
f 4076/48/3192 4063/44/3192 4075/48/3192
f 4063/44/3193 4076/48/3193 4067/47/3193
f 4073/44/3192 4075/48/3192 4063/44/3192
f 4073/44/3183 4063/44/3183 4064/31/3183
f 4080/40/3194 4077/41/3194 4078/42/3194
f 4077/41/3195 4079/43/3195 4078/42/3195
f 4077/41/3170 4082/31/3170 4079/43/3170
f 4077/41/3196 4080/40/3196 4081/41/3196
f 4077/41/3197 4081/41/3197 4082/31/3197
f 4083/44/3170 4086/45/3170 4082/31/3170
f 4082/31/3198 4084/31/3198 4083/44/3198
f 4084/31/3197 4082/31/3197 4081/41/3197
f 4085/46/3170 4079/43/3170 4082/31/3170
f 4086/45/3170 4085/46/3170 4082/31/3170
f 4083/44/3199 4087/47/3199 4086/45/3199
f 4086/45/3200 4087/47/3200 4088/45/3200
f 4088/45/3173 4089/46/3173 4086/45/3173
f 4085/46/3173 4086/45/3173 4089/46/3173
f 4090/43/3201 4079/43/3201 4089/46/3201
f 4090/43/3162 4089/46/3162 4081/41/3162
f 4084/31/3162 4081/41/3162 4089/46/3162
f 4088/45/3162 4084/31/3162 4089/46/3162
f 4085/46/3201 4089/46/3201 4079/43/3201
f 4091/42/3202 4078/42/3202 4090/43/3202
f 4090/43/3203 4081/41/3203 4091/42/3203
f 4079/43/3168 4090/43/3168 4078/42/3168
f 4091/42/3204 4081/41/3204 4092/40/3204
f 4091/42/3200 4092/40/3200 4078/42/3200
f 4092/40/3196 4081/41/3196 4080/40/3196
f 4080/40/3200 4078/42/3200 4092/40/3200
f 4093/44/3162 4084/31/3162 4088/45/3162
f 4088/45/3205 4094/47/3205 4093/44/3205
f 4094/47/3200 4088/45/3200 4087/47/3200
f 4094/47/3206 4095/48/3206 4093/44/3206
f 4095/48/3202 4094/47/3202 4096/48/3202
f 4087/47/3168 4096/48/3168 4094/47/3168
f 4096/48/3207 4083/44/3207 4095/48/3207
f 4083/44/3208 4096/48/3208 4087/47/3208
f 4093/44/3207 4095/48/3207 4083/44/3207
f 4093/44/3198 4083/44/3198 4084/31/3198
